run_at_utc,score,n,win_rate_pct,mean_return_pct,median_return_pct
2026-09-23T16:06:23.934107+00:00,1,4535,24.0,0.79,0.36
2026-09-23T16:06:23.934107+00:00,2,416,18.0,0.5,0.11
2026-09-23T16:06:23.934107+00:00,3,14,28.6,0.25,-0.33
2026-09-23T16:15:19.889938+00:00,1,4535,24.0,0.79,0.36
2026-09-23T16:15:19.889938+00:00,2,416,18.0,0.5,0.11
2026-09-23T16:15:19.889938+00:00,3,14,28.6,0.25,-0.33
2026-09-23T16:40:12.883413+00:00,1,4535,24.0,0.79,0.36
2026-09-23T16:40:12.883413+00:00,2,416,18.0,0.5,0.11
2026-09-23T16:40:12.883413+00:00,3,14,28.6,0.25,-0.33
2026-09-23T17:07:01.533122+00:00,1,4532,24.0,0.78,0.36
2026-09-23T17:07:01.533122+00:00,2,414,18.4,0.5,0.09
2026-09-23T17:07:01.533122+00:00,3,14,28.6,0.25,-0.33
2026-09-23T17:37:36.244019+00:00,1,4532,24.0,0.78,0.36
2026-09-23T17:37:36.244019+00:00,2,414,18.4,0.5,0.09
2026-09-23T17:37:36.244019+00:00,3,14,28.6,0.25,-0.33
2026-09-23T18:09:14.599100+00:00,1,4528,24.0,0.78,0.36
2026-09-23T18:09:14.599100+00:00,2,414,18.6,0.51,0.09
2026-09-23T18:09:14.599100+00:00,3,14,28.6,0.25,-0.33
2026-09-23T18:40:33.681545+00:00,1,4528,24.0,0.77,0.36
2026-09-23T18:40:33.681545+00:00,2,414,18.4,0.5,0.09
2026-09-23T18:40:33.681545+00:00,3,14,28.6,0.25,-0.33
2026-09-23T19:06:20.771277+00:00,1,4524,24.0,0.76,0.36
2026-09-23T19:06:20.771277+00:00,2,415,18.3,0.49,0.09
2026-09-23T19:06:20.771277+00:00,3,14,28.6,0.25,-0.33
2026-09-23T19:38:29.857576+00:00,1,4524,24.0,0.77,0.36
2026-09-23T19:38:29.857576+00:00,2,415,18.3,0.49,0.09
2026-09-23T19:38:29.857576+00:00,3,14,28.6,0.25,-0.33
2026-09-23T20:07:40.427900+00:00,1,4527,23.9,0.75,0.35
2026-09-23T20:07:40.427900+00:00,2,415,18.3,0.48,0.09
2026-09-23T20:07:40.427900+00:00,3,14,28.6,0.25,-0.33
2026-09-23T20:37:51.638159+00:00,1,4527,23.9,0.75,0.35
2026-09-23T20:37:51.638159+00:00,2,415,18.3,0.48,0.09
2026-09-23T20:37:51.638159+00:00,3,14,28.6,0.25,-0.33
2026-09-23T21:07:19.483793+00:00,1,4531,23.9,0.74,0.35
2026-09-23T21:07:19.483793+00:00,2,411,18.5,0.48,0.06
2026-09-23T21:07:19.483793+00:00,3,14,28.6,0.25,-0.33
2026-09-23T21:37:31.416093+00:00,1,4531,23.9,0.74,0.35
2026-09-23T21:37:31.416093+00:00,2,411,18.5,0.48,0.06
2026-09-23T21:37:31.416093+00:00,3,14,28.6,0.25,-0.33
2026-09-23T22:07:14.606784+00:00,1,4531,23.9,0.72,0.34
2026-09-23T22:07:14.606784+00:00,2,409,18.6,0.49,0.06
2026-09-23T22:07:14.606784+00:00,3,14,28.6,0.25,-0.33
2026-09-23T22:36:51.667264+00:00,1,4531,23.9,0.72,0.34
2026-09-23T22:36:51.667264+00:00,2,409,18.6,0.49,0.06
2026-09-23T22:36:51.667264+00:00,3,14,28.6,0.25,-0.33
2026-09-23T23:05:55.484024+00:00,1,4526,23.9,0.71,0.33
2026-09-23T23:05:55.484024+00:00,2,408,18.6,0.49,0.06
2026-09-23T23:05:55.484024+00:00,3,14,28.6,0.25,-0.33
2026-09-23T23:35:13.116175+00:00,1,4526,23.9,0.71,0.33
2026-09-23T23:35:13.116175+00:00,2,408,18.6,0.49,0.06
2026-09-23T23:35:13.116175+00:00,3,14,28.6,0.25,-0.33
2026-09-24T00:08:41.335326+00:00,1,4523,23.9,0.71,0.33
2026-09-24T00:08:41.335326+00:00,2,407,18.4,0.45,0.0
2026-09-24T00:08:41.335326+00:00,3,14,28.6,0.25,-0.33
2026-09-24T00:43:04.999692+00:00,1,4523,23.9,0.71,0.33
2026-09-24T00:43:04.999692+00:00,2,407,18.4,0.45,0.0
2026-09-24T00:43:04.999692+00:00,3,14,28.6,0.25,-0.33
2026-09-24T01:07:05.706268+00:00,1,4511,24.0,0.7,0.33
2026-09-24T01:07:05.706268+00:00,2,408,18.4,0.44,-0.02
2026-09-24T01:07:05.706268+00:00,3,14,28.6,0.25,-0.33
2026-09-24T01:37:43.127664+00:00,1,4511,24.0,0.71,0.33
2026-09-24T01:37:43.127664+00:00,2,408,18.4,0.44,-0.02
2026-09-24T01:37:43.127664+00:00,3,14,28.6,0.25,-0.33
2026-09-24T02:06:49.744812+00:00,1,4510,23.9,0.69,0.31
2026-09-24T02:06:49.744812+00:00,2,401,18.7,0.46,-0.06
2026-09-24T02:06:49.744812+00:00,3,14,28.6,0.25,-0.33
2026-09-24T02:39:03.554602+00:00,1,4510,23.9,0.69,0.31
2026-09-24T02:39:03.554602+00:00,2,401,18.7,0.46,-0.06
2026-09-24T02:39:03.554602+00:00,3,14,28.6,0.25,-0.33
2026-09-24T03:06:52.064501+00:00,1,4503,23.8,0.68,0.3
2026-09-24T03:06:52.064501+00:00,2,399,18.8,0.45,-0.06
2026-09-24T03:06:52.064501+00:00,3,14,28.6,0.25,-0.33
2026-09-24T03:39:33.800794+00:00,1,4503,23.8,0.68,0.3
2026-09-24T03:39:33.800794+00:00,2,399,18.8,0.45,-0.06
2026-09-24T03:39:33.800794+00:00,3,14,28.6,0.25,-0.33
2026-09-24T04:06:40.830725+00:00,1,4497,23.7,0.67,0.29
2026-09-24T04:06:40.830725+00:00,2,396,18.9,0.44,-0.08
2026-09-24T04:06:40.830725+00:00,3,14,28.6,0.25,-0.33
2026-09-24T04:39:32.387083+00:00,1,4497,23.7,0.67,0.29
2026-09-24T04:39:32.387083+00:00,2,396,18.9,0.44,-0.08
2026-09-24T04:39:32.387083+00:00,3,14,28.6,0.25,-0.33
2026-09-24T05:06:17.308734+00:00,1,4489,23.7,0.66,0.29
2026-09-24T05:06:17.308734+00:00,2,392,19.1,0.43,-0.1
2026-09-24T05:06:17.308734+00:00,3,14,28.6,0.25,-0.33
2026-09-24T05:38:19.116544+00:00,1,4489,23.7,0.66,0.29
2026-09-24T05:38:19.116544+00:00,2,392,19.1,0.43,-0.1
2026-09-24T05:38:19.116544+00:00,3,14,28.6,0.25,-0.33
2026-09-24T06:09:01.528061+00:00,1,4482,23.6,0.65,0.29
2026-09-24T06:09:01.528061+00:00,2,386,19.4,0.42,-0.17
2026-09-24T06:09:01.528061+00:00,3,14,28.6,0.25,-0.33
2026-09-24T06:42:54.395943+00:00,1,4482,23.6,0.66,0.29
2026-09-24T06:42:54.395943+00:00,2,386,19.4,0.42,-0.17
2026-09-24T06:42:54.395943+00:00,3,14,28.6,0.25,-0.33
2026-09-24T07:08:00.369600+00:00,1,4477,23.6,0.65,0.29
2026-09-24T07:08:00.369600+00:00,2,384,19.5,0.4,-0.18
2026-09-24T07:08:00.369600+00:00,3,14,28.6,0.25,-0.33
2026-09-24T07:39:01.360137+00:00,1,4477,23.6,0.65,0.29
2026-09-24T07:39:01.360137+00:00,2,384,19.5,0.4,-0.18
2026-09-24T07:39:01.360137+00:00,3,14,28.6,0.25,-0.33
2026-09-24T08:07:22.722329+00:00,1,4468,23.5,0.64,0.27
2026-09-24T08:07:22.722329+00:00,2,386,19.4,0.41,-0.18
2026-09-24T08:07:22.722329+00:00,3,14,28.6,0.25,-0.33
2026-09-24T08:40:20.797131+00:00,1,4468,23.5,0.64,0.27
2026-09-24T08:40:20.797131+00:00,2,386,19.4,0.41,-0.18
2026-09-24T08:40:20.797131+00:00,3,14,28.6,0.25,-0.33
2026-09-24T09:07:20.563405+00:00,1,4454,23.4,0.62,0.25
2026-09-24T09:07:20.563405+00:00,2,387,19.4,0.36,-0.19
2026-09-24T09:07:20.563405+00:00,3,14,28.6,0.25,-0.33
2026-09-24T09:39:20.523973+00:00,1,4454,23.4,0.62,0.25
2026-09-24T09:39:20.523973+00:00,2,387,19.4,0.36,-0.19
2026-09-24T09:39:20.523973+00:00,3,14,28.6,0.25,-0.33
2026-09-24T10:07:00.864583+00:00,1,4446,23.3,0.61,0.24
2026-09-24T10:07:00.864583+00:00,2,385,19.5,0.36,-0.19
2026-09-24T10:07:00.864583+00:00,3,14,28.6,0.25,-0.33
2026-09-24T10:39:27.345280+00:00,1,4446,23.3,0.61,0.24
2026-09-24T10:39:27.345280+00:00,2,385,19.5,0.36,-0.19
2026-09-24T10:39:27.345280+00:00,3,14,28.6,0.25,-0.33
2026-09-24T11:07:02.074166+00:00,1,4437,23.3,0.6,0.24
2026-09-24T11:07:02.074166+00:00,2,382,19.6,0.36,-0.2
2026-09-24T11:07:02.074166+00:00,3,14,28.6,0.25,-0.33
2026-09-24T11:39:08.646153+00:00,1,4437,23.3,0.6,0.24
2026-09-24T11:39:08.646153+00:00,2,382,19.6,0.36,-0.2
2026-09-24T11:39:08.646153+00:00,3,14,28.6,0.25,-0.33
2026-09-24T12:08:47.774317+00:00,1,4393,23.2,0.57,0.2
2026-09-24T12:08:47.774317+00:00,2,381,19.7,0.36,-0.19
2026-09-24T12:08:47.774317+00:00,3,14,28.6,0.25,-0.33
2026-09-24T12:43:37.812746+00:00,1,4393,23.2,0.57,0.2
2026-09-24T12:43:37.812746+00:00,2,381,19.7,0.36,-0.19
2026-09-24T12:43:37.812746+00:00,3,14,28.6,0.25,-0.33
2026-09-24T13:08:12.672734+00:00,1,4377,23.2,0.57,0.19
2026-09-24T13:08:12.672734+00:00,2,378,19.8,0.36,-0.2
2026-09-24T13:08:12.672734+00:00,3,14,28.6,0.25,-0.33
2026-09-24T13:40:32.228304+00:00,1,4377,23.2,0.57,0.19
2026-09-24T13:40:32.228304+00:00,2,378,19.8,0.36,-0.2
2026-09-24T13:40:32.228304+00:00,3,14,28.6,0.25,-0.33
2026-09-24T14:07:30.188201+00:00,1,4387,23.2,0.58,0.19
2026-09-24T14:07:30.188201+00:00,2,377,19.6,0.35,-0.2
2026-09-24T14:07:30.188201+00:00,3,14,28.6,0.25,-0.33
2026-09-24T14:41:14.466374+00:00,1,4387,23.3,0.59,0.2
2026-09-24T14:41:14.466374+00:00,2,377,19.6,0.35,-0.2
2026-09-24T14:41:14.466374+00:00,3,14,28.6,0.25,-0.33
2026-09-24T15:07:52.654337+00:00,1,4375,23.3,0.58,0.19
2026-09-24T15:07:52.654337+00:00,2,375,19.5,0.36,-0.2
2026-09-24T15:07:52.654337+00:00,3,14,28.6,0.25,-0.33
2026-09-24T15:39:56.134099+00:00,1,4375,23.3,0.58,0.19
2026-09-24T15:39:56.134099+00:00,2,375,19.5,0.36,-0.2
2026-09-24T15:39:56.134099+00:00,3,14,28.6,0.25,-0.33
2026-09-24T16:07:35.757921+00:00,1,4362,23.3,0.58,0.19
2026-09-24T16:07:35.757921+00:00,2,373,19.6,0.36,-0.21
2026-09-24T16:07:35.757921+00:00,3,14,28.6,0.25,-0.33
2026-09-24T16:39:30.574464+00:00,1,4362,23.3,0.58,0.19
2026-09-24T16:39:30.574464+00:00,2,373,19.6,0.36,-0.21
2026-09-24T16:39:30.574464+00:00,3,14,28.6,0.25,-0.33
2026-09-24T17:06:37.354555+00:00,1,4352,23.2,0.58,0.18
2026-09-24T17:06:37.354555+00:00,2,371,19.7,0.35,-0.21
2026-09-24T17:06:37.354555+00:00,3,14,28.6,0.25,-0.33
2026-09-24T17:37:24.880330+00:00,1,4352,23.2,0.58,0.17
2026-09-24T17:37:24.880330+00:00,2,371,19.7,0.35,-0.21
2026-09-24T17:37:24.880330+00:00,3,14,28.6,0.25,-0.33
2026-09-24T18:08:17.081135+00:00,1,4335,23.2,0.57,0.16
2026-09-24T18:08:17.081135+00:00,2,369,19.8,0.36,-0.21
2026-09-24T18:08:17.081135+00:00,3,14,28.6,0.25,-0.33
2026-09-24T18:41:03.124625+00:00,1,4335,23.2,0.57,0.17
2026-09-24T18:41:03.124625+00:00,2,369,19.8,0.36,-0.21
2026-09-24T18:41:03.124625+00:00,3,14,28.6,0.25,-0.33
2026-09-24T19:06:45.864909+00:00,1,4330,23.3,0.59,0.16
2026-09-24T19:06:45.864909+00:00,2,368,19.8,0.36,-0.21
2026-09-24T19:06:45.864909+00:00,3,14,28.6,0.25,-0.33
2026-09-24T19:36:31.551148+00:00,1,4330,23.3,0.59,0.16
2026-09-24T19:36:31.551148+00:00,2,368,19.8,0.36,-0.21
2026-09-24T19:36:31.551148+00:00,3,14,28.6,0.25,-0.33
2026-09-24T20:07:56.241839+00:00,1,4307,23.2,0.57,0.15
2026-09-24T20:07:56.241839+00:00,2,367,19.6,0.35,-0.21
2026-09-24T20:07:56.241839+00:00,3,14,28.6,0.25,-0.33
2026-09-24T20:39:50.043381+00:00,1,4307,23.2,0.57,0.15
2026-09-24T20:39:50.043381+00:00,2,367,19.6,0.35,-0.21
2026-09-24T20:39:50.043381+00:00,3,14,28.6,0.25,-0.33
2026-09-24T21:07:04.038130+00:00,1,4302,23.3,0.58,0.14
2026-09-24T21:07:04.038130+00:00,2,367,19.6,0.35,-0.21
2026-09-24T21:07:04.038130+00:00,3,14,28.6,0.25,-0.33
2026-09-24T21:37:01.130899+00:00,1,4302,23.3,0.59,0.14
2026-09-24T21:37:01.130899+00:00,2,367,19.6,0.35,-0.21
2026-09-24T21:37:01.130899+00:00,3,14,28.6,0.25,-0.33
2026-09-24T22:07:13.971764+00:00,1,4306,23.5,0.6,0.16
2026-09-24T22:07:13.971764+00:00,2,366,19.7,0.35,-0.22
2026-09-24T22:07:13.971764+00:00,3,14,28.6,0.25,-0.33
2026-09-24T22:37:08.129790+00:00,1,4306,23.5,0.6,0.16
2026-09-24T22:37:08.129790+00:00,2,366,19.7,0.35,-0.22
2026-09-24T22:37:08.129790+00:00,3,14,28.6,0.25,-0.33
2026-09-24T23:06:44.063099+00:00,1,4309,23.7,0.62,0.16
2026-09-24T23:06:44.063099+00:00,2,366,19.7,0.35,-0.22
2026-09-24T23:06:44.063099+00:00,3,14,28.6,0.25,-0.33
2026-09-24T23:36:54.407374+00:00,1,4309,23.7,0.62,0.16
2026-09-24T23:36:54.407374+00:00,2,366,19.7,0.35,-0.22
2026-09-24T23:36:54.407374+00:00,3,14,28.6,0.25,-0.33
2026-09-25T00:09:42.142847+00:00,1,4306,23.8,0.62,0.15
2026-09-25T00:09:42.142847+00:00,2,364,19.8,0.36,-0.22
2026-09-25T00:09:42.142847+00:00,3,14,28.6,0.25,-0.33
2026-09-25T00:43:03.577174+00:00,1,4306,23.8,0.62,0.15
2026-09-25T00:43:03.577174+00:00,2,364,19.8,0.36,-0.22
2026-09-25T00:43:03.577174+00:00,3,14,28.6,0.25,-0.33
2026-09-25T01:06:53.214407+00:00,1,4323,24.0,0.64,0.18
2026-09-25T01:06:53.214407+00:00,2,363,19.8,0.35,-0.23
2026-09-25T01:06:53.214407+00:00,3,14,28.6,0.25,-0.33
2026-09-25T01:36:21.288477+00:00,1,4323,24.0,0.64,0.17
2026-09-25T01:36:21.288477+00:00,2,363,19.8,0.35,-0.23
2026-09-25T01:36:21.288477+00:00,3,14,28.6,0.25,-0.33
2026-09-25T02:06:39.718168+00:00,1,4329,24.2,0.66,0.18
2026-09-25T02:06:39.718168+00:00,2,361,19.9,0.36,-0.23
2026-09-25T02:06:39.718168+00:00,3,14,28.6,0.25,-0.33
2026-09-25T02:38:09.868162+00:00,1,4329,24.1,0.65,0.18
2026-09-25T02:38:09.868162+00:00,2,361,19.9,0.36,-0.23
2026-09-25T02:38:09.868162+00:00,3,14,28.6,0.25,-0.33
2026-09-25T03:07:08.902892+00:00,1,4339,24.1,0.66,0.18
2026-09-25T03:07:08.902892+00:00,2,361,20.2,0.38,-0.23
2026-09-25T03:07:08.902892+00:00,3,14,28.6,0.25,-0.33
2026-09-25T03:39:11.856678+00:00,1,4339,24.0,0.66,0.18
2026-09-25T03:39:11.856678+00:00,2,361,20.2,0.38,-0.23
2026-09-25T03:39:11.856678+00:00,3,14,28.6,0.25,-0.33
2026-09-25T04:06:44.576813+00:00,1,4348,23.8,0.65,0.18
2026-09-25T04:06:44.576813+00:00,2,359,20.3,0.38,-0.23
2026-09-25T04:06:44.576813+00:00,3,14,28.6,0.25,-0.33
2026-09-25T04:40:43.940131+00:00,1,4348,23.9,0.66,0.18
2026-09-25T04:40:43.940131+00:00,2,359,20.3,0.38,-0.23
2026-09-25T04:40:43.940131+00:00,3,14,28.6,0.25,-0.33
2026-09-25T05:06:23.053443+00:00,1,4362,23.9,0.65,0.18
2026-09-25T05:06:23.053443+00:00,2,357,20.4,0.4,-0.21
2026-09-25T05:06:23.053443+00:00,3,14,28.6,0.25,-0.33
2026-09-25T05:39:18.960315+00:00,1,4362,23.9,0.65,0.18
2026-09-25T05:39:18.960315+00:00,2,357,20.4,0.4,-0.21
2026-09-25T05:39:18.960315+00:00,3,14,28.6,0.25,-0.33
2026-09-25T06:08:39.421122+00:00,1,4370,23.9,0.66,0.18
2026-09-25T06:08:39.421122+00:00,2,355,20.3,0.4,-0.21
2026-09-25T06:08:39.421122+00:00,3,14,28.6,0.25,-0.33
2026-09-25T06:43:45.749145+00:00,1,4370,23.9,0.66,0.18
2026-09-25T06:43:45.749145+00:00,2,355,20.3,0.4,-0.21
2026-09-25T06:43:45.749145+00:00,3,14,28.6,0.25,-0.33
2026-09-25T07:07:58.299789+00:00,1,4354,23.8,0.65,0.17
2026-09-25T07:07:58.299789+00:00,2,354,20.3,0.41,-0.21
2026-09-25T07:07:58.299789+00:00,3,14,28.6,0.25,-0.33
2026-09-25T07:39:20.325475+00:00,1,4354,23.8,0.65,0.17
2026-09-25T07:39:20.325475+00:00,2,354,20.3,0.41,-0.21
2026-09-25T07:39:20.325475+00:00,3,14,28.6,0.25,-0.33
2026-09-25T08:07:19.462404+00:00,1,4354,23.8,0.65,0.17
2026-09-25T08:07:19.462404+00:00,2,361,19.9,0.34,-0.25
2026-09-25T08:07:19.462404+00:00,3,14,28.6,0.25,-0.33
2026-09-25T08:40:42.286022+00:00,1,4354,23.8,0.65,0.17
2026-09-25T08:40:42.286022+00:00,2,361,19.9,0.35,-0.25
2026-09-25T08:40:42.286022+00:00,3,14,28.6,0.25,-0.33
2026-09-25T09:07:12.144164+00:00,1,4375,23.9,0.65,0.17
2026-09-25T09:07:12.144164+00:00,2,362,19.9,0.33,-0.25
2026-09-25T09:07:12.144164+00:00,3,14,28.6,0.25,-0.33
2026-09-25T09:39:50.731887+00:00,1,4375,23.9,0.65,0.17
2026-09-25T09:39:50.731887+00:00,2,362,19.9,0.33,-0.25
2026-09-25T09:39:50.731887+00:00,3,14,28.6,0.25,-0.33
2026-09-25T10:14:13.777664+00:00,1,4396,24.0,0.65,0.17
2026-09-25T10:14:13.777664+00:00,2,363,20.1,0.34,-0.25
2026-09-25T10:14:13.777664+00:00,3,14,28.6,0.25,-0.33
2026-09-25T10:40:23.356736+00:00,1,4396,24.0,0.65,0.17
2026-09-25T10:40:23.356736+00:00,2,363,20.1,0.34,-0.25
2026-09-25T10:40:23.356736+00:00,3,14,28.6,0.25,-0.33
2026-09-25T11:08:53.718065+00:00,1,4409,24.1,0.66,0.18
2026-09-25T11:08:53.718065+00:00,2,366,20.5,0.36,-0.24
2026-09-25T11:08:53.718065+00:00,3,14,28.6,0.25,-0.33
2026-09-25T11:40:24.102981+00:00,1,4409,24.1,0.66,0.18
2026-09-25T11:40:24.102981+00:00,2,366,20.5,0.36,-0.24
2026-09-25T11:40:24.102981+00:00,3,14,28.6,0.25,-0.33
2026-09-25T12:11:21.004439+00:00,1,4413,24.3,0.68,0.18
2026-09-25T12:11:21.004439+00:00,2,371,20.8,0.4,-0.21
2026-09-25T12:11:21.004439+00:00,3,14,28.6,0.25,-0.33
2026-09-25T12:44:04.902790+00:00,1,4413,24.3,0.68,0.18
2026-09-25T12:44:04.902790+00:00,2,371,20.8,0.39,-0.21
2026-09-25T12:44:04.902790+00:00,3,14,28.6,0.25,-0.33
2026-09-25T13:10:32.461509+00:00,1,146,13.7,0.81,0.29
2026-09-25T13:10:32.461509+00:00,2,11,0.0,0.13,0.37
2026-09-25T13:40:13.487030+00:00,1,146,13.7,0.81,0.29
2026-09-25T13:40:13.487030+00:00,2,11,0.0,0.13,0.37
2026-09-25T14:09:37.687536+00:00,1,147,13.6,0.81,0.27
2026-09-25T14:09:37.687536+00:00,2,11,0.0,0.13,0.37
2026-09-25T14:41:16.595737+00:00,1,147,13.6,0.81,0.27
2026-09-25T14:41:16.595737+00:00,2,11,0.0,0.13,0.37
2026-09-25T15:09:15.358860+00:00,1,147,13.6,0.81,0.32
2026-09-25T15:09:15.358860+00:00,2,11,0.0,0.13,0.37
2026-09-25T15:39:08.978327+00:00,1,147,13.6,0.81,0.32
2026-09-25T15:39:08.978327+00:00,2,11,0.0,0.13,0.37
2026-09-25T16:09:18.804938+00:00,1,147,13.6,0.81,0.32
2026-09-25T16:09:18.804938+00:00,2,11,0.0,0.13,0.37
2026-09-25T16:41:58.706773+00:00,1,147,13.6,0.81,0.32
2026-09-25T16:41:58.706773+00:00,2,11,0.0,0.13,0.37
2026-09-25T17:07:35.287518+00:00,1,146,13.7,0.82,0.32
2026-09-25T17:07:35.287518+00:00,2,11,0.0,0.13,0.37
2026-09-25T17:39:42.426156+00:00,1,146,13.7,0.82,0.32
2026-09-25T17:39:42.426156+00:00,2,11,0.0,0.13,0.37
2026-09-25T18:09:34.088810+00:00,1,146,13.7,0.82,0.32
2026-09-25T18:09:34.088810+00:00,2,11,0.0,0.13,0.37
2026-09-25T18:40:56.275025+00:00,1,146,13.7,0.82,0.32
2026-09-25T18:40:56.275025+00:00,2,11,0.0,0.13,0.37
2026-09-25T19:07:34.067563+00:00,1,146,13.7,0.82,0.32
2026-09-25T19:07:34.067563+00:00,2,11,0.0,0.13,0.37
2026-09-25T19:37:19.537620+00:00,1,146,13.7,0.82,0.32
2026-09-25T19:37:19.537620+00:00,2,11,0.0,0.13,0.37
2026-09-25T20:08:00.966339+00:00,1,147,13.6,0.81,0.32
2026-09-25T20:08:00.966339+00:00,2,11,0.0,0.13,0.37
2026-09-25T20:39:57.192206+00:00,1,147,13.6,0.81,0.32
2026-09-25T20:39:57.192206+00:00,2,11,0.0,0.13,0.37
2026-09-25T21:08:44.771383+00:00,1,147,13.6,0.81,0.32
2026-09-25T21:08:44.771383+00:00,2,11,0.0,0.13,0.37
2026-09-25T21:39:38.859110+00:00,1,147,13.6,0.81,0.32
2026-09-25T21:39:38.859110+00:00,2,11,0.0,0.13,0.37
2026-09-25T22:08:20.003240+00:00,1,147,13.6,0.81,0.32
2026-09-25T22:08:20.003240+00:00,2,11,0.0,0.13,0.37
2026-09-25T22:38:57.388502+00:00,1,147,13.6,0.81,0.32
2026-09-25T22:38:57.388502+00:00,2,11,0.0,0.13,0.37
2026-09-25T23:07:44.779720+00:00,1,147,13.6,0.81,0.32
2026-09-25T23:07:44.779720+00:00,2,11,0.0,0.13,0.37
2026-09-25T23:37:27.720292+00:00,1,147,13.6,0.81,0.32
2026-09-25T23:37:27.720292+00:00,2,11,0.0,0.13,0.37
2026-09-26T00:11:03.425951+00:00,1,147,13.6,0.81,0.32
2026-09-26T00:11:03.425951+00:00,2,11,0.0,0.13,0.37
2026-09-26T00:43:07.249859+00:00,1,147,13.6,0.81,0.32
2026-09-26T00:43:07.249859+00:00,2,11,0.0,0.13,0.37
2026-09-26T01:07:06.531463+00:00,1,147,13.6,0.81,0.32
2026-09-26T01:07:06.531463+00:00,2,11,0.0,0.13,0.37
2026-09-26T01:38:05.864260+00:00,1,147,13.6,0.81,0.32
2026-09-26T01:38:05.864260+00:00,2,11,0.0,0.13,0.37
2026-09-26T02:08:13.030369+00:00,1,147,13.6,0.81,0.32
2026-09-26T02:08:13.030369+00:00,2,11,0.0,0.13,0.37
2026-09-26T02:38:36.623164+00:00,1,147,13.6,0.81,0.32
2026-09-26T02:38:36.623164+00:00,2,11,0.0,0.13,0.37
2026-09-26T03:07:56.080123+00:00,1,147,13.6,0.81,0.32
2026-09-26T03:07:56.080123+00:00,2,11,0.0,0.13,0.37
2026-09-26T03:39:25.668792+00:00,1,147,13.6,0.81,0.32
2026-09-26T03:39:25.668792+00:00,2,11,0.0,0.13,0.37
2026-09-26T04:08:16.948520+00:00,1,147,13.6,0.81,0.32
2026-09-26T04:08:16.948520+00:00,2,11,0.0,0.13,0.37
2026-09-26T04:39:47.385433+00:00,1,147,13.6,0.81,0.32
2026-09-26T04:39:47.385433+00:00,2,11,0.0,0.13,0.37
2026-09-26T05:07:52.709435+00:00,1,148,13.5,0.8,0.29
2026-09-26T05:07:52.709435+00:00,2,11,0.0,0.13,0.37
2026-09-26T05:38:21.769198+00:00,1,148,13.5,0.8,0.29
2026-09-26T05:38:21.769198+00:00,2,11,0.0,0.13,0.37
2026-09-26T06:10:43.243085+00:00,1,148,13.5,0.8,0.29
2026-09-26T06:10:43.243085+00:00,2,11,0.0,0.13,0.37
2026-09-26T06:42:32.321937+00:00,1,148,13.5,0.8,0.29
2026-09-26T06:42:32.321937+00:00,2,11,0.0,0.13,0.37
2026-09-26T07:08:09.659927+00:00,1,148,13.5,0.8,0.29
2026-09-26T07:08:09.659927+00:00,2,11,0.0,0.13,0.37
2026-09-26T07:37:41.422823+00:00,1,148,13.5,0.8,0.29
2026-09-26T07:37:41.422823+00:00,2,11,0.0,0.13,0.37
2026-09-26T08:09:12.951128+00:00,1,149,13.4,0.79,0.27
2026-09-26T08:09:12.951128+00:00,2,11,0.0,0.13,0.37
2026-09-26T08:39:39.267687+00:00,1,149,13.4,0.79,0.27
2026-09-26T08:39:39.267687+00:00,2,11,0.0,0.13,0.37
2026-09-26T09:08:03.568645+00:00,1,150,13.3,0.78,0.27
2026-09-26T09:08:03.568645+00:00,2,11,0.0,0.13,0.37
2026-09-26T09:38:11.009729+00:00,1,150,13.3,0.78,0.27
2026-09-26T09:38:11.009729+00:00,2,11,0.0,0.13,0.37
2026-09-26T10:08:08.884928+00:00,1,151,13.2,0.77,0.27
2026-09-26T10:08:08.884928+00:00,2,11,0.0,0.13,0.37
2026-09-26T10:38:27.640359+00:00,1,151,13.2,0.77,0.27
2026-09-26T10:38:27.640359+00:00,2,11,0.0,0.13,0.37
2026-09-26T11:07:55.548553+00:00,1,151,13.2,0.77,0.27
2026-09-26T11:07:55.548553+00:00,2,12,0.0,0.08,0.13
2026-09-26T11:37:54.781560+00:00,1,151,13.2,0.77,0.27
2026-09-26T11:37:54.781560+00:00,2,12,0.0,0.08,0.13
2026-09-26T12:10:03.692371+00:00,1,152,13.2,0.77,0.26
2026-09-26T12:10:03.692371+00:00,2,12,0.0,0.08,0.13
2026-09-26T12:42:11.104065+00:00,1,152,13.2,0.76,0.26
2026-09-26T12:42:11.104065+00:00,2,12,0.0,0.08,0.13
2026-09-26T13:07:49.759034+00:00,1,154,13.0,0.75,0.25
2026-09-26T13:07:49.759034+00:00,2,12,0.0,0.08,0.13
2026-09-26T13:37:19.330416+00:00,1,154,13.0,0.75,0.25
2026-09-26T13:37:19.330416+00:00,2,12,0.0,0.08,0.13
2026-09-26T14:08:35.030693+00:00,1,154,13.0,0.75,0.25
2026-09-26T14:08:35.030693+00:00,2,13,0.0,0.07,-0.11
2026-09-26T14:38:37.268930+00:00,1,154,13.0,0.75,0.25
2026-09-26T14:38:37.268930+00:00,2,13,0.0,0.08,-0.0
2026-09-26T15:07:55.755195+00:00,1,154,13.0,0.75,0.25
2026-09-26T15:07:55.755195+00:00,2,13,0.0,0.08,0.0
2026-09-26T15:39:37.884777+00:00,1,154,13.0,0.75,0.25
2026-09-26T15:39:37.884777+00:00,2,13,0.0,0.08,0.0
2026-09-26T16:08:36.788715+00:00,1,155,12.9,0.75,0.26
2026-09-26T16:08:36.788715+00:00,2,13,0.0,0.08,0.0
2026-09-26T16:39:30.455218+00:00,1,155,12.9,0.75,0.26
2026-09-26T16:39:30.455218+00:00,2,13,0.0,0.08,0.0
2026-09-26T17:07:44.259549+00:00,1,155,12.9,0.76,0.27
2026-09-26T17:07:44.259549+00:00,2,13,0.0,0.08,0.0
2026-09-26T17:38:12.975249+00:00,1,155,12.9,0.76,0.27
2026-09-26T17:38:12.975249+00:00,2,13,0.0,0.08,0.0
2026-09-26T18:09:45.118686+00:00,1,156,12.8,0.76,0.26
2026-09-26T18:09:45.118686+00:00,2,13,0.0,0.08,0.0
2026-09-26T18:41:18.512732+00:00,1,156,12.8,0.76,0.26
2026-09-26T18:41:18.512732+00:00,2,13,0.0,0.08,0.0
2026-09-26T19:07:20.211600+00:00,1,156,12.8,0.76,0.26
2026-09-26T19:07:20.211600+00:00,2,13,0.0,0.08,0.0
2026-09-26T19:36:06.540433+00:00,1,156,12.8,0.76,0.26
2026-09-26T19:36:06.540433+00:00,2,13,0.0,0.08,0.0
2026-09-26T20:07:48.430105+00:00,1,157,12.7,0.76,0.27
2026-09-26T20:07:48.430105+00:00,2,13,0.0,0.08,0.0
2026-09-26T20:38:38.188372+00:00,1,157,12.7,0.76,0.27
2026-09-26T20:38:38.188372+00:00,2,13,0.0,0.08,0.0
2026-09-26T21:08:17.739901+00:00,1,158,12.7,0.76,0.27
2026-09-26T21:08:17.739901+00:00,2,13,0.0,0.08,0.0
2026-09-26T21:37:46.633175+00:00,1,158,12.7,0.76,0.27
2026-09-26T21:37:46.633175+00:00,2,13,0.0,0.08,0.0
2026-09-26T22:07:58.211388+00:00,1,159,12.6,0.76,0.27
2026-09-26T22:07:58.211388+00:00,2,13,0.0,0.08,0.0
2026-09-26T22:38:24.732203+00:00,1,159,12.6,0.76,0.27
2026-09-26T22:38:24.732203+00:00,2,13,0.0,0.08,0.0
2026-09-26T23:08:04.959343+00:00,1,159,12.6,0.76,0.27
2026-09-26T23:08:04.959343+00:00,2,13,0.0,0.08,0.0
2026-09-26T23:36:51.936556+00:00,1,159,12.6,0.76,0.27
2026-09-26T23:36:51.936556+00:00,2,13,0.0,0.08,0.0
2026-09-27T00:12:15.505028+00:00,1,159,12.6,0.76,0.27
2026-09-27T00:12:15.505028+00:00,2,13,0.0,0.08,0.0
2026-09-27T00:44:50.119684+00:00,1,159,12.6,0.76,0.27
2026-09-27T00:44:50.119684+00:00,2,13,0.0,0.08,0.0
2026-09-27T01:08:29.084991+00:00,1,161,12.4,0.76,0.27
2026-09-27T01:08:29.084991+00:00,2,13,0.0,0.08,0.0
2026-09-27T01:38:53.662091+00:00,1,161,12.4,0.76,0.28
2026-09-27T01:38:53.662091+00:00,2,13,0.0,0.08,0.0
2026-09-27T02:08:10.871207+00:00,1,163,12.3,0.75,0.32
2026-09-27T02:08:10.871207+00:00,2,13,0.0,0.08,0.0
2026-09-27T02:40:08.148544+00:00,1,163,12.3,0.75,0.32
2026-09-27T02:40:08.148544+00:00,2,13,0.0,0.08,0.0
2026-09-27T03:08:44.120814+00:00,1,165,12.1,0.75,0.32
2026-09-27T03:08:44.120814+00:00,2,13,0.0,0.08,0.0
2026-09-27T03:40:48.061519+00:00,1,165,12.1,0.75,0.32
2026-09-27T03:40:48.061519+00:00,2,13,0.0,0.08,0.0
2026-09-27T04:08:20.072021+00:00,1,166,12.0,0.74,0.32
2026-09-27T04:08:20.072021+00:00,2,13,0.0,0.08,0.0
2026-09-27T04:40:21.579868+00:00,1,166,12.0,0.74,0.32
2026-09-27T04:40:21.579868+00:00,2,13,0.0,0.08,0.0
2026-09-27T05:07:51.605813+00:00,1,166,12.0,0.74,0.32
2026-09-27T05:07:51.605813+00:00,2,13,0.0,0.08,0.0
2026-09-27T05:38:45.073086+00:00,1,166,12.0,0.74,0.32
2026-09-27T05:38:45.073086+00:00,2,13,0.0,0.08,0.0
2026-09-27T06:10:52.086459+00:00,1,167,12.0,0.75,0.32
2026-09-27T06:10:52.086459+00:00,2,13,0.0,0.08,0.0
2026-09-27T06:43:00.568783+00:00,1,167,12.0,0.74,0.32
2026-09-27T06:43:00.568783+00:00,2,13,0.0,0.08,0.0
2026-09-27T07:08:49.634089+00:00,1,168,11.9,0.74,0.36
2026-09-27T07:08:49.634089+00:00,2,13,0.0,0.08,0.0
2026-09-27T07:38:54.475940+00:00,1,168,11.9,0.74,0.36
2026-09-27T07:38:54.475940+00:00,2,13,0.0,0.08,0.0
2026-09-27T08:08:28.997292+00:00,1,169,11.8,0.75,0.39
2026-09-27T08:08:28.997292+00:00,2,13,0.0,0.08,0.0
2026-09-27T08:39:49.229505+00:00,1,169,11.8,0.74,0.39
2026-09-27T08:39:49.229505+00:00,2,13,0.0,0.08,0.0
2026-09-27T09:07:56.337082+00:00,1,170,11.8,0.75,0.4
2026-09-27T09:07:56.337082+00:00,2,13,0.0,0.08,0.0
2026-09-27T09:39:05.402108+00:00,1,170,11.8,0.75,0.4
2026-09-27T09:39:05.402108+00:00,2,13,0.0,0.08,0.0
2026-09-27T10:08:27.855356+00:00,1,171,11.7,0.75,0.4
2026-09-27T10:08:27.855356+00:00,2,13,0.0,0.08,0.0
2026-09-27T10:38:48.336634+00:00,1,171,11.7,0.75,0.4
2026-09-27T10:38:48.336634+00:00,2,13,0.0,0.08,0.0
2026-09-27T11:08:32.390880+00:00,1,172,11.6,0.75,0.4
2026-09-27T11:08:32.390880+00:00,2,13,0.0,0.08,0.0
2026-09-27T11:38:38.019272+00:00,1,172,11.6,0.75,0.4
2026-09-27T11:38:38.019272+00:00,2,13,0.0,0.08,0.0
2026-09-27T12:10:35.152447+00:00,1,172,11.6,0.75,0.4
2026-09-27T12:10:35.152447+00:00,2,14,0.0,0.15,0.19
2026-09-27T12:42:42.408775+00:00,1,172,11.6,0.75,0.4
2026-09-27T12:42:42.408775+00:00,2,14,0.0,0.15,0.19
2026-09-27T13:07:50.232111+00:00,1,173,11.6,0.75,0.4
2026-09-27T13:07:50.232111+00:00,2,14,0.0,0.13,0.19
2026-09-27T13:38:19.977342+00:00,1,173,11.6,0.75,0.4
2026-09-27T13:38:19.977342+00:00,2,14,0.0,0.13,0.19
2026-09-27T14:07:54.271381+00:00,1,173,11.6,0.75,0.4
2026-09-27T14:07:54.271381+00:00,2,14,0.0,0.13,0.19
2026-09-27T14:38:38.070226+00:00,1,173,11.6,0.75,0.4
2026-09-27T14:38:38.070226+00:00,2,14,0.0,0.13,0.19
2026-09-27T15:08:13.325030+00:00,1,174,11.5,0.74,0.4
2026-09-27T15:08:13.325030+00:00,2,14,0.0,0.13,0.19
2026-09-27T15:38:45.194520+00:00,1,174,11.5,0.74,0.4
2026-09-27T15:38:45.194520+00:00,2,14,0.0,0.13,0.19
2026-09-27T16:08:34.487045+00:00,1,175,11.4,0.74,0.4
2026-09-27T16:08:34.487045+00:00,2,14,0.0,0.13,0.19
2026-09-27T16:39:56.420155+00:00,1,175,11.4,0.74,0.4
2026-09-27T16:39:56.420155+00:00,2,14,0.0,0.13,0.19
2026-09-27T17:07:35.233064+00:00,1,175,11.4,0.75,0.4
2026-09-27T17:07:35.233064+00:00,2,14,0.0,0.13,0.19
2026-09-27T17:38:11.767993+00:00,1,175,11.4,0.75,0.4
2026-09-27T17:38:11.767993+00:00,2,14,0.0,0.13,0.19
2026-09-27T18:09:37.641484+00:00,1,176,11.4,0.75,0.4
2026-09-27T18:09:37.641484+00:00,2,14,0.0,0.13,0.19
2026-09-27T18:41:36.158932+00:00,1,176,11.4,0.75,0.4
2026-09-27T18:41:36.158932+00:00,2,14,0.0,0.13,0.19
2026-09-27T19:06:58.621170+00:00,1,175,11.4,0.75,0.4
2026-09-27T19:06:58.621170+00:00,2,14,0.0,0.13,0.19
2026-09-27T19:37:09.260456+00:00,1,175,11.4,0.75,0.4
2026-09-27T19:37:09.260456+00:00,2,14,0.0,0.13,0.19
2026-09-27T20:08:12.935029+00:00,1,175,11.4,0.76,0.41
2026-09-27T20:08:12.935029+00:00,2,14,0.0,0.13,0.19
2026-09-27T20:38:34.246826+00:00,1,175,11.4,0.76,0.41
2026-09-27T20:38:34.246826+00:00,2,14,0.0,0.13,0.19
2026-09-27T21:08:05.152481+00:00,1,175,11.4,0.77,0.41
2026-09-27T21:08:05.152481+00:00,2,14,0.0,0.13,0.19
2026-09-27T21:38:36.925701+00:00,1,175,11.4,0.77,0.41
2026-09-27T21:38:36.925701+00:00,2,14,0.0,0.13,0.19
2026-09-27T22:07:57.234559+00:00,1,175,11.4,0.78,0.41
2026-09-27T22:07:57.234559+00:00,2,14,0.0,0.13,0.19
2026-09-27T22:39:26.082031+00:00,1,175,11.4,0.78,0.41
2026-09-27T22:39:26.082031+00:00,2,14,0.0,0.13,0.19
2026-09-27T23:07:56.685969+00:00,1,176,11.4,0.77,0.41
2026-09-27T23:07:56.685969+00:00,2,14,0.0,0.13,0.19
2026-09-27T23:37:44.698195+00:00,1,176,11.4,0.77,0.41
2026-09-27T23:37:44.698195+00:00,2,14,0.0,0.13,0.19
2026-09-28T00:12:54.185713+00:00,1,177,11.3,0.77,0.41
2026-09-28T00:12:54.185713+00:00,2,14,0.0,0.13,0.19
2026-09-28T00:45:43.385109+00:00,1,177,11.3,0.77,0.41
2026-09-28T00:45:43.385109+00:00,2,14,0.0,0.13,0.19
2026-09-28T01:08:34.048767+00:00,1,178,11.2,0.76,0.41
2026-09-28T01:08:34.048767+00:00,2,14,0.0,0.13,0.19
2026-09-28T01:39:48.960291+00:00,1,178,11.2,0.76,0.41
2026-09-28T01:39:48.960291+00:00,2,14,0.0,0.13,0.19
2026-09-28T02:08:29.536971+00:00,1,179,11.2,0.75,0.4
2026-09-28T02:08:29.536971+00:00,2,14,0.0,0.13,0.19
2026-09-28T02:41:31.785104+00:00,1,179,11.2,0.75,0.4
2026-09-28T02:41:31.785104+00:00,2,14,0.0,0.13,0.19
2026-09-28T03:09:26.282080+00:00,1,180,11.1,0.74,0.4
2026-09-28T03:09:26.282080+00:00,2,14,0.0,0.13,0.19
2026-09-28T03:42:30.726960+00:00,1,180,11.1,0.74,0.4
2026-09-28T03:42:30.726960+00:00,2,14,0.0,0.13,0.19
2026-09-28T04:09:23.132499+00:00,1,181,11.0,0.73,0.4
2026-09-28T04:09:23.132499+00:00,2,14,0.0,0.13,0.19
2026-09-28T04:43:12.324824+00:00,1,181,11.0,0.73,0.4
2026-09-28T04:43:12.324824+00:00,2,14,0.0,0.13,0.19
2026-09-28T05:08:43.018974+00:00,1,182,11.0,0.72,0.4
2026-09-28T05:08:43.018974+00:00,2,14,0.0,0.13,0.19
2026-09-28T05:41:01.202737+00:00,1,182,11.0,0.71,0.4
2026-09-28T05:41:01.202737+00:00,2,14,0.0,0.13,0.19
2026-09-28T06:12:00.233008+00:00,1,182,11.0,0.7,0.4
2026-09-28T06:12:00.233008+00:00,2,14,0.0,0.13,0.19
2026-09-28T06:47:33.370823+00:00,1,182,11.0,0.7,0.4
2026-09-28T06:47:33.370823+00:00,2,14,0.0,0.13,0.19
2026-09-28T07:10:51.428517+00:00,1,181,11.0,0.7,0.39
2026-09-28T07:10:51.428517+00:00,2,14,0.0,0.13,0.19
2026-09-28T07:42:11.323013+00:00,1,181,11.0,0.7,0.39
2026-09-28T07:42:11.323013+00:00,2,14,0.0,0.13,0.19
2026-09-28T08:11:12.513062+00:00,1,183,10.9,0.68,0.39
2026-09-28T08:11:12.513062+00:00,2,13,0.0,0.07,0.0
2026-09-28T08:41:58.287826+00:00,1,183,10.9,0.68,0.39
2026-09-28T08:41:58.287826+00:00,2,13,0.0,0.07,0.0
2026-09-28T09:11:15.386255+00:00,1,184,10.9,0.67,0.38
2026-09-28T09:11:15.386255+00:00,2,13,0.0,0.07,0.0
2026-09-28T09:41:55.267541+00:00,1,184,10.9,0.67,0.38
2026-09-28T09:41:55.267541+00:00,2,13,0.0,0.07,0.0
2026-09-28T10:10:14.970707+00:00,1,184,10.9,0.67,0.38
2026-09-28T10:10:14.970707+00:00,2,13,0.0,0.07,0.0
2026-09-28T10:41:03.080949+00:00,1,184,10.9,0.67,0.38
2026-09-28T10:41:03.080949+00:00,2,13,0.0,0.07,0.0
2026-09-28T11:09:15.774963+00:00,1,184,10.9,0.67,0.38
2026-09-28T11:09:15.774963+00:00,2,13,0.0,0.07,0.0
2026-09-28T11:42:53.499320+00:00,1,184,10.9,0.67,0.38
2026-09-28T11:42:53.499320+00:00,2,13,0.0,0.07,0.0
2026-09-28T12:11:08.736814+00:00,1,183,10.9,0.67,0.39
2026-09-28T12:11:08.736814+00:00,2,13,0.0,0.07,0.0
2026-09-28T12:46:45.195622+00:00,1,183,10.9,0.67,0.39
2026-09-28T12:46:45.195622+00:00,2,13,0.0,0.07,0.0
2026-09-28T13:10:05.666363+00:00,1,182,11.0,0.66,0.38
2026-09-28T13:10:05.666363+00:00,2,12,0.0,0.02,-0.05
2026-09-28T13:42:56.949230+00:00,1,182,11.0,0.66,0.38
2026-09-28T13:42:56.949230+00:00,2,12,0.0,0.02,-0.05
2026-09-28T14:11:33.963824+00:00,1,181,11.0,0.66,0.37
2026-09-28T14:11:33.963824+00:00,2,12,0.0,0.02,-0.05
2026-09-28T14:42:48.043241+00:00,1,181,11.0,0.66,0.37
2026-09-28T14:42:48.043241+00:00,2,12,0.0,0.02,-0.05
2026-09-28T15:11:36.258472+00:00,1,181,11.0,0.66,0.37
2026-09-28T15:11:36.258472+00:00,2,12,0.0,0.02,-0.05
2026-09-28T15:41:56.909464+00:00,1,181,11.0,0.66,0.37
2026-09-28T15:41:56.909464+00:00,2,12,0.0,0.02,-0.05
2026-09-28T16:10:43.965358+00:00,1,181,11.0,0.66,0.37
2026-09-28T16:10:43.965358+00:00,2,12,0.0,0.02,-0.05
2026-09-28T16:40:52.588183+00:00,1,181,11.0,0.66,0.37
2026-09-28T16:40:52.588183+00:00,2,12,0.0,0.02,-0.05
2026-09-28T17:09:31.612160+00:00,1,180,11.1,0.66,0.36
2026-09-28T17:09:31.612160+00:00,2,12,0.0,0.02,-0.05
2026-09-28T17:40:16.593981+00:00,1,180,11.1,0.66,0.36
2026-09-28T17:40:16.593981+00:00,2,12,0.0,0.02,-0.05
2026-09-28T18:10:55.684308+00:00,1,179,11.2,0.67,0.37
2026-09-28T18:10:55.684308+00:00,2,12,0.0,0.02,-0.05
2026-09-28T18:44:06.648356+00:00,1,179,11.2,0.67,0.37
2026-09-28T18:44:06.648356+00:00,2,12,0.0,0.02,-0.05
2026-09-28T19:09:19.521564+00:00,1,178,11.2,0.67,0.38
2026-09-28T19:09:19.521564+00:00,2,12,0.0,0.02,-0.05
2026-09-28T19:40:59.024617+00:00,1,178,11.2,0.67,0.38
2026-09-28T19:40:59.024617+00:00,2,12,0.0,0.02,-0.05
2026-09-28T20:08:11.767986+00:00,1,178,11.2,0.67,0.38
2026-09-28T20:08:11.767986+00:00,2,12,0.0,0.02,-0.05
2026-09-28T20:41:07.995009+00:00,1,178,11.2,0.67,0.38
2026-09-28T20:41:07.995009+00:00,2,12,0.0,0.02,-0.05
2026-09-28T21:09:00.255416+00:00,1,176,11.4,0.68,0.4
2026-09-28T21:09:00.255416+00:00,2,12,0.0,0.02,-0.05
2026-09-28T21:39:25.062215+00:00,1,176,11.4,0.68,0.4
2026-09-28T21:39:25.062215+00:00,2,12,0.0,0.02,-0.05
2026-09-28T22:08:35.391527+00:00,1,175,11.4,0.68,0.4
2026-09-28T22:08:35.391527+00:00,2,12,0.0,0.02,-0.05
2026-09-28T22:38:19.428080+00:00,1,175,11.4,0.68,0.4
2026-09-28T22:38:19.428080+00:00,2,12,0.0,0.02,-0.05
2026-09-28T23:08:08.807284+00:00,1,174,11.5,0.69,0.4
2026-09-28T23:08:08.807284+00:00,2,12,0.0,0.02,-0.05
2026-09-28T23:39:22.125122+00:00,1,174,11.5,0.69,0.4
2026-09-28T23:39:22.125122+00:00,2,12,0.0,0.02,-0.05
2026-09-29T00:12:27.396869+00:00,1,173,11.6,0.69,0.39
2026-09-29T00:12:27.396869+00:00,2,12,0.0,0.02,-0.05
2026-09-29T00:45:29.403200+00:00,1,173,11.6,0.69,0.39
2026-09-29T00:45:29.403200+00:00,2,12,0.0,0.02,-0.05
2026-09-29T01:09:47.771003+00:00,1,172,11.6,0.69,0.38
2026-09-29T01:09:47.771003+00:00,2,12,0.0,0.02,-0.05
2026-09-29T01:39:38.239000+00:00,1,172,11.6,0.69,0.38
2026-09-29T01:39:38.239000+00:00,2,12,0.0,0.02,-0.05
2026-09-29T02:08:22.426823+00:00,1,171,11.7,0.69,0.37
2026-09-29T02:08:22.426823+00:00,2,12,0.0,0.02,-0.05
2026-09-29T02:40:01.055222+00:00,1,171,11.7,0.69,0.37
2026-09-29T02:40:01.055222+00:00,2,12,0.0,0.02,-0.05
2026-09-29T03:09:19.545448+00:00,1,171,11.7,0.69,0.37
2026-09-29T03:09:19.545448+00:00,2,12,0.0,0.02,-0.05
2026-09-29T03:42:44.365843+00:00,1,171,11.7,0.69,0.37
2026-09-29T03:42:44.365843+00:00,2,12,0.0,0.02,-0.05
2026-09-29T04:08:33.227130+00:00,1,172,11.6,0.68,0.36
2026-09-29T04:08:33.227130+00:00,2,12,0.0,0.02,-0.05
2026-09-29T04:41:33.953862+00:00,1,172,11.6,0.68,0.36
2026-09-29T04:41:33.953862+00:00,2,12,0.0,0.02,-0.05
2026-09-29T05:08:27.954267+00:00,1,172,11.6,0.68,0.36
2026-09-29T05:08:27.954267+00:00,2,13,0.0,0.02,0.0
2026-09-29T05:41:02.767848+00:00,1,172,11.6,0.68,0.36
2026-09-29T05:41:02.767848+00:00,2,13,0.0,0.02,-0.06
2026-09-29T06:11:34.607112+00:00,1,172,11.6,0.69,0.36
2026-09-29T06:11:34.607112+00:00,2,13,0.0,0.04,0.0
2026-09-29T06:45:51.285715+00:00,1,172,11.6,0.69,0.36
2026-09-29T06:45:51.285715+00:00,2,13,0.0,0.04,0.0
2026-09-29T07:10:49.532286+00:00,1,172,11.6,0.69,0.36
2026-09-29T07:10:49.532286+00:00,2,13,0.0,0.04,0.0
2026-09-29T07:41:16.693016+00:00,1,172,11.6,0.69,0.36
2026-09-29T07:41:16.693016+00:00,2,13,0.0,0.04,0.0
2026-09-29T08:11:28.061562+00:00,1,173,11.6,0.69,0.37
2026-09-29T08:11:28.061562+00:00,2,13,0.0,0.04,0.0
2026-09-29T08:42:26.951333+00:00,1,173,11.6,0.69,0.37
2026-09-29T08:42:26.951333+00:00,2,13,0.0,0.04,0.0
2026-09-29T09:10:28.961794+00:00,1,173,11.6,0.69,0.37
2026-09-29T09:10:28.961794+00:00,2,13,0.0,0.04,0.0
2026-09-29T09:42:34.820737+00:00,1,173,11.6,0.69,0.37
2026-09-29T09:42:34.820737+00:00,2,13,0.0,0.04,0.0
2026-09-29T10:09:44.454252+00:00,1,174,11.5,0.69,0.38
2026-09-29T10:09:44.454252+00:00,2,13,0.0,0.04,0.0
2026-09-29T10:42:20.244356+00:00,1,174,11.5,0.69,0.38
2026-09-29T10:42:20.244356+00:00,2,13,0.0,0.04,0.0
2026-09-29T11:09:08.779993+00:00,1,175,11.4,0.7,0.39
2026-09-29T11:09:08.779993+00:00,2,13,0.0,0.04,0.0
2026-09-29T11:40:42.314921+00:00,1,175,11.4,0.7,0.39
2026-09-29T11:40:42.314921+00:00,2,13,0.0,0.04,0.0
2026-09-29T12:11:38.035921+00:00,1,175,11.4,0.72,0.4
2026-09-29T12:11:38.035921+00:00,2,13,0.0,0.04,0.0
2026-09-29T12:46:31.735895+00:00,1,175,11.4,0.72,0.4
2026-09-29T12:46:31.735895+00:00,2,13,0.0,0.04,0.0
2026-09-29T13:11:37.875573+00:00,1,176,11.4,0.72,0.4
2026-09-29T13:11:37.875573+00:00,2,13,0.0,0.04,0.0
2026-09-29T13:43:19.968996+00:00,1,176,11.4,0.72,0.4
2026-09-29T13:43:19.968996+00:00,2,13,0.0,0.04,0.0
2026-09-29T14:11:08.124363+00:00,1,177,11.3,0.72,0.4
2026-09-29T14:11:08.124363+00:00,2,13,0.0,0.04,0.0
2026-09-29T14:42:44.919449+00:00,1,177,11.3,0.72,0.4
2026-09-29T14:42:44.919449+00:00,2,13,0.0,0.04,0.0
2026-09-29T15:12:05.253146+00:00,1,177,11.3,0.73,0.4
2026-09-29T15:12:05.253146+00:00,2,13,0.0,0.04,0.0
2026-09-29T15:42:53.478126+00:00,1,177,11.3,0.73,0.4
2026-09-29T15:42:53.478126+00:00,2,13,0.0,0.04,0.0
2026-09-29T16:10:57.278716+00:00,1,178,11.2,0.72,0.4
2026-09-29T16:10:57.278716+00:00,2,13,0.0,0.04,0.0
2026-09-29T16:42:52.298006+00:00,1,178,11.2,0.72,0.4
2026-09-29T16:42:52.298006+00:00,2,13,0.0,0.04,0.0
2026-09-29T17:08:45.927456+00:00,1,180,11.1,0.71,0.4
2026-09-29T17:08:45.927456+00:00,2,12,0.0,-0.03,-0.05
2026-09-29T17:41:18.806885+00:00,1,180,11.1,0.71,0.4
2026-09-29T17:41:18.806885+00:00,2,12,0.0,-0.03,-0.05
2026-09-29T18:11:55.616965+00:00,1,180,11.1,0.71,0.4
2026-09-29T18:11:55.616965+00:00,2,12,0.0,-0.03,-0.05
2026-09-29T18:44:20.520114+00:00,1,180,11.1,0.71,0.4
2026-09-29T18:44:20.520114+00:00,2,12,0.0,-0.03,-0.05
2026-09-29T19:09:40.842203+00:00,1,180,11.1,0.71,0.4
2026-09-29T19:09:40.842203+00:00,2,12,0.0,-0.03,-0.05
2026-09-29T19:40:34.072693+00:00,1,180,11.1,0.71,0.4
2026-09-29T19:40:34.072693+00:00,2,12,0.0,-0.03,-0.05
2026-09-29T20:09:47.055398+00:00,1,180,11.1,0.71,0.4
2026-09-29T20:09:47.055398+00:00,2,12,0.0,-0.03,-0.05
2026-09-29T20:41:25.932730+00:00,1,180,11.1,0.71,0.4
2026-09-29T20:41:25.932730+00:00,2,12,0.0,-0.03,-0.05
2026-09-29T21:08:34.821656+00:00,1,181,11.0,0.71,0.4
2026-09-29T21:08:34.821656+00:00,2,11,0.0,-0.1,-0.11
2026-09-29T21:39:58.718804+00:00,1,181,11.0,0.71,0.4
2026-09-29T21:39:58.718804+00:00,2,11,0.0,-0.1,-0.11
2026-09-29T22:08:39.577922+00:00,1,183,10.9,0.71,0.4
2026-09-29T22:08:39.577922+00:00,2,10,0.0,-0.14,-0.29
2026-09-29T22:39:38.292810+00:00,1,183,10.9,0.71,0.4
2026-09-29T22:39:38.292810+00:00,2,10,0.0,-0.14,-0.29
2026-09-29T23:07:59.991851+00:00,1,183,10.9,0.71,0.4
2026-09-29T23:07:59.991851+00:00,2,10,0.0,-0.14,-0.29
2026-09-29T23:37:59.287950+00:00,1,183,10.9,0.71,0.4
2026-09-29T23:37:59.287950+00:00,2,10,0.0,-0.14,-0.29
2026-09-30T00:12:39.292070+00:00,1,181,11.0,0.71,0.4
2026-09-30T00:12:39.292070+00:00,2,10,0.0,-0.14,-0.29
2026-09-30T00:47:14.403043+00:00,1,181,11.0,0.71,0.4
2026-09-30T00:47:14.403043+00:00,2,10,0.0,-0.14,-0.29
2026-09-30T01:10:03.903415+00:00,1,179,11.2,0.72,0.4
2026-09-30T01:10:03.903415+00:00,2,10,0.0,-0.14,-0.29
2026-09-30T01:40:57.914479+00:00,1,179,11.2,0.72,0.4
2026-09-30T01:40:57.914479+00:00,2,10,0.0,-0.14,-0.29
2026-09-30T02:08:57.423407+00:00,1,177,11.3,0.74,0.4
2026-09-30T02:08:57.423407+00:00,2,10,0.0,-0.14,-0.29
2026-09-30T02:41:09.696045+00:00,1,177,11.3,0.74,0.4
2026-09-30T02:41:09.696045+00:00,2,10,0.0,-0.14,-0.29
2026-09-30T03:09:17.946916+00:00,1,178,11.2,0.75,0.41
2026-09-30T03:09:17.946916+00:00,2,8,0.0,-0.25,-0.29
2026-09-30T03:42:42.361967+00:00,1,178,11.2,0.75,0.41
2026-09-30T03:42:42.361967+00:00,2,8,0.0,-0.25,-0.29
2026-09-30T04:09:29.151854+00:00,1,176,11.4,0.77,0.41
2026-09-30T04:09:29.151854+00:00,2,8,0.0,-0.25,-0.29
2026-09-30T04:42:04.836329+00:00,1,176,11.4,0.77,0.41
2026-09-30T04:42:04.836329+00:00,2,8,0.0,-0.25,-0.29
2026-09-30T05:09:25.730004+00:00,1,175,11.4,0.78,0.41
2026-09-30T05:09:25.730004+00:00,2,8,0.0,-0.25,-0.29
2026-09-30T05:41:18.419799+00:00,1,175,11.4,0.78,0.41
2026-09-30T05:41:18.419799+00:00,2,8,0.0,-0.25,-0.29
2026-09-30T06:11:20.031761+00:00,1,176,11.4,0.78,0.41
2026-09-30T06:11:20.031761+00:00,2,7,0.0,-0.28,-0.48
2026-09-30T06:46:15.037807+00:00,1,176,11.4,0.77,0.41
2026-09-30T06:46:15.037807+00:00,2,7,0.0,-0.28,-0.48
2026-09-30T07:10:59.600159+00:00,1,174,11.5,0.79,0.41
2026-09-30T07:10:59.600159+00:00,2,7,0.0,-0.28,-0.48
2026-09-30T07:42:14.300988+00:00,1,174,11.5,0.79,0.41
2026-09-30T07:42:14.300988+00:00,2,7,0.0,-0.28,-0.48
2026-09-30T08:11:09.797727+00:00,1,171,11.1,0.78,0.41
2026-09-30T08:11:09.797727+00:00,2,7,0.0,-0.28,-0.48
2026-09-30T08:42:53.892884+00:00,1,171,11.1,0.78,0.41
2026-09-30T08:42:53.892884+00:00,2,7,0.0,-0.28,-0.48
2026-09-30T09:09:22.046904+00:00,1,169,11.2,0.8,0.45
2026-09-30T09:09:22.046904+00:00,2,7,0.0,-0.28,-0.48
2026-09-30T09:43:10.522441+00:00,1,169,11.2,0.8,0.45
2026-09-30T09:43:10.522441+00:00,2,7,0.0,-0.28,-0.48
2026-09-30T10:10:19.147495+00:00,1,168,11.3,0.8,0.47
2026-09-30T10:10:19.147495+00:00,2,7,0.0,-0.28,-0.48
2026-09-30T10:42:00.754544+00:00,1,168,11.3,0.8,0.47
2026-09-30T10:42:00.754544+00:00,2,7,0.0,-0.28,-0.48
2026-09-30T11:09:22.117560+00:00,1,166,11.4,0.81,0.49
2026-09-30T11:09:22.117560+00:00,2,7,0.0,-0.28,-0.48
2026-09-30T11:41:04.373445+00:00,1,166,11.4,0.81,0.49
2026-09-30T11:41:04.373445+00:00,2,7,0.0,-0.28,-0.48
2026-09-30T12:12:16.621805+00:00,1,164,11.6,0.82,0.49
2026-09-30T12:12:16.621805+00:00,2,7,0.0,-0.28,-0.48
2026-09-30T12:49:18.978634+00:00,1,164,11.6,0.82,0.49
2026-09-30T12:49:18.978634+00:00,2,7,0.0,-0.28,-0.48
2026-09-30T13:12:22.661181+00:00,1,164,11.6,0.82,0.49
2026-09-30T13:12:22.661181+00:00,2,7,0.0,-0.28,-0.48
2026-09-30T13:41:09.945552+00:00,1,164,11.6,0.82,0.49
2026-09-30T13:41:09.945552+00:00,2,7,0.0,-0.28,-0.48
2026-09-30T14:12:52.344118+00:00,1,163,11.7,0.83,0.49
2026-09-30T14:12:52.344118+00:00,2,7,0.0,-0.28,-0.48
2026-09-30T14:44:04.786008+00:00,1,163,11.7,0.83,0.49
2026-09-30T14:44:04.786008+00:00,2,7,0.0,-0.28,-0.48
2026-09-30T15:13:15.241286+00:00,1,162,11.7,0.83,0.5
2026-09-30T15:13:15.241286+00:00,2,7,0.0,-0.28,-0.48
2026-09-30T15:43:46.525181+00:00,1,162,11.7,0.84,0.5
2026-09-30T15:43:46.525181+00:00,2,7,0.0,-0.28,-0.48
2026-09-30T16:11:36.673597+00:00,1,161,11.8,0.84,0.5
2026-09-30T16:11:36.673597+00:00,2,7,0.0,-0.28,-0.48
2026-09-30T16:41:59.080977+00:00,1,161,11.8,0.84,0.5
2026-09-30T16:41:59.080977+00:00,2,7,0.0,-0.28,-0.48
2026-09-30T17:09:36.485183+00:00,1,160,11.9,0.83,0.5
2026-09-30T17:09:36.485183+00:00,2,7,0.0,-0.28,-0.48
2026-09-30T17:40:27.808151+00:00,1,160,11.9,0.83,0.5
2026-09-30T17:40:27.808151+00:00,2,7,0.0,-0.28,-0.48
2026-09-30T18:10:56.661761+00:00,1,159,11.9,0.83,0.49
2026-09-30T18:10:56.661761+00:00,2,7,0.0,-0.28,-0.48
2026-09-30T18:44:47.235519+00:00,1,159,11.9,0.83,0.49
2026-09-30T18:44:47.235519+00:00,2,7,0.0,-0.28,-0.48
2026-09-30T19:11:01.759094+00:00,1,158,12.0,0.83,0.49
2026-09-30T19:11:01.759094+00:00,2,7,0.0,-0.28,-0.48
2026-09-30T19:39:34.472301+00:00,1,158,12.0,0.83,0.49
2026-09-30T19:39:34.472301+00:00,2,7,0.0,-0.28,-0.48
2026-09-30T20:10:06.198983+00:00,1,157,12.1,0.84,0.49
2026-09-30T20:10:06.198983+00:00,2,7,0.0,-0.28,-0.48
2026-09-30T20:40:29.519226+00:00,1,157,12.1,0.84,0.49
2026-09-30T20:40:29.519226+00:00,2,7,0.0,-0.28,-0.48
2026-09-30T21:08:33.636498+00:00,1,156,12.2,0.85,0.5
2026-09-30T21:08:33.636498+00:00,2,7,0.0,-0.28,-0.48
2026-09-30T21:42:08.761036+00:00,1,156,12.2,0.85,0.5
2026-09-30T21:42:08.761036+00:00,2,7,0.0,-0.28,-0.48
2026-09-30T22:08:46.768908+00:00,1,156,12.2,0.85,0.5
2026-09-30T22:08:46.768908+00:00,2,7,0.0,-0.28,-0.48
2026-09-30T22:41:14.885962+00:00,1,156,12.2,0.85,0.5
2026-09-30T22:41:14.885962+00:00,2,7,0.0,-0.28,-0.48
2026-09-30T23:07:31.012032+00:00,1,155,12.3,0.85,0.5
2026-09-30T23:07:31.012032+00:00,2,7,0.0,-0.28,-0.48
2026-09-30T23:39:13.065219+00:00,1,155,12.3,0.85,0.5
2026-09-30T23:39:13.065219+00:00,2,7,0.0,-0.28,-0.48
2026-10-01T00:13:08.086993+00:00,1,154,12.3,0.86,0.51
2026-10-01T00:13:08.086993+00:00,2,7,0.0,-0.28,-0.48
2026-10-01T00:49:08.994355+00:00,1,154,12.3,0.86,0.51
2026-10-01T00:49:08.994355+00:00,2,7,0.0,-0.28,-0.48
2026-10-01T01:10:57.472405+00:00,1,153,12.4,0.86,0.52
2026-10-01T01:10:57.472405+00:00,2,7,0.0,-0.28,-0.48
2026-10-01T01:41:13.831296+00:00,1,153,12.4,0.86,0.52
2026-10-01T01:41:13.831296+00:00,2,7,0.0,-0.28,-0.48
2026-10-01T02:09:37.875297+00:00,1,153,12.4,0.86,0.52
2026-10-01T02:09:37.875297+00:00,2,7,0.0,-0.28,-0.48
2026-10-01T02:42:13.904870+00:00,1,153,12.4,0.86,0.52
2026-10-01T02:42:13.904870+00:00,2,7,0.0,-0.28,-0.48
2026-10-01T03:09:21.102880+00:00,1,153,12.4,0.86,0.52
2026-10-01T03:09:21.102880+00:00,2,7,0.0,-0.28,-0.48
2026-10-01T03:43:02.817970+00:00,1,153,12.4,0.86,0.52
2026-10-01T03:43:02.817970+00:00,2,7,0.0,-0.28,-0.48
2026-10-01T04:09:48.684623+00:00,1,153,12.4,0.86,0.54
2026-10-01T04:09:48.684623+00:00,2,7,0.0,-0.28,-0.48
2026-10-01T04:43:25.609281+00:00,1,153,12.4,0.86,0.54
2026-10-01T04:43:25.609281+00:00,2,7,0.0,-0.28,-0.48
2026-10-01T05:09:26.024789+00:00,1,153,12.4,0.87,0.54
2026-10-01T05:09:26.024789+00:00,2,7,0.0,-0.28,-0.48
2026-10-01T05:41:34.620224+00:00,1,153,12.4,0.87,0.54
2026-10-01T05:41:34.620224+00:00,2,7,0.0,-0.28,-0.48
2026-10-01T06:13:18.378585+00:00,1,154,12.3,0.86,0.54
2026-10-01T06:13:18.378585+00:00,2,6,0.0,-0.17,-0.24
2026-10-01T06:47:32.132293+00:00,1,154,12.3,0.86,0.54
2026-10-01T06:47:32.132293+00:00,2,6,0.0,-0.17,-0.24
2026-10-01T07:11:07.161511+00:00,1,154,12.3,0.86,0.54
2026-10-01T07:11:07.161511+00:00,2,6,0.0,-0.17,-0.24
2026-10-01T07:42:32.371740+00:00,1,154,12.3,0.86,0.54
2026-10-01T07:42:32.371740+00:00,2,6,0.0,-0.17,-0.24
2026-10-01T08:11:01.261511+00:00,1,154,12.3,0.86,0.54
2026-10-01T08:11:01.261511+00:00,2,6,0.0,-0.17,-0.24
2026-10-01T08:43:17.299392+00:00,1,154,12.3,0.86,0.54
2026-10-01T08:43:17.299392+00:00,2,6,0.0,-0.17,-0.24
2026-10-01T09:10:53.333945+00:00,1,155,12.3,0.86,0.54
2026-10-01T09:10:53.333945+00:00,2,6,0.0,-0.17,-0.24
2026-10-01T09:42:43.282967+00:00,1,155,12.3,0.86,0.54
2026-10-01T09:42:43.282967+00:00,2,6,0.0,-0.17,-0.24
2026-10-01T10:11:02.483380+00:00,1,156,12.2,0.85,0.53
2026-10-01T10:11:02.483380+00:00,2,6,0.0,-0.17,-0.24
2026-10-01T10:41:59.520296+00:00,1,156,12.2,0.85,0.53
2026-10-01T10:41:59.520296+00:00,2,6,0.0,-0.17,-0.24
2026-10-01T11:09:57.655596+00:00,1,157,12.1,0.85,0.52
2026-10-01T11:09:57.655596+00:00,2,6,0.0,-0.17,-0.24
2026-10-01T11:41:28.095793+00:00,1,157,12.1,0.85,0.52
2026-10-01T11:41:28.095793+00:00,2,6,0.0,-0.17,-0.24
2026-10-01T12:13:19.313025+00:00,1,156,12.2,0.86,0.53
2026-10-01T12:13:19.313025+00:00,2,7,0.0,-0.37,-0.48
2026-10-01T12:47:58.511346+00:00,1,156,12.2,0.86,0.53
2026-10-01T12:47:58.511346+00:00,2,7,0.0,-0.39,-0.48
2026-10-01T13:12:44.968385+00:00,1,156,12.2,0.86,0.53
2026-10-01T13:12:44.968385+00:00,2,7,0.0,-0.41,-0.48
2026-10-01T13:43:15.852050+00:00,1,156,12.2,0.87,0.53
2026-10-01T13:43:15.852050+00:00,2,7,0.0,-0.41,-0.48
2026-10-01T14:11:47.771809+00:00,1,156,12.2,0.88,0.53
2026-10-01T14:11:47.771809+00:00,2,7,0.0,-0.41,-0.48
2026-10-01T14:43:52.821644+00:00,1,156,12.2,0.88,0.53
2026-10-01T14:43:52.821644+00:00,2,7,0.0,-0.41,-0.48
2026-10-01T15:10:07.506064+00:00,1,156,12.2,0.88,0.53
2026-10-01T15:10:07.506064+00:00,2,7,0.0,-0.41,-0.48
2026-10-01T15:42:25.884277+00:00,1,156,12.2,0.88,0.53
2026-10-01T15:42:25.884277+00:00,2,7,0.0,-0.41,-0.48
2026-10-01T16:09:49.022589+00:00,1,156,12.2,0.88,0.53
2026-10-01T16:09:49.022589+00:00,2,7,0.0,-0.41,-0.48
2026-10-01T16:40:48.349158+00:00,1,156,12.2,0.88,0.53
2026-10-01T16:40:48.349158+00:00,2,7,0.0,-0.41,-0.48
2026-10-01T17:10:36.101540+00:00,1,156,12.2,0.88,0.53
2026-10-01T17:10:36.101540+00:00,2,7,0.0,-0.41,-0.48
2026-10-01T17:41:59.806582+00:00,1,156,12.2,0.88,0.53
2026-10-01T17:41:59.806582+00:00,2,7,0.0,-0.41,-0.48
2026-10-01T18:12:27.350037+00:00,1,156,12.2,0.88,0.53
2026-10-01T18:12:27.350037+00:00,2,7,0.0,-0.41,-0.48
2026-10-01T18:45:53.517277+00:00,1,156,12.2,0.88,0.53
2026-10-01T18:45:53.517277+00:00,2,7,0.0,-0.41,-0.48
2026-10-01T19:09:26.019499+00:00,1,156,12.2,0.88,0.53
2026-10-01T19:09:26.019499+00:00,2,7,0.0,-0.41,-0.48
2026-10-01T19:40:57.747739+00:00,1,156,12.2,0.88,0.53
2026-10-01T19:40:57.747739+00:00,2,7,0.0,-0.41,-0.48
2026-10-01T20:09:15.360054+00:00,1,156,12.2,0.88,0.53
2026-10-01T20:09:15.360054+00:00,2,7,0.0,-0.41,-0.48
2026-10-01T20:42:30.743361+00:00,1,156,12.2,0.88,0.53
2026-10-01T20:42:30.743361+00:00,2,7,0.0,-0.41,-0.48
2026-10-01T21:08:30.487662+00:00,1,156,12.2,0.88,0.53
2026-10-01T21:08:30.487662+00:00,2,7,0.0,-0.41,-0.48
2026-10-01T21:42:30.153962+00:00,1,156,12.2,0.88,0.53
2026-10-01T21:42:30.153962+00:00,2,7,0.0,-0.41,-0.48
2026-10-01T22:08:06.631047+00:00,1,155,11.6,0.84,0.52
2026-10-01T22:08:06.631047+00:00,2,7,0.0,-0.41,-0.48
2026-10-01T22:40:56.477092+00:00,1,155,11.6,0.84,0.52
2026-10-01T22:40:56.477092+00:00,2,7,0.0,-0.41,-0.48
2026-10-01T23:07:12.196133+00:00,1,154,11.0,0.81,0.52
2026-10-01T23:07:12.196133+00:00,2,7,0.0,-0.41,-0.48
2026-10-01T23:39:48.437926+00:00,1,154,11.0,0.81,0.52
2026-10-01T23:39:48.437926+00:00,2,7,0.0,-0.41,-0.48
2026-10-02T00:12:31.075709+00:00,1,153,10.5,0.78,0.52
2026-10-02T00:12:31.075709+00:00,2,7,0.0,-0.41,-0.48
2026-10-02T00:46:25.451029+00:00,1,153,10.5,0.78,0.52
2026-10-02T00:46:25.451029+00:00,2,7,0.0,-0.41,-0.48
2026-10-02T01:09:55.790379+00:00,1,153,10.5,0.78,0.52
2026-10-02T01:09:55.790379+00:00,2,7,0.0,-0.41,-0.48
2026-10-02T01:41:06.863940+00:00,1,153,10.5,0.78,0.52
2026-10-02T01:41:06.863940+00:00,2,7,0.0,-0.41,-0.48
2026-10-02T02:09:31.213317+00:00,1,153,10.5,0.78,0.52
2026-10-02T02:09:31.213317+00:00,2,7,0.0,-0.41,-0.48
2026-10-02T02:40:50.020361+00:00,1,153,10.5,0.78,0.52
2026-10-02T02:40:50.020361+00:00,2,7,0.0,-0.41,-0.48
2026-10-02T03:10:02.589291+00:00,1,154,10.4,0.78,0.52
2026-10-02T03:10:02.589291+00:00,2,7,0.0,-0.41,-0.48
2026-10-02T03:42:54.559286+00:00,1,154,10.4,0.78,0.52
2026-10-02T03:42:54.559286+00:00,2,7,0.0,-0.41,-0.48
2026-10-02T04:09:24.199157+00:00,1,154,9.7,0.76,0.52
2026-10-02T04:09:24.199157+00:00,2,7,0.0,-0.41,-0.48
2026-10-02T04:42:22.072594+00:00,1,154,9.7,0.77,0.52
2026-10-02T04:42:22.072594+00:00,2,7,0.0,-0.41,-0.48
2026-10-02T05:08:49.181422+00:00,1,155,10.3,0.78,0.52
2026-10-02T05:08:49.181422+00:00,2,7,0.0,-0.41,-0.48
2026-10-02T05:41:22.594115+00:00,1,155,10.3,0.78,0.52
2026-10-02T05:41:22.594115+00:00,2,7,0.0,-0.41,-0.48
2026-10-02T06:11:16.415204+00:00,1,156,10.3,0.79,0.53
2026-10-02T06:11:16.415204+00:00,2,7,0.0,-0.41,-0.48
2026-10-02T06:46:59.245610+00:00,1,156,10.3,0.78,0.53
2026-10-02T06:46:59.245610+00:00,2,7,0.0,-0.41,-0.48
2026-10-02T07:10:33.759813+00:00,1,154,9.7,0.76,0.53
2026-10-02T07:10:33.759813+00:00,2,7,0.0,-0.41,-0.48
2026-10-02T07:41:51.193051+00:00,1,154,9.7,0.76,0.53
2026-10-02T07:41:51.193051+00:00,2,7,0.0,-0.41,-0.48
2026-10-02T08:10:26.561279+00:00,1,152,9.2,0.72,0.53
2026-10-02T08:10:26.561279+00:00,2,7,0.0,-0.41,-0.48
2026-10-02T08:41:13.766895+00:00,1,152,9.2,0.72,0.53
2026-10-02T08:41:13.766895+00:00,2,7,0.0,-0.41,-0.48
2026-10-02T09:10:37.994741+00:00,1,150,8.7,0.69,0.53
2026-10-02T09:10:37.994741+00:00,2,7,0.0,-0.41,-0.48
2026-10-02T09:42:13.533211+00:00,1,150,8.7,0.69,0.53
2026-10-02T09:42:13.533211+00:00,2,7,0.0,-0.41,-0.48
2026-10-02T10:08:42.163776+00:00,1,148,8.8,0.71,0.54
2026-10-02T10:08:42.163776+00:00,2,7,0.0,-0.41,-0.48
2026-10-02T10:41:56.097784+00:00,1,148,8.8,0.71,0.54
2026-10-02T10:41:56.097784+00:00,2,7,0.0,-0.41,-0.48
2026-10-02T11:08:28.727413+00:00,1,147,8.8,0.71,0.54
2026-10-02T11:08:28.727413+00:00,2,7,0.0,-0.41,-0.48
2026-10-02T11:41:59.079632+00:00,1,147,8.8,0.71,0.54
2026-10-02T11:41:59.079632+00:00,2,7,0.0,-0.41,-0.48
2026-10-02T12:11:22.204207+00:00,1,145,8.3,0.69,0.54
2026-10-02T12:11:22.204207+00:00,2,7,0.0,-0.41,-0.48
2026-10-02T12:47:01.547833+00:00,1,145,8.3,0.69,0.54
2026-10-02T12:47:01.547833+00:00,2,7,0.0,-0.41,-0.48
2026-10-02T13:10:54.902903+00:00,1,148,10.8,0.84,0.61
2026-10-02T13:10:54.902903+00:00,2,7,0.0,-0.41,-0.48
2026-10-02T13:43:17.916729+00:00,1,148,10.8,0.84,0.61
2026-10-02T13:43:17.916729+00:00,2,7,0.0,-0.41,-0.48
2026-10-02T14:10:54.453076+00:00,1,149,11.4,0.88,0.61
2026-10-02T14:10:54.453076+00:00,2,7,0.0,-0.41,-0.48
2026-10-02T14:43:54.074319+00:00,1,149,11.4,0.88,0.61
2026-10-02T14:43:54.074319+00:00,2,7,0.0,-0.41,-0.48
2026-10-02T15:10:39.687832+00:00,1,153,13.1,0.99,0.62
2026-10-02T15:10:39.687832+00:00,2,7,0.0,-0.41,-0.48
2026-10-02T15:43:25.578830+00:00,1,153,13.1,0.98,0.62
2026-10-02T15:43:25.578830+00:00,2,7,0.0,-0.41,-0.48
2026-10-02T16:08:54.173166+00:00,1,154,13.0,0.99,0.62
2026-10-02T16:08:54.173166+00:00,2,7,0.0,-0.41,-0.48
2026-10-02T16:43:33.746433+00:00,1,154,13.0,0.98,0.62
2026-10-02T16:43:33.746433+00:00,2,7,0.0,-0.41,-0.48
2026-10-02T17:09:12.220148+00:00,1,154,13.0,0.98,0.62
2026-10-02T17:09:12.220148+00:00,2,7,0.0,-0.41,-0.48
2026-10-02T17:40:48.006397+00:00,1,154,13.0,0.98,0.62
2026-10-02T17:40:48.006397+00:00,2,7,0.0,-0.41,-0.48
2026-10-02T18:11:29.729861+00:00,1,154,13.0,0.98,0.62
2026-10-02T18:11:29.729861+00:00,2,7,0.0,-0.41,-0.48
2026-10-02T18:44:30.815771+00:00,1,154,13.0,0.98,0.62
2026-10-02T18:44:30.815771+00:00,2,7,0.0,-0.41,-0.48
2026-10-02T19:10:04.945846+00:00,1,155,12.9,0.97,0.62
2026-10-02T19:10:04.945846+00:00,2,7,0.0,-0.41,-0.48
2026-10-02T19:42:07.470435+00:00,1,155,12.9,0.97,0.62
2026-10-02T19:42:07.470435+00:00,2,7,0.0,-0.41,-0.48
2026-10-02T20:07:54.865193+00:00,1,157,12.7,0.96,0.62
2026-10-02T20:07:54.865193+00:00,2,7,0.0,-0.41,-0.48
2026-10-02T20:41:50.995870+00:00,1,157,12.7,0.96,0.62
2026-10-02T20:41:50.995870+00:00,2,7,0.0,-0.41,-0.48
2026-10-02T21:08:28.617859+00:00,1,158,12.7,0.96,0.62
2026-10-02T21:08:28.617859+00:00,2,7,0.0,-0.41,-0.48
2026-10-02T21:41:33.275375+00:00,1,158,12.7,0.96,0.62
2026-10-02T21:41:33.275375+00:00,2,7,0.0,-0.41,-0.48
2026-10-02T22:08:11.664614+00:00,1,160,13.1,0.99,0.62
2026-10-02T22:08:11.664614+00:00,2,8,0.0,-0.2,-0.24
2026-10-02T22:40:59.383777+00:00,1,160,13.1,0.99,0.62
2026-10-02T22:40:59.383777+00:00,2,8,0.0,-0.2,-0.24
2026-10-02T23:06:54.701126+00:00,1,159,13.2,0.98,0.62
2026-10-02T23:06:54.701126+00:00,2,10,0.0,0.0,0.15
2026-10-02T23:38:57.865961+00:00,1,159,13.2,0.98,0.62
2026-10-02T23:38:57.865961+00:00,2,10,0.0,0.0,0.15
2026-10-03T00:11:56.346938+00:00,1,160,13.1,0.97,0.61
2026-10-03T00:11:56.346938+00:00,2,10,0.0,0.0,0.15
2026-10-03T00:45:41.310397+00:00,1,160,13.1,0.97,0.61
2026-10-03T00:45:41.310397+00:00,2,10,0.0,0.0,0.15
2026-10-03T01:09:17.444465+00:00,1,162,13.0,0.97,0.62
2026-10-03T01:09:17.444465+00:00,2,10,0.0,0.0,0.15
2026-10-03T01:40:46.684542+00:00,1,162,13.0,0.97,0.62
2026-10-03T01:40:46.684542+00:00,2,10,0.0,0.0,0.15
2026-10-03T02:09:22.510557+00:00,1,163,12.9,0.97,0.62
2026-10-03T02:09:22.510557+00:00,2,10,0.0,0.0,0.15
2026-10-03T02:50:27.998436+00:00,1,163,12.9,0.97,0.62
2026-10-03T02:50:27.998436+00:00,2,10,0.0,0.0,0.15
2026-10-03T03:17:42.580127+00:00,1,163,12.9,0.97,0.62
2026-10-03T03:17:42.580127+00:00,2,10,0.0,0.0,0.15
2026-10-03T03:53:03.179311+00:00,1,163,12.9,0.97,0.62
2026-10-03T03:53:03.179311+00:00,2,10,0.0,0.0,0.15
2026-10-03T04:12:07.107596+00:00,1,166,12.7,0.94,0.61
2026-10-03T04:12:07.107596+00:00,2,10,0.0,0.0,0.15
2026-10-03T04:41:47.839442+00:00,1,166,12.7,0.94,0.61
2026-10-03T04:41:47.839442+00:00,2,10,0.0,0.0,0.15
2026-10-03T05:08:08.920680+00:00,1,167,12.6,0.93,0.6
2026-10-03T05:08:08.920680+00:00,2,10,0.0,0.0,0.15
2026-10-03T05:46:21.310716+00:00,1,167,12.6,0.93,0.6
2026-10-03T05:46:21.310716+00:00,2,10,0.0,0.0,0.15
2026-10-03T06:16:20.931368+00:00,1,167,12.6,0.93,0.6
2026-10-03T06:16:20.931368+00:00,2,10,0.0,0.0,0.15
2026-10-03T06:55:41.843030+00:00,1,167,12.6,0.93,0.6
2026-10-03T06:55:41.843030+00:00,2,10,0.0,0.0,0.15
2026-10-03T07:14:06.732803+00:00,1,168,12.5,0.92,0.59
2026-10-03T07:14:06.732803+00:00,2,10,0.0,0.0,0.15
2026-10-03T07:42:41.784091+00:00,1,168,12.5,0.92,0.59
2026-10-03T07:42:41.784091+00:00,2,10,0.0,0.0,0.15
2026-10-03T08:09:50.666054+00:00,1,167,12.6,0.92,0.6
2026-10-03T08:09:50.666054+00:00,2,10,0.0,0.0,0.15
2026-10-03T08:44:21.092400+00:00,1,167,12.6,0.92,0.6
2026-10-03T08:44:21.092400+00:00,2,10,0.0,0.0,0.15
2026-10-03T09:10:30.767456+00:00,1,167,12.6,0.91,0.58
2026-10-03T09:10:30.767456+00:00,2,10,0.0,0.0,0.15
2026-10-03T09:40:37.162980+00:00,1,167,12.6,0.91,0.58
2026-10-03T09:40:37.162980+00:00,2,10,0.0,0.0,0.15
2026-10-03T10:07:43.089060+00:00,1,167,12.6,0.9,0.55
2026-10-03T10:07:43.089060+00:00,2,10,0.0,0.0,0.15
2026-10-03T10:57:17.767974+00:00,1,167,12.6,0.9,0.55
2026-10-03T10:57:17.767974+00:00,2,10,0.0,0.0,0.15
2026-10-03T13:18:36.856560+00:00,1,167,12.6,0.9,0.55
2026-10-03T13:18:36.856560+00:00,2,10,0.0,0.0,0.15
2026-10-03T18:23:54.222424+00:00,1,163,12.9,0.87,0.52
2026-10-03T18:23:54.222424+00:00,2,10,0.0,0.0,0.15
2026-10-04T00:10:13.602452+00:00,1,165,12.7,0.85,0.5
2026-10-04T00:10:13.602452+00:00,2,10,0.0,0.0,0.15
2026-10-04T03:54:20.789140+00:00,1,163,12.9,0.84,0.5
2026-10-04T03:54:20.789140+00:00,2,10,0.0,0.0,0.15
2026-10-04T05:37:47.961645+00:00,1,163,12.9,0.83,0.41
2026-10-04T05:37:47.961645+00:00,2,10,0.0,0.0,0.15
2026-10-04T11:19:17.298519+00:00,1,164,12.8,0.85,0.51
2026-10-04T11:19:17.298519+00:00,2,8,0.0,-0.23,-0.24
2026-10-04T18:03:21.143607+00:00,1,168,12.5,0.88,0.51
2026-10-04T18:03:21.143607+00:00,2,8,0.0,-0.3,-0.24
2026-10-04T21:18:15.024754+00:00,1,171,12.3,0.89,0.52
2026-10-04T21:18:15.024754+00:00,2,8,0.0,-0.3,-0.24
2026-10-04T21:47:41.023900+00:00,1,171,12.3,0.89,0.52
2026-10-04T21:47:41.023900+00:00,2,8,0.0,-0.3,-0.24
2026-10-04T22:09:07.322860+00:00,1,172,12.2,0.89,0.53
2026-10-04T22:09:07.322860+00:00,2,8,0.0,-0.3,-0.24
2026-10-04T22:40:01.601481+00:00,1,172,12.2,0.89,0.53
2026-10-04T22:40:01.601481+00:00,2,8,0.0,-0.3,-0.24
2026-10-04T23:06:59.209325+00:00,1,172,12.2,0.89,0.53
2026-10-04T23:06:59.209325+00:00,2,9,0.0,-0.04,0.0
2026-10-04T23:40:24.350579+00:00,1,172,12.2,0.89,0.53
2026-10-04T23:40:24.350579+00:00,2,9,0.0,-0.04,0.0
2026-10-05T00:12:54.874742+00:00,1,173,12.1,0.9,0.53
2026-10-05T00:12:54.874742+00:00,2,9,0.0,-0.03,0.0
2026-10-05T00:50:05.373287+00:00,1,173,12.1,0.9,0.53
2026-10-05T00:50:05.373287+00:00,2,9,0.0,-0.03,0.0
2026-10-05T01:10:32.724333+00:00,1,173,12.1,0.91,0.54
2026-10-05T01:10:32.724333+00:00,2,9,0.0,-0.03,0.0
2026-10-05T01:42:22.054534+00:00,1,173,12.1,0.91,0.54
2026-10-05T01:42:22.054534+00:00,2,9,0.0,-0.03,0.0
2026-10-05T02:08:17.447028+00:00,1,173,12.1,0.92,0.54
2026-10-05T02:08:17.447028+00:00,2,9,0.0,-0.03,0.0
2026-10-05T02:43:19.101607+00:00,1,173,12.1,0.92,0.54
2026-10-05T02:43:19.101607+00:00,2,9,0.0,-0.03,0.0
2026-10-05T03:10:12.645388+00:00,1,174,12.1,0.93,0.55
2026-10-05T03:10:12.645388+00:00,2,9,0.0,-0.03,0.0
2026-10-05T03:44:55.822437+00:00,1,174,12.1,0.93,0.55
2026-10-05T03:44:55.822437+00:00,2,9,0.0,-0.03,0.0
2026-10-05T04:12:17.795424+00:00,1,175,12.0,0.93,0.55
2026-10-05T04:12:17.795424+00:00,2,9,0.0,-0.03,0.0
2026-10-05T05:00:59.553027+00:00,1,176,11.9,0.92,0.57
2026-10-05T05:00:59.553027+00:00,2,9,0.0,-0.03,0.0
2026-10-05T05:45:53.161010+00:00,1,176,11.9,0.92,0.57
2026-10-05T05:45:53.161010+00:00,2,9,0.0,-0.03,0.0
2026-10-05T06:15:27.137193+00:00,1,177,11.9,0.93,0.58
2026-10-05T06:15:27.137193+00:00,2,9,0.0,-0.03,0.0
2026-10-05T06:52:44.651354+00:00,1,177,11.9,0.93,0.58
2026-10-05T06:52:44.651354+00:00,2,9,0.0,-0.03,0.0
2026-10-05T07:14:44.470763+00:00,1,178,11.8,0.93,0.59
2026-10-05T07:14:44.470763+00:00,2,9,0.0,-0.03,0.0
2026-10-05T07:44:35.137675+00:00,1,178,11.8,0.93,0.59
2026-10-05T07:44:35.137675+00:00,2,9,0.0,-0.03,0.0
2026-10-05T08:12:04.092547+00:00,1,177,11.3,0.92,0.6
2026-10-05T08:12:04.092547+00:00,2,9,0.0,-0.03,0.0
2026-10-05T08:44:50.243594+00:00,1,177,11.3,0.92,0.6
2026-10-05T08:44:50.243594+00:00,2,9,0.0,-0.03,0.0
2026-10-05T09:11:44.522882+00:00,1,176,10.8,0.89,0.59
2026-10-05T09:11:44.522882+00:00,2,9,0.0,-0.03,0.0
2026-10-05T09:44:33.851995+00:00,1,176,10.8,0.89,0.59
2026-10-05T09:44:33.851995+00:00,2,9,0.0,-0.03,0.0
2026-10-05T10:11:48.792454+00:00,1,175,10.3,0.86,0.58
2026-10-05T10:11:48.792454+00:00,2,9,0.0,-0.03,0.0
2026-10-05T10:43:35.749299+00:00,1,175,10.3,0.86,0.58
2026-10-05T10:43:35.749299+00:00,2,9,0.0,-0.03,0.0
2026-10-05T11:10:06.275224+00:00,1,174,9.8,0.83,0.57
2026-10-05T11:10:06.275224+00:00,2,9,0.0,-0.03,0.0
2026-10-05T11:44:36.693344+00:00,1,174,9.8,0.83,0.57
2026-10-05T11:44:36.693344+00:00,2,9,0.0,-0.03,0.0
2026-10-05T12:12:25.326596+00:00,1,172,9.3,0.81,0.57
2026-10-05T12:12:25.326596+00:00,2,9,0.0,-0.03,0.0
2026-10-05T12:49:21.405276+00:00,1,172,9.3,0.81,0.57
2026-10-05T12:49:21.405276+00:00,2,9,0.0,-0.03,0.0
2026-10-05T13:13:33.094723+00:00,1,172,8.7,0.77,0.55
2026-10-05T13:13:33.094723+00:00,2,8,0.0,0.12,0.15
2026-10-05T13:45:17.867419+00:00,1,172,8.7,0.77,0.55
2026-10-05T13:45:17.867419+00:00,2,8,0.0,0.12,0.15
2026-10-05T14:13:10.803993+00:00,1,169,8.3,0.76,0.55
2026-10-05T14:13:10.803993+00:00,2,8,0.0,0.12,0.15
2026-10-05T14:45:25.042254+00:00,1,169,8.3,0.76,0.55
2026-10-05T14:45:25.042254+00:00,2,8,0.0,0.12,0.15
2026-10-05T15:11:53.004515+00:00,1,167,7.8,0.74,0.55
2026-10-05T15:11:53.004515+00:00,2,8,0.0,0.12,0.15
2026-10-05T15:44:32.307940+00:00,1,167,7.8,0.74,0.55
2026-10-05T15:44:32.307940+00:00,2,8,0.0,0.12,0.15
2026-10-05T16:09:59.192661+00:00,1,165,7.3,0.72,0.55
2026-10-05T16:09:59.192661+00:00,2,8,0.0,0.12,0.15
2026-10-05T16:44:35.308265+00:00,1,165,7.3,0.72,0.55
2026-10-05T16:44:35.308265+00:00,2,8,0.0,0.12,0.15
2026-10-05T17:08:48.320198+00:00,1,165,7.3,0.72,0.55
2026-10-05T17:08:48.320198+00:00,2,8,0.0,0.12,0.15
2026-10-05T17:42:27.561056+00:00,1,165,7.3,0.72,0.55
2026-10-05T17:42:27.561056+00:00,2,8,0.0,0.12,0.15
2026-10-05T18:12:16.230873+00:00,1,165,7.3,0.72,0.55
2026-10-05T18:12:16.230873+00:00,2,7,0.0,0.21,0.3
2026-10-05T18:47:46.274605+00:00,1,165,7.3,0.72,0.55
2026-10-05T18:47:46.274605+00:00,2,7,0.0,0.21,0.3
2026-10-05T21:42:46.132370+00:00,1,162,7.4,0.75,0.59
2026-10-05T21:42:46.132370+00:00,2,7,0.0,0.21,0.3
2026-10-05T22:09:10.668140+00:00,1,162,7.4,0.75,0.59
2026-10-05T22:09:10.668140+00:00,2,7,0.0,0.21,0.3
2026-10-05T22:39:29.117632+00:00,1,162,7.4,0.75,0.59
2026-10-05T22:39:29.117632+00:00,2,7,0.0,0.21,0.3
2026-10-05T23:07:52.101735+00:00,1,162,7.4,0.74,0.59
2026-10-05T23:07:52.101735+00:00,2,7,0.0,0.21,0.3
2026-10-05T23:38:31.523364+00:00,1,162,7.4,0.74,0.59
2026-10-05T23:38:31.523364+00:00,2,7,0.0,0.21,0.3
2026-10-06T00:13:08.112354+00:00,1,160,7.5,0.75,0.59
2026-10-06T00:13:08.112354+00:00,2,7,0.0,0.21,0.3
2026-10-06T00:49:52.435284+00:00,1,160,7.5,0.75,0.59
2026-10-06T00:49:52.435284+00:00,2,7,0.0,0.21,0.3
2026-10-06T01:10:10.679452+00:00,1,160,7.5,0.75,0.59
2026-10-06T01:10:10.679452+00:00,2,7,0.0,0.21,0.3
2026-10-06T01:40:32.800502+00:00,1,160,7.5,0.75,0.59
2026-10-06T01:40:32.800502+00:00,2,7,0.0,0.21,0.3
2026-10-06T02:09:00.033307+00:00,1,159,7.5,0.75,0.58
2026-10-06T02:09:00.033307+00:00,2,7,0.0,0.21,0.3
2026-10-06T02:42:42.503084+00:00,1,159,7.5,0.75,0.58
2026-10-06T02:42:42.503084+00:00,2,7,0.0,0.21,0.3
2026-10-06T03:08:45.731760+00:00,1,158,7.6,0.75,0.57
2026-10-06T03:08:45.731760+00:00,2,7,0.0,0.21,0.3
2026-10-06T03:43:31.480675+00:00,1,158,7.6,0.75,0.57
2026-10-06T03:43:31.480675+00:00,2,7,0.0,0.21,0.3
2026-10-06T04:10:16.845459+00:00,1,157,7.6,0.76,0.58
2026-10-06T04:10:16.845459+00:00,2,7,0.0,0.21,0.3
2026-10-06T04:43:00.451534+00:00,1,157,7.6,0.76,0.58
2026-10-06T04:43:00.451534+00:00,2,7,0.0,0.21,0.3
2026-10-06T05:09:21.377783+00:00,1,156,7.7,0.76,0.57
2026-10-06T05:09:21.377783+00:00,2,7,0.0,0.21,0.3
2026-10-06T05:41:55.457566+00:00,1,156,7.7,0.76,0.57
2026-10-06T05:41:55.457566+00:00,2,7,0.0,0.21,0.3
2026-10-06T06:11:37.712793+00:00,1,155,7.7,0.76,0.55
2026-10-06T06:11:37.712793+00:00,2,7,0.0,0.21,0.3
2026-10-06T06:48:25.356078+00:00,1,155,7.7,0.76,0.55
2026-10-06T06:48:25.356078+00:00,2,7,0.0,0.21,0.3
2026-10-06T07:10:55.813932+00:00,1,154,7.8,0.76,0.55
2026-10-06T07:10:55.813932+00:00,2,7,0.0,0.21,0.3
2026-10-06T07:42:56.638639+00:00,1,154,7.8,0.76,0.55
2026-10-06T07:42:56.638639+00:00,2,7,0.0,0.21,0.3
2026-10-06T08:10:44.392288+00:00,1,154,7.8,0.76,0.55
2026-10-06T08:10:44.392288+00:00,2,7,0.0,0.21,0.3
2026-10-06T08:42:46.629559+00:00,1,154,7.8,0.76,0.55
2026-10-06T08:42:46.629559+00:00,2,7,0.0,0.21,0.3
2026-10-06T09:10:26.218000+00:00,1,154,7.8,0.76,0.55
2026-10-06T09:10:26.218000+00:00,2,7,0.0,0.21,0.3
2026-10-06T09:42:59.839386+00:00,1,154,7.8,0.76,0.55
2026-10-06T09:42:59.839386+00:00,2,7,0.0,0.21,0.3
2026-10-06T10:09:49.166660+00:00,1,154,7.8,0.76,0.55
2026-10-06T10:09:49.166660+00:00,2,7,0.0,0.21,0.3
2026-10-06T10:42:36.091507+00:00,1,154,7.8,0.76,0.55
2026-10-06T10:42:36.091507+00:00,2,7,0.0,0.21,0.3
2026-10-06T11:09:47.131703+00:00,1,153,7.8,0.76,0.54
2026-10-06T11:09:47.131703+00:00,2,7,0.0,0.21,0.3
2026-10-06T11:41:57.505561+00:00,1,153,7.8,0.76,0.54
2026-10-06T11:41:57.505561+00:00,2,7,0.0,0.21,0.3
2026-10-06T12:11:44.087492+00:00,1,152,7.9,0.76,0.54
2026-10-06T12:11:44.087492+00:00,2,7,0.0,0.21,0.3
2026-10-06T12:47:08.075608+00:00,1,152,7.9,0.76,0.54
2026-10-06T12:47:08.075608+00:00,2,7,0.0,0.21,0.3
2026-10-06T13:11:16.117159+00:00,1,150,8.0,0.76,0.54
2026-10-06T13:11:16.117159+00:00,2,7,0.0,0.21,0.3
2026-10-06T13:43:02.211995+00:00,1,150,8.0,0.76,0.54
2026-10-06T13:43:02.211995+00:00,2,7,0.0,0.21,0.3
2026-10-06T14:12:07.653861+00:00,1,151,7.9,0.76,0.54
2026-10-06T14:12:07.653861+00:00,2,7,0.0,0.21,0.3
2026-10-06T14:42:27.132759+00:00,1,151,7.9,0.76,0.54
2026-10-06T14:42:27.132759+00:00,2,7,0.0,0.21,0.3
2026-10-06T15:11:39.527785+00:00,1,151,7.9,0.76,0.54
2026-10-06T15:11:39.527785+00:00,2,7,0.0,0.21,0.3
2026-10-06T15:42:22.529482+00:00,1,151,7.9,0.76,0.54
2026-10-06T15:42:22.529482+00:00,2,7,0.0,0.21,0.3
2026-10-06T16:11:03.996207+00:00,1,151,7.9,0.76,0.54
2026-10-06T16:11:03.996207+00:00,2,7,0.0,0.21,0.3
2026-10-06T16:43:19.255027+00:00,1,151,7.9,0.76,0.53
2026-10-06T16:43:19.255027+00:00,2,7,0.0,0.21,0.3
2026-10-06T17:08:59.038970+00:00,1,152,7.9,0.75,0.53
2026-10-06T17:08:59.038970+00:00,2,7,0.0,0.21,0.3
2026-10-06T17:41:56.174201+00:00,1,152,7.9,0.75,0.53
2026-10-06T17:41:56.174201+00:00,2,7,0.0,0.21,0.3
2026-10-06T18:09:46.189105+00:00,1,152,7.9,0.75,0.52
2026-10-06T18:09:46.189105+00:00,2,7,0.0,0.21,0.3
2026-10-06T18:46:08.087917+00:00,1,152,7.9,0.75,0.52
2026-10-06T18:46:08.087917+00:00,2,7,0.0,0.21,0.3
2026-10-06T19:08:18.433620+00:00,1,151,7.9,0.76,0.52
2026-10-06T19:08:18.433620+00:00,2,7,0.0,0.21,0.3
2026-10-06T19:41:29.791791+00:00,1,151,7.9,0.76,0.52
2026-10-06T19:41:29.791791+00:00,2,7,0.0,0.21,0.3
2026-10-06T20:08:30.876309+00:00,1,151,7.9,0.76,0.52
2026-10-06T20:08:30.876309+00:00,2,7,0.0,0.21,0.3
2026-10-06T20:42:49.237052+00:00,1,151,7.9,0.76,0.52
2026-10-06T20:42:49.237052+00:00,2,7,0.0,0.21,0.3
2026-10-06T21:08:06.760784+00:00,1,151,7.9,0.76,0.52
2026-10-06T21:08:06.760784+00:00,2,7,0.0,0.21,0.3
2026-10-06T21:41:19.391563+00:00,1,151,7.9,0.76,0.52
2026-10-06T21:41:19.391563+00:00,2,7,0.0,0.21,0.3
2026-10-06T22:08:17.100403+00:00,1,152,7.9,0.74,0.52
2026-10-06T22:08:17.100403+00:00,2,7,0.0,0.21,0.3
2026-10-06T22:41:04.559826+00:00,1,152,7.9,0.74,0.52
2026-10-06T22:41:04.559826+00:00,2,7,0.0,0.21,0.3
2026-10-06T23:07:45.186929+00:00,1,152,7.9,0.74,0.52
2026-10-06T23:07:45.186929+00:00,2,7,0.0,0.21,0.3
2026-10-06T23:40:39.774715+00:00,1,152,7.9,0.74,0.52
2026-10-06T23:40:39.774715+00:00,2,7,0.0,0.21,0.3
2026-10-07T00:13:42.003778+00:00,1,151,7.9,0.76,0.52
2026-10-07T00:13:42.003778+00:00,2,7,0.0,0.21,0.3
2026-10-07T00:51:32.319423+00:00,1,151,7.9,0.76,0.52
2026-10-07T00:51:32.319423+00:00,2,7,0.0,0.21,0.3
2026-10-07T01:14:46.073087+00:00,1,150,8.0,0.77,0.53
2026-10-07T01:14:46.073087+00:00,2,7,0.0,0.21,0.3
2026-10-07T01:42:50.681693+00:00,1,150,8.0,0.77,0.53
2026-10-07T01:42:50.681693+00:00,2,7,0.0,0.21,0.3
2026-10-07T02:09:39.903883+00:00,1,150,8.0,0.77,0.53
2026-10-07T02:09:39.903883+00:00,2,7,0.0,0.21,0.3
2026-10-07T02:42:53.141454+00:00,1,150,8.0,0.77,0.53
2026-10-07T02:42:53.141454+00:00,2,7,0.0,0.21,0.3
2026-10-07T03:09:50.945592+00:00,1,150,8.0,0.77,0.53
2026-10-07T03:09:50.945592+00:00,2,7,0.0,0.21,0.3
2026-10-07T03:43:43.648882+00:00,1,150,8.0,0.77,0.53
2026-10-07T03:43:43.648882+00:00,2,7,0.0,0.21,0.3
2026-10-07T04:09:41.332290+00:00,1,151,7.9,0.75,0.52
2026-10-07T04:09:41.332290+00:00,2,7,0.0,0.21,0.3
2026-10-07T04:45:34.111160+00:00,1,151,7.9,0.75,0.52
2026-10-07T04:45:34.111160+00:00,2,7,0.0,0.21,0.3
2026-10-07T05:10:14.267900+00:00,1,152,7.9,0.74,0.52
2026-10-07T05:10:14.267900+00:00,2,7,0.0,0.21,0.3
2026-10-07T05:42:36.444729+00:00,1,152,7.9,0.74,0.52
2026-10-07T05:42:36.444729+00:00,2,7,0.0,0.21,0.3
2026-10-07T06:10:41.065822+00:00,1,153,7.8,0.72,0.52
2026-10-07T06:10:41.065822+00:00,2,7,0.0,0.21,0.3
2026-10-07T06:47:45.980550+00:00,1,153,7.8,0.72,0.52
2026-10-07T06:47:45.980550+00:00,2,7,0.0,0.21,0.3
2026-10-07T07:10:58.869076+00:00,1,153,7.8,0.72,0.52
2026-10-07T07:10:58.869076+00:00,2,7,0.0,0.21,0.3
2026-10-07T07:43:29.861440+00:00,1,153,7.8,0.72,0.52
2026-10-07T07:43:29.861440+00:00,2,7,0.0,0.21,0.3
2026-10-07T08:11:27.732261+00:00,1,153,7.8,0.72,0.52
2026-10-07T08:11:27.732261+00:00,2,7,0.0,0.21,0.3
2026-10-07T08:43:53.248815+00:00,1,153,7.8,0.72,0.52
2026-10-07T08:43:53.248815+00:00,2,7,0.0,0.21,0.3
2026-10-07T09:10:49.949397+00:00,1,153,7.8,0.72,0.52
2026-10-07T09:10:49.949397+00:00,2,7,0.0,0.21,0.3
2026-10-07T09:44:00.676231+00:00,1,153,7.8,0.72,0.52
2026-10-07T09:44:00.676231+00:00,2,7,0.0,0.21,0.3
2026-10-07T10:10:51.861590+00:00,1,153,7.8,0.72,0.52
2026-10-07T10:10:51.861590+00:00,2,7,0.0,0.21,0.3
2026-10-07T10:42:37.622654+00:00,1,153,7.8,0.72,0.52
2026-10-07T10:42:37.622654+00:00,2,7,0.0,0.21,0.3
2026-10-07T11:09:47.041321+00:00,1,153,7.8,0.72,0.52
2026-10-07T11:09:47.041321+00:00,2,7,0.0,0.21,0.3
2026-10-07T11:42:26.371630+00:00,1,153,7.8,0.72,0.52
2026-10-07T11:42:26.371630+00:00,2,7,0.0,0.21,0.3
2026-10-07T12:13:19.448493+00:00,1,154,7.8,0.7,0.51
2026-10-07T12:13:19.448493+00:00,2,7,0.0,0.21,0.3
2026-10-07T12:50:19.984514+00:00,1,154,7.8,0.7,0.51
2026-10-07T12:50:19.984514+00:00,2,7,0.0,0.21,0.3
2026-10-07T13:13:29.865186+00:00,1,154,7.8,0.7,0.51
2026-10-07T13:13:29.865186+00:00,2,7,0.0,0.21,0.3
2026-10-07T13:42:55.112073+00:00,1,154,7.8,0.7,0.51
2026-10-07T13:42:55.112073+00:00,2,7,0.0,0.21,0.3
2026-10-07T14:10:43.104109+00:00,1,154,7.8,0.7,0.51
2026-10-07T14:10:43.104109+00:00,2,7,0.0,0.21,0.3
2026-10-07T14:43:02.207646+00:00,1,154,7.8,0.7,0.51
2026-10-07T14:43:02.207646+00:00,2,7,0.0,0.21,0.3
2026-10-07T15:20:53.398687+00:00,1,154,7.8,0.7,0.51
2026-10-07T15:20:53.398687+00:00,2,7,0.0,0.21,0.3
2026-10-07T15:48:46.889512+00:00,1,154,7.8,0.7,0.51
2026-10-07T15:48:46.889512+00:00,2,7,0.0,0.21,0.3
2026-10-07T16:12:44.120504+00:00,1,154,7.8,0.7,0.51
2026-10-07T16:12:44.120504+00:00,2,7,0.0,0.21,0.3
2026-10-07T16:45:00.351141+00:00,1,154,7.8,0.7,0.51
2026-10-07T16:45:00.351141+00:00,2,7,0.0,0.21,0.3
2026-10-07T17:17:48.341379+00:00,1,154,7.8,0.7,0.51
2026-10-07T17:17:48.341379+00:00,2,7,0.0,0.21,0.3
2026-10-07T17:42:58.571413+00:00,1,154,7.8,0.7,0.51
2026-10-07T17:42:58.571413+00:00,2,7,0.0,0.21,0.3
2026-10-07T18:11:32.034227+00:00,1,154,7.8,0.7,0.51
2026-10-07T18:11:32.034227+00:00,2,7,0.0,0.21,0.3
2026-10-07T18:46:58.684613+00:00,1,154,7.8,0.7,0.51
2026-10-07T18:46:58.684613+00:00,2,7,0.0,0.21,0.3
2026-10-07T19:10:20.779917+00:00,1,154,7.8,0.7,0.51
2026-10-07T19:10:20.779917+00:00,2,7,0.0,0.21,0.3
2026-10-07T19:41:34.549946+00:00,1,154,7.8,0.7,0.51
2026-10-07T19:41:34.549946+00:00,2,7,0.0,0.21,0.3
2026-10-07T20:09:24.101395+00:00,1,154,7.8,0.7,0.51
2026-10-07T20:09:24.101395+00:00,2,7,0.0,0.21,0.3
2026-10-07T20:42:21.517595+00:00,1,154,7.8,0.7,0.51
2026-10-07T20:42:21.517595+00:00,2,7,0.0,0.21,0.3
2026-10-07T21:09:08.428356+00:00,1,154,7.8,0.7,0.51
2026-10-07T21:09:08.428356+00:00,2,7,0.0,0.21,0.3
2026-10-07T21:42:51.225355+00:00,1,154,7.8,0.7,0.51
2026-10-07T21:42:51.225355+00:00,2,7,0.0,0.21,0.3
2026-10-07T22:08:25.337496+00:00,1,154,7.8,0.7,0.51
2026-10-07T22:08:25.337496+00:00,2,7,0.0,0.21,0.3
2026-10-07T22:41:39.708930+00:00,1,154,7.8,0.7,0.51
2026-10-07T22:41:39.708930+00:00,2,7,0.0,0.21,0.3
2026-10-07T23:06:53.843293+00:00,1,156,7.7,0.68,0.5
2026-10-07T23:06:53.843293+00:00,2,7,0.0,0.21,0.3
2026-10-07T23:40:29.649513+00:00,1,156,7.7,0.68,0.5
2026-10-07T23:40:29.649513+00:00,2,7,0.0,0.21,0.3
2026-10-08T00:12:28.125208+00:00,1,156,7.7,0.68,0.5
2026-10-08T00:12:28.125208+00:00,2,7,0.0,0.21,0.3
2026-10-08T00:51:24.752240+00:00,1,156,7.7,0.68,0.5
2026-10-08T00:51:24.752240+00:00,2,7,0.0,0.21,0.3
2026-10-08T01:11:45.084679+00:00,1,157,7.6,0.68,0.5
2026-10-08T01:11:45.084679+00:00,2,7,0.0,0.21,0.3
2026-10-08T01:43:06.778013+00:00,1,157,7.6,0.68,0.5
2026-10-08T01:43:06.778013+00:00,2,7,0.0,0.21,0.3
2026-10-08T02:09:23.458029+00:00,1,158,7.6,0.67,0.48
2026-10-08T02:09:23.458029+00:00,2,7,0.0,0.21,0.3
2026-10-08T02:41:46.478987+00:00,1,158,7.6,0.67,0.48
2026-10-08T02:41:46.478987+00:00,2,7,0.0,0.21,0.3
2026-10-08T03:09:47.493900+00:00,1,160,7.5,0.63,0.45
2026-10-08T03:09:47.493900+00:00,2,7,0.0,0.21,0.3
2026-10-08T03:44:21.887742+00:00,1,160,7.5,0.63,0.45
2026-10-08T03:44:21.887742+00:00,2,7,0.0,0.21,0.3
2026-10-08T04:10:03.292109+00:00,1,161,7.5,0.61,0.45
2026-10-08T04:10:03.292109+00:00,2,7,0.0,0.21,0.3
2026-10-08T04:43:54.220940+00:00,1,161,7.5,0.61,0.45
2026-10-08T04:43:54.220940+00:00,2,7,0.0,0.21,0.3
2026-10-08T05:10:37.891733+00:00,1,162,7.4,0.6,0.44
2026-10-08T05:10:37.891733+00:00,2,7,0.0,0.21,0.3
2026-10-08T05:42:33.001932+00:00,1,162,7.4,0.6,0.44
2026-10-08T05:42:33.001932+00:00,2,7,0.0,0.21,0.3
2026-10-08T06:12:42.681476+00:00,1,163,7.4,0.58,0.44
2026-10-08T06:12:42.681476+00:00,2,7,0.0,0.21,0.3
2026-10-08T06:49:55.400577+00:00,1,163,7.4,0.58,0.44
2026-10-08T06:49:55.400577+00:00,2,7,0.0,0.21,0.3
2026-10-08T07:12:26.339411+00:00,1,163,7.4,0.59,0.44
2026-10-08T07:12:26.339411+00:00,2,7,0.0,0.21,0.3
2026-10-08T07:44:12.189245+00:00,1,163,7.4,0.59,0.44
2026-10-08T07:44:12.189245+00:00,2,7,0.0,0.21,0.3
2026-10-08T08:11:12.614644+00:00,1,163,7.4,0.59,0.44
2026-10-08T08:11:12.614644+00:00,2,8,0.0,0.04,0.15
2026-10-08T08:44:41.877929+00:00,1,163,7.4,0.59,0.44
2026-10-08T08:44:41.877929+00:00,2,8,0.0,0.02,0.15
2026-10-08T09:10:59.580874+00:00,1,163,7.4,0.6,0.44
2026-10-08T09:10:59.580874+00:00,2,8,0.0,0.02,0.15
2026-10-08T09:43:59.493184+00:00,1,163,7.4,0.6,0.44
2026-10-08T09:43:59.493184+00:00,2,8,0.0,0.02,0.15
2026-10-08T10:11:12.215653+00:00,1,163,7.4,0.6,0.44
2026-10-08T10:11:12.215653+00:00,2,8,0.0,0.02,0.15
2026-10-08T10:43:29.122935+00:00,1,163,7.4,0.6,0.44
2026-10-08T10:43:29.122935+00:00,2,8,0.0,0.02,0.15
2026-10-08T11:10:10.857358+00:00,1,163,7.4,0.6,0.44
2026-10-08T11:10:10.857358+00:00,2,8,0.0,0.02,0.15
2026-10-08T11:42:47.814407+00:00,1,163,7.4,0.6,0.44
2026-10-08T11:42:47.814407+00:00,2,8,0.0,0.02,0.15
2026-10-08T12:13:02.888587+00:00,1,163,7.4,0.6,0.44
2026-10-08T12:13:02.888587+00:00,2,8,0.0,0.02,0.15
2026-10-08T12:50:17.389061+00:00,1,163,7.4,0.6,0.44
2026-10-08T12:50:17.389061+00:00,2,8,0.0,0.02,0.15
2026-10-08T13:14:20.392393+00:00,1,162,7.4,0.6,0.43
2026-10-08T13:14:20.392393+00:00,2,8,0.0,0.02,0.15
2026-10-08T13:44:07.074171+00:00,1,162,7.4,0.6,0.43
2026-10-08T13:44:07.074171+00:00,2,8,0.0,0.02,0.15
2026-10-08T14:12:19.205539+00:00,1,161,7.5,0.59,0.43
2026-10-08T14:12:19.205539+00:00,2,8,0.0,0.02,0.15
2026-10-08T14:45:59.151099+00:00,1,161,7.5,0.59,0.43
2026-10-08T14:45:59.151099+00:00,2,8,0.0,0.02,0.15
2026-10-08T15:10:28.244667+00:00,1,162,7.4,0.58,0.42
2026-10-08T15:10:28.244667+00:00,2,8,0.0,0.02,0.15
2026-10-08T15:45:11.175398+00:00,1,162,7.4,0.57,0.42
2026-10-08T15:45:11.175398+00:00,2,8,0.0,0.02,0.15
2026-10-08T16:11:55.228995+00:00,1,163,7.4,0.55,0.41
2026-10-08T16:11:55.228995+00:00,2,8,0.0,0.02,0.15
2026-10-08T16:46:01.288154+00:00,1,163,7.4,0.55,0.41
2026-10-08T16:46:01.288154+00:00,2,8,0.0,0.02,0.15
2026-10-08T17:10:23.233523+00:00,1,163,7.4,0.53,0.41
2026-10-08T17:10:23.233523+00:00,2,8,0.0,0.02,0.15
2026-10-08T17:43:04.479489+00:00,1,163,7.4,0.53,0.41
2026-10-08T17:43:04.479489+00:00,2,8,0.0,0.02,0.15
2026-10-08T18:10:56.838195+00:00,1,164,7.3,0.51,0.39
2026-10-08T18:10:56.838195+00:00,2,8,0.0,0.02,0.15
2026-10-08T18:47:07.864309+00:00,1,164,7.3,0.51,0.39
2026-10-08T18:47:07.864309+00:00,2,8,0.0,0.02,0.15
2026-10-08T19:10:32.220509+00:00,1,165,7.3,0.5,0.37
2026-10-08T19:10:32.220509+00:00,2,8,0.0,0.02,0.15
2026-10-08T19:43:02.389757+00:00,1,165,7.3,0.5,0.37
2026-10-08T19:43:02.389757+00:00,2,8,0.0,0.02,0.15
2026-10-08T20:11:06.292946+00:00,1,166,7.2,0.48,0.36
2026-10-08T20:11:06.292946+00:00,2,8,0.0,0.02,0.15
2026-10-08T20:44:01.268506+00:00,1,166,7.2,0.48,0.36
2026-10-08T20:44:01.268506+00:00,2,8,0.0,0.02,0.15
2026-10-08T21:10:12.261901+00:00,1,166,7.2,0.48,0.36
2026-10-08T21:10:12.261901+00:00,2,8,0.0,0.02,0.15
2026-10-08T21:43:07.445886+00:00,1,166,7.2,0.48,0.36
2026-10-08T21:43:07.445886+00:00,2,8,0.0,0.02,0.15
2026-10-08T22:09:57.565259+00:00,1,167,7.2,0.47,0.36
2026-10-08T22:09:57.565259+00:00,2,8,0.0,0.02,0.15
2026-10-08T22:42:35.913480+00:00,1,167,7.2,0.47,0.36
2026-10-08T22:42:35.913480+00:00,2,8,0.0,0.02,0.15
2026-10-08T23:09:10.823706+00:00,1,168,7.1,0.46,0.36
2026-10-08T23:09:10.823706+00:00,2,8,0.0,0.02,0.15
2026-10-08T23:41:27.492084+00:00,1,168,7.1,0.46,0.36
2026-10-08T23:41:27.492084+00:00,2,8,0.0,0.02,0.15
2026-10-09T00:14:22.287481+00:00,1,169,7.1,0.44,0.36
2026-10-09T00:14:22.287481+00:00,2,8,0.0,0.02,0.15
2026-10-09T00:54:18.104991+00:00,1,169,7.1,0.44,0.36
2026-10-09T00:54:18.104991+00:00,2,8,0.0,0.02,0.15
2026-10-09T01:13:57.109929+00:00,1,170,7.1,0.43,0.35
2026-10-09T01:13:57.109929+00:00,2,8,0.0,0.02,0.15
2026-10-09T01:44:13.094169+00:00,1,170,7.1,0.43,0.35
2026-10-09T01:44:13.094169+00:00,2,8,0.0,0.02,0.15
2026-10-09T02:09:57.790448+00:00,1,170,7.1,0.43,0.35
2026-10-09T02:09:57.790448+00:00,2,8,0.0,0.02,0.15
2026-10-09T02:42:43.671159+00:00,1,170,7.1,0.43,0.35
2026-10-09T02:42:43.671159+00:00,2,8,0.0,0.02,0.15
2026-10-09T03:09:25.919871+00:00,1,170,7.1,0.43,0.35
2026-10-09T03:09:25.919871+00:00,2,8,0.0,0.02,0.15
2026-10-09T03:45:00.226837+00:00,1,170,7.1,0.43,0.35
2026-10-09T03:45:00.226837+00:00,2,8,0.0,0.02,0.15
2026-10-09T04:09:58.452246+00:00,1,169,7.1,0.45,0.36
2026-10-09T04:09:58.452246+00:00,2,8,0.0,0.02,0.15
2026-10-09T04:43:59.979647+00:00,1,169,7.1,0.45,0.36
2026-10-09T04:43:59.979647+00:00,2,8,0.0,0.02,0.15
2026-10-09T05:10:10.455764+00:00,1,169,7.1,0.45,0.36
2026-10-09T05:10:10.455764+00:00,2,8,0.0,0.02,0.15
2026-10-09T05:43:25.310663+00:00,1,169,7.1,0.45,0.36
2026-10-09T05:43:25.310663+00:00,2,8,0.0,0.02,0.15
