symbol,n_signal_occurrences,reached_rate_pct,reached_count
AXSUSDT,5923,5.81,344
ENJUSDT,7179,3.12,224
DOGEUSDT,7112,2.98,212
NEARUSDT,5585,3.65,204
SHIBUSDT,5334,3.58,191
SANDUSDT,6057,3.1,188
AAVEUSDT,5633,3.14,177
CHZUSDT,6600,2.67,176
UNIUSDT,5758,2.95,170
MANAUSDT,5932,2.68,159
ADAUSDT,7934,1.76,140
FILUSDT,5875,2.37,139
XRPUSDT,7983,1.73,138
XLMUSDT,7871,1.74,137
ETCUSDT,8003,1.71,137
LINKUSDT,6936,1.93,134
SOLUSDT,5543,2.35,130
AVAXUSDT,5654,2.03,115
OPUSDT,4238,2.6,110
ATOMUSDT,6991,1.4,98
LTCUSDT,8172,1.19,97
BNBUSDT,7874,1.18,93
TRXUSDT,7290,1.21,88
DOTUSDT,5843,1.39,81
SUIUSDT,3295,1.94,64
BCHUSDT,6438,0.93,60
APTUSDT,3753,1.28,48
ARBUSDT,3424,1.34,46
ETHUSDT,8264,0.41,34
