symbol,bars,date_from,date_to,years,signal_occurrences,reached_30pct_occurrences,reached_rate_all_bars_pct
ETHUSDT,19967,2017-08-17,2026-09-29,9.12,8264,138,0.69
BNBUSDT,19482,2017-11-06,2026-09-29,8.9,7874,315,1.62
LTCUSDT,19260,2017-12-13,2026-09-29,8.79,8172,225,1.17
ADAUSDT,18516,2018-04-17,2026-09-29,8.45,7934,448,2.42
XRPUSDT,18413,2018-05-04,2026-09-29,8.41,7983,452,2.46
XLMUSDT,18251,2018-05-31,2026-09-29,8.33,7871,406,2.23
TRXUSDT,18185,2018-06-11,2026-09-29,8.3,7290,292,1.61
ETCUSDT,18181,2018-06-12,2026-09-29,8.3,8003,438,2.41
LINKUSDT,16875,2019-01-16,2026-09-29,7.7,6936,340,2.02
ENJUSDT,16325,2019-04-18,2026-09-29,7.45,7179,596,3.65
ATOMUSDT,16259,2019-04-29,2026-09-29,7.42,6991,309,1.9
DOGEUSDT,15857,2019-07-05,2026-09-29,7.24,7112,543,3.43
CHZUSDT,15482,2019-09-06,2026-09-29,7.06,6600,580,3.75
BCHUSDT,14983,2019-11-28,2026-09-29,6.84,6438,261,1.74
MANAUSDT,13472,2020-08-06,2026-09-29,6.15,5932,464,3.45
SOLUSDT,13443,2020-08-11,2026-09-29,6.13,5543,479,3.57
SANDUSDT,13423,2020-08-14,2026-09-29,6.12,6057,678,5.06
DOTUSDT,13397,2020-08-18,2026-09-29,6.11,5843,249,1.86
UNIUSDT,13222,2020-09-17,2026-09-29,6.03,5758,391,2.96
AVAXUSDT,13191,2020-09-22,2026-09-29,6.02,5654,403,3.06
NEARUSDT,13059,2020-10-14,2026-09-29,5.96,5585,535,4.1
FILUSDT,13050,2020-10-15,2026-09-29,5.95,5875,340,2.61
AAVEUSDT,13054,2020-10-15,2026-09-29,5.95,5633,415,3.18
AXSUSDT,12931,2020-11-04,2026-09-29,5.9,5923,842,6.52
SHIBUSDT,11810,2021-05-10,2026-09-29,5.39,5334,391,3.32
OPUSDT,9488,2022-06-01,2026-09-29,4.33,4238,317,3.35
APTUSDT,8650,2022-10-19,2026-09-29,3.95,3753,164,1.9
ARBUSDT,7717,2023-03-23,2026-09-29,3.52,3424,146,1.9
SUIUSDT,7471,2023-05-03,2026-09-29,3.41,3295,158,2.12
