symbol,entry_time,entry_price,exit_time,exit_price,raw_return_pct,net_return_pct,resolved,bars_held,days_held,signal_volume_ratio
LTCUSDT,2018-01-06 04:00:00+00:00,293.0,2018-01-09 00:00:00+00:00,253.39,-13.519,-13.719,False,17,2.83,2.814
BNBUSDT,2018-01-12 00:00:00+00:00,21.1022,2018-01-12 00:00:00+00:00,23.21242,10.0,9.8,True,0,0.0,3.507
LTCUSDT,2018-04-12 16:00:00+00:00,121.27,2018-04-13 12:00:00+00:00,133.39700000000002,10.0,9.8,True,5,0.83,3.102
BNBUSDT,2018-05-18 12:00:00+00:00,14.8503,2018-05-21 08:00:00+00:00,14.0678,-5.269,-5.469,False,17,2.83,6.956
ADAUSDT,2018-05-20 20:00:00+00:00,0.2574,2018-05-23 16:00:00+00:00,0.20416,-20.684,-20.884,False,17,2.83,3.74
BNBUSDT,2018-07-16 08:00:00+00:00,12.9486,2018-07-19 04:00:00+00:00,12.8341,-0.884,-1.084,False,17,2.83,3.227
BNBUSDT,2018-07-25 08:00:00+00:00,13.0421,2018-07-28 04:00:00+00:00,14.34631,10.0,9.8,True,17,2.83,3.085
XRPUSDT,2018-09-18 12:00:00+00:00,0.31222,2018-09-20 08:00:00+00:00,0.343442,10.0,9.8,True,11,1.83,3.535
BNBUSDT,2018-09-21 00:00:00+00:00,10.0126,2018-09-23 20:00:00+00:00,10.2907,2.778,2.578,False,17,2.83,2.782
LTCUSDT,2018-09-27 16:00:00+00:00,62.41,2018-09-30 12:00:00+00:00,60.71,-2.724,-2.924,False,17,2.83,4.721
BNBUSDT,2018-10-03 00:00:00+00:00,10.3,2018-10-05 20:00:00+00:00,10.6756,3.647,3.447,False,17,2.83,5.407
XLMUSDT,2018-10-15 08:00:00+00:00,0.23245,2018-10-18 04:00:00+00:00,0.25021,7.64,7.44,False,17,2.83,5.022
ETCUSDT,2018-10-15 08:00:00+00:00,9.9815,2018-10-18 04:00:00+00:00,10.0411,0.597,0.397,False,17,2.83,3.43
ETHUSDT,2018-10-15 08:00:00+00:00,216.94,2018-10-18 04:00:00+00:00,213.05,-1.793,-1.993,False,17,2.83,14.126
ETCUSDT,2018-10-22 08:00:00+00:00,9.8205,2018-10-25 04:00:00+00:00,9.7752,-0.461,-0.661,False,17,2.83,3.303
XRPUSDT,2018-11-12 16:00:00+00:00,0.52865,2018-11-15 16:00:00+00:00,0.47557,-10.041,-10.241,False,17,2.83,3.597
TRXUSDT,2018-11-28 20:00:00+00:00,0.01523,2018-11-29 08:00:00+00:00,0.016753,10.0,9.8,True,3,0.5,3.108
XRPUSDT,2018-12-17 20:00:00+00:00,0.32928,2018-12-19 00:00:00+00:00,0.36220800000000003,10.0,9.8,True,7,1.17,5.488
ETCUSDT,2018-12-17 20:00:00+00:00,4.0541,2018-12-19 12:00:00+00:00,4.459510000000001,10.0,9.8,True,10,1.67,2.594
ETCUSDT,2018-12-27 04:00:00+00:00,5.222,2018-12-30 00:00:00+00:00,5.0792,-2.735,-2.935,False,17,2.83,4.167
ETCUSDT,2019-01-06 20:00:00+00:00,5.3478,2019-01-09 16:00:00+00:00,4.9381,-7.661,-7.861,False,17,2.83,4.525
LTCUSDT,2019-01-19 12:00:00+00:00,32.42,2019-01-22 08:00:00+00:00,30.57,-5.706,-5.906,False,17,2.83,2.501
TRXUSDT,2019-01-22 04:00:00+00:00,0.02591,2019-01-25 00:00:00+00:00,0.0268,3.435,3.235,False,17,2.83,2.695
ETCUSDT,2019-02-08 12:00:00+00:00,3.9118,2019-02-11 08:00:00+00:00,4.0638,3.886,3.686,False,17,2.83,3.326
LTCUSDT,2019-02-08 12:00:00+00:00,37.62,2019-02-08 16:00:00+00:00,41.382,10.0,9.8,True,1,0.17,10.694
XRPUSDT,2019-02-08 20:00:00+00:00,0.31438,2019-02-11 16:00:00+00:00,0.30429,-3.209,-3.409,False,17,2.83,4.271
XLMUSDT,2019-02-08 20:00:00+00:00,0.0814,2019-02-11 16:00:00+00:00,0.07788,-4.324,-4.524,False,17,2.83,4.17
ADAUSDT,2019-02-08 20:00:00+00:00,0.04124,2019-02-11 16:00:00+00:00,0.042,1.843,1.643,False,17,2.83,5.18
TRXUSDT,2019-02-18 04:00:00+00:00,0.02404,2019-02-21 00:00:00+00:00,0.02506,4.243,4.043,False,17,2.83,3.006
XRPUSDT,2019-02-18 04:00:00+00:00,0.31396,2019-02-19 08:00:00+00:00,0.34535600000000005,10.0,9.8,True,7,1.17,4.823
ETCUSDT,2019-02-18 04:00:00+00:00,4.2357,2019-02-19 04:00:00+00:00,4.65927,10.0,9.8,True,6,1.0,3.352
XRPUSDT,2019-02-24 04:00:00+00:00,0.33785,2019-02-27 00:00:00+00:00,0.31379,-7.122,-7.322,False,17,2.83,2.842
TRXUSDT,2019-03-23 12:00:00+00:00,0.02396,2019-03-26 08:00:00+00:00,0.02225,-7.137,-7.337,False,17,2.83,4.327
LTCUSDT,2019-04-02 08:00:00+00:00,66.91,2019-04-02 20:00:00+00:00,73.601,10.0,9.8,True,3,0.5,12.273
ETHUSDT,2019-05-06 20:00:00+00:00,174.95,2019-05-09 16:00:00+00:00,168.11,-3.91,-4.11,False,17,2.83,4.24
ENJUSDT,2019-05-11 08:00:00+00:00,0.15276,2019-05-14 04:00:00+00:00,0.14282,-6.507,-6.707,False,17,2.83,2.901
XRPUSDT,2019-05-11 12:00:00+00:00,0.3108,2019-05-14 00:00:00+00:00,0.3418800000000001,10.0,9.8,True,15,2.5,5.039
ETCUSDT,2019-05-11 16:00:00+00:00,6.0401,2019-05-14 04:00:00+00:00,6.64411,10.0,9.8,True,15,2.5,3.291
LINKUSDT,2019-05-14 16:00:00+00:00,0.8478,2019-05-16 20:00:00+00:00,0.9325800000000001,10.0,9.8,True,11,1.83,10.709
LTCUSDT,2019-05-24 16:00:00+00:00,99.36,2019-05-26 20:00:00+00:00,109.296,10.0,9.8,True,13,2.17,2.644
XLMUSDT,2019-05-27 00:00:00+00:00,0.13164,2019-05-29 20:00:00+00:00,0.13566,3.054,2.854,False,17,2.83,2.649
TRXUSDT,2019-06-01 20:00:00+00:00,0.03884,2019-06-04 16:00:00+00:00,0.03353,-13.671,-13.871,False,17,2.83,2.651
ENJUSDT,2019-06-03 00:00:00+00:00,0.16857,2019-06-05 20:00:00+00:00,0.1458,-13.508,-13.708,False,17,2.83,4.058
ENJUSDT,2019-06-11 20:00:00+00:00,0.16005,2019-06-14 16:00:00+00:00,0.14237,-11.047,-11.247,False,17,2.83,3.852
ATOMUSDT,2019-06-22 16:00:00+00:00,6.72,2019-06-25 12:00:00+00:00,6.547,-2.574,-2.774,False,17,2.83,2.645
ENJUSDT,2019-07-01 00:00:00+00:00,0.12212,2019-07-01 08:00:00+00:00,0.134332,10.0,9.8,True,2,0.33,4.796
ENJUSDT,2019-07-15 00:00:00+00:00,0.10417,2019-07-17 20:00:00+00:00,0.08437,-19.007,-19.207,False,17,2.83,4.163
LTCUSDT,2019-07-18 16:00:00+00:00,98.9,2019-07-21 12:00:00+00:00,98.17,-0.738,-0.938,False,17,2.83,2.602
XRPUSDT,2019-08-04 16:00:00+00:00,0.31828,2019-08-07 12:00:00+00:00,0.30976,-2.677,-2.877,False,17,2.83,2.545
ATOMUSDT,2019-08-05 20:00:00+00:00,3.851,2019-08-08 16:00:00+00:00,3.28,-14.827,-15.027,False,17,2.83,2.712
ENJUSDT,2019-08-22 20:00:00+00:00,0.07157,2019-08-24 16:00:00+00:00,0.078727,10.0,9.8,True,11,1.83,4.398
ENJUSDT,2019-09-01 04:00:00+00:00,0.07069,2019-09-02 00:00:00+00:00,0.07775900000000001,10.0,9.8,True,5,0.83,2.876
ADAUSDT,2019-09-03 16:00:00+00:00,0.04528,2019-09-06 12:00:00+00:00,0.04411,-2.584,-2.784,False,17,2.83,3.035
XRPUSDT,2019-09-14 16:00:00+00:00,0.26336,2019-09-17 12:00:00+00:00,0.28667,8.851,8.651,False,17,2.83,4.701
ADAUSDT,2019-09-14 20:00:00+00:00,0.04678,2019-09-17 16:00:00+00:00,0.05007,7.033,6.833,False,17,2.83,2.93
XRPUSDT,2019-09-30 16:00:00+00:00,0.25727,2019-10-03 12:00:00+00:00,0.24328,-5.438,-5.638,False,17,2.83,2.831
ATOMUSDT,2019-09-30 16:00:00+00:00,2.47,2019-10-03 12:00:00+00:00,2.522,2.105,1.905,False,17,2.83,5.023
DOGEUSDT,2019-10-13 08:00:00+00:00,0.0024412,2019-10-14 04:00:00+00:00,0.00268532,10.0,9.8,True,5,0.83,5.091
ETCUSDT,2019-10-21 12:00:00+00:00,4.5483,2019-10-24 08:00:00+00:00,4.2166,-7.293,-7.493,False,17,2.83,5.143
TRXUSDT,2019-10-25 16:00:00+00:00,0.01611,2019-10-25 20:00:00+00:00,0.017721,10.0,9.8,True,1,0.17,2.837
ADAUSDT,2019-10-25 20:00:00+00:00,0.04131,2019-10-28 16:00:00+00:00,0.04339,5.035,4.835,False,17,2.83,5.507
CHZUSDT,2019-10-26 00:00:00+00:00,0.01075,2019-10-26 04:00:00+00:00,0.011825,10.0,9.8,True,1,0.17,2.896
LTCUSDT,2019-10-26 04:00:00+00:00,58.48,2019-10-29 00:00:00+00:00,58.96,0.821,0.621,False,17,2.83,5.187
XRPUSDT,2019-10-26 04:00:00+00:00,0.30285,2019-10-29 00:00:00+00:00,0.29603,-2.252,-2.452,False,17,2.83,4.146
XLMUSDT,2019-10-26 04:00:00+00:00,0.06456,2019-10-29 00:00:00+00:00,0.06524,1.053,0.853,False,17,2.83,3.869
BNBUSDT,2019-10-26 04:00:00+00:00,19.2929,2019-10-29 00:00:00+00:00,20.298,5.21,5.01,False,17,2.83,4.087
LTCUSDT,2019-11-04 12:00:00+00:00,60.66,2019-11-07 08:00:00+00:00,61.47,1.335,1.135,False,17,2.83,3.855
ENJUSDT,2019-11-15 00:00:00+00:00,0.06518,2019-11-17 20:00:00+00:00,0.06634,1.78,1.58,False,17,2.83,4.163
ENJUSDT,2019-11-20 20:00:00+00:00,0.06913,2019-11-23 16:00:00+00:00,0.06313,-8.679,-8.879,False,17,2.83,7.06
ENJUSDT,2019-12-16 20:00:00+00:00,0.08138,2019-12-19 16:00:00+00:00,0.07578,-6.881,-7.081,False,17,2.83,3.182
ETCUSDT,2019-12-26 20:00:00+00:00,4.587,2019-12-29 16:00:00+00:00,4.6368,1.086,0.886,False,17,2.83,9.644
BCHUSDT,2019-12-27 16:00:00+00:00,198.02,2019-12-30 12:00:00+00:00,207.29,4.681,4.481,False,17,2.83,2.706
XLMUSDT,2019-12-27 20:00:00+00:00,0.04578,2019-12-30 16:00:00+00:00,0.0454,-0.83,-1.03,False,17,2.83,2.638
CHZUSDT,2019-12-28 04:00:00+00:00,0.007727,2019-12-31 00:00:00+00:00,0.006744,-12.722,-12.922,False,17,2.83,2.648
BCHUSDT,2020-01-10 16:00:00+00:00,261.3,2020-01-13 12:00:00+00:00,262.67,0.524,0.324,False,17,2.83,3.767
CHZUSDT,2020-01-14 20:00:00+00:00,0.007113,2020-01-17 16:00:00+00:00,0.007468,4.991,4.791,False,17,2.83,3.059
ATOMUSDT,2020-01-14 20:00:00+00:00,4.611,2020-01-16 20:00:00+00:00,5.0721,10.0,9.8,True,12,2.0,4.858
LINKUSDT,2020-01-14 20:00:00+00:00,2.3933,2020-01-17 00:00:00+00:00,2.6326300000000002,10.0,9.8,True,13,2.17,4.23
ENJUSDT,2020-01-15 16:00:00+00:00,0.07496,2020-01-16 16:00:00+00:00,0.082456,10.0,9.8,True,6,1.0,3.667
CHZUSDT,2020-02-02 08:00:00+00:00,0.00788,2020-02-04 04:00:00+00:00,0.008668,10.0,9.8,True,11,1.83,4.207
ATOMUSDT,2020-02-06 12:00:00+00:00,4.54,2020-02-09 08:00:00+00:00,4.776,5.198,4.998,False,17,2.83,2.571
ATOMUSDT,2020-02-11 16:00:00+00:00,4.986,2020-02-14 12:00:00+00:00,5.043,1.143,0.943,False,17,2.83,3.882
XRPUSDT,2020-02-12 12:00:00+00:00,0.29656,2020-02-13 00:00:00+00:00,0.326216,10.0,9.8,True,3,0.5,2.831
DOGEUSDT,2020-03-19 20:00:00+00:00,0.0017857,2020-03-22 16:00:00+00:00,0.0017431,-2.386,-2.586,False,17,2.83,3.505
DOGEUSDT,2020-04-06 08:00:00+00:00,0.0018999,2020-04-09 04:00:00+00:00,0.0020031,5.432,5.232,False,17,2.83,3.441
CHZUSDT,2020-04-14 00:00:00+00:00,0.0067,2020-04-16 20:00:00+00:00,0.006806,1.582,1.382,False,17,2.83,2.819
CHZUSDT,2020-04-23 12:00:00+00:00,0.006715,2020-04-26 08:00:00+00:00,0.006849,1.996,1.796,False,17,2.83,5.241
ETCUSDT,2020-04-23 16:00:00+00:00,5.6204,2020-04-26 12:00:00+00:00,5.949,5.847,5.647,False,17,2.83,3.81
LTCUSDT,2020-04-23 16:00:00+00:00,43.21,2020-04-26 12:00:00+00:00,43.97,1.759,1.559,False,17,2.83,3.393
XLMUSDT,2020-04-28 00:00:00+00:00,0.06718,2020-04-30 00:00:00+00:00,0.073898,10.0,9.8,True,12,2.0,6.299
LINKUSDT,2020-04-29 20:00:00+00:00,3.8699,2020-05-02 16:00:00+00:00,3.8409,-0.749,-0.949,False,17,2.83,2.773
TRXUSDT,2020-05-05 16:00:00+00:00,0.01586,2020-05-08 12:00:00+00:00,0.01611,1.576,1.376,False,17,2.83,3.633
BCHUSDT,2020-05-07 20:00:00+00:00,253.29,2020-05-10 16:00:00+00:00,230.62,-8.95,-9.15,False,17,2.83,3.05
ETHUSDT,2020-05-07 20:00:00+00:00,212.88,2020-05-10 16:00:00+00:00,185.22,-12.993,-13.193,False,17,2.83,3.077
ENJUSDT,2020-05-11 20:00:00+00:00,0.15008,2020-05-12 16:00:00+00:00,0.165088,10.0,9.8,True,5,0.83,2.559
ATOMUSDT,2020-05-14 04:00:00+00:00,2.501,2020-05-17 00:00:00+00:00,2.561,2.399,2.199,False,17,2.83,2.909
ENJUSDT,2020-05-20 16:00:00+00:00,0.15797,2020-05-21 04:00:00+00:00,0.173767,10.0,9.8,True,3,0.5,2.677
ENJUSDT,2020-06-09 08:00:00+00:00,0.20694,2020-06-12 04:00:00+00:00,0.19162,-7.403,-7.603,False,17,2.83,3.329
ENJUSDT,2020-06-30 00:00:00+00:00,0.17168,2020-07-02 20:00:00+00:00,0.16659,-2.965,-3.165,False,17,2.83,3.821
ENJUSDT,2020-07-04 08:00:00+00:00,0.18134,2020-07-07 04:00:00+00:00,0.17581,-3.05,-3.25,False,17,2.83,2.757
TRXUSDT,2020-07-06 04:00:00+00:00,0.01743,2020-07-09 00:00:00+00:00,0.01771,1.606,1.406,False,17,2.83,3.621
DOGEUSDT,2020-07-06 16:00:00+00:00,0.0024222,2020-07-07 00:00:00+00:00,0.00266442,10.0,9.8,True,2,0.33,2.755
LINKUSDT,2020-07-07 00:00:00+00:00,5.3613,2020-07-08 00:00:00+00:00,5.897430000000001,10.0,9.8,True,6,1.0,13.142
ENJUSDT,2020-07-13 20:00:00+00:00,0.18282,2020-07-16 16:00:00+00:00,0.18412,0.711,0.511,False,17,2.83,3.42
ADAUSDT,2020-08-02 08:00:00+00:00,0.13666,2020-08-05 04:00:00+00:00,0.1425,4.273,4.073,False,17,2.83,4.139
ADAUSDT,2020-08-17 12:00:00+00:00,0.14258,2020-08-20 08:00:00+00:00,0.13032,-8.599,-8.799,False,17,2.83,3.055
ENJUSDT,2020-08-21 08:00:00+00:00,0.22958,2020-08-24 04:00:00+00:00,0.22856,-0.444,-0.644,False,17,2.83,3.902
MANAUSDT,2020-08-22 00:00:00+00:00,0.0943,2020-08-22 00:00:00+00:00,0.10373,10.0,9.8,True,0,0.0,3.039
SANDUSDT,2020-09-08 20:00:00+00:00,0.051999,2020-09-08 20:00:00+00:00,0.057198900000000004,10.0,9.8,True,0,0.0,5.001
ADAUSDT,2020-09-25 12:00:00+00:00,0.09365,2020-09-28 00:00:00+00:00,0.10301500000000001,10.0,9.8,True,15,2.5,2.89
XLMUSDT,2020-09-25 16:00:00+00:00,0.074,2020-09-28 12:00:00+00:00,0.07522,1.649,1.449,False,17,2.83,2.584
CHZUSDT,2020-10-05 12:00:00+00:00,0.011288,2020-10-08 08:00:00+00:00,0.01014,-10.17,-10.37,False,17,2.83,4.488
LINKUSDT,2020-10-09 12:00:00+00:00,10.0781,2020-10-12 04:00:00+00:00,11.08591,10.0,9.8,True,16,2.67,2.789
XLMUSDT,2020-10-17 04:00:00+00:00,0.08286,2020-10-20 00:00:00+00:00,0.08617,3.995,3.795,False,17,2.83,3.912
TRXUSDT,2020-10-20 16:00:00+00:00,0.02865,2020-10-23 12:00:00+00:00,0.0268,-6.457,-6.657,False,17,2.83,10.026
CHZUSDT,2020-10-22 16:00:00+00:00,0.010866,2020-10-25 12:00:00+00:00,0.010662,-1.877,-2.077,False,17,2.83,3.068
DOGEUSDT,2020-10-26 04:00:00+00:00,0.0028608,2020-10-29 00:00:00+00:00,0.0026102,-8.76,-8.96,False,17,2.83,10.378
MANAUSDT,2020-11-05 16:00:00+00:00,0.06612,2020-11-05 16:00:00+00:00,0.072732,10.0,9.8,True,0,0.0,3.534
ADAUSDT,2020-11-05 16:00:00+00:00,0.09714,2020-11-06 12:00:00+00:00,0.10685400000000002,10.0,9.8,True,5,0.83,2.696
XRPUSDT,2020-11-05 16:00:00+00:00,0.2453,2020-11-08 12:00:00+00:00,0.25513,4.007,3.807,False,17,2.83,2.849
AVAXUSDT,2020-11-06 20:00:00+00:00,3.5625,2020-11-07 12:00:00+00:00,3.91875,10.0,9.8,True,4,0.67,2.963
LTCUSDT,2020-11-13 04:00:00+00:00,61.99,2020-11-16 00:00:00+00:00,66.04,6.533,6.333,False,17,2.83,3.089
ETCUSDT,2020-11-16 16:00:00+00:00,5.3906,2020-11-17 16:00:00+00:00,5.92966,10.0,9.8,True,6,1.0,5.564
DOTUSDT,2020-11-17 08:00:00+00:00,4.7893,2020-11-20 04:00:00+00:00,5.26823,10.0,9.8,True,17,2.83,3.414
CHZUSDT,2020-11-30 16:00:00+00:00,0.012295,2020-12-02 00:00:00+00:00,0.013524500000000002,10.0,9.8,True,8,1.33,7.907
AXSUSDT,2020-12-07 16:00:00+00:00,0.53364,2020-12-08 00:00:00+00:00,0.5870040000000001,10.0,9.8,True,2,0.33,3.901
SANDUSDT,2020-12-08 04:00:00+00:00,0.047601,2020-12-09 20:00:00+00:00,0.0523611,10.0,9.8,True,10,1.67,2.788
CHZUSDT,2020-12-19 04:00:00+00:00,0.015751,2020-12-21 04:00:00+00:00,0.017326100000000004,10.0,9.8,True,12,2.0,5.142
NEARUSDT,2020-12-19 12:00:00+00:00,1.1012,2020-12-21 00:00:00+00:00,1.21132,10.0,9.8,True,9,1.5,3.245
LINKUSDT,2020-12-27 20:00:00+00:00,12.7282,2020-12-30 16:00:00+00:00,11.3107,-11.137,-11.337,False,17,2.83,2.894
SOLUSDT,2020-12-29 00:00:00+00:00,1.5187,2020-12-29 20:00:00+00:00,1.67057,10.0,9.8,True,5,0.83,3.189
AVAXUSDT,2021-01-01 04:00:00+00:00,3.1123,2021-01-01 08:00:00+00:00,3.42353,10.0,9.8,True,1,0.17,6.306
AXSUSDT,2021-01-02 04:00:00+00:00,0.607,2021-01-05 00:00:00+00:00,0.53393,-12.038,-12.238,False,17,2.83,7.814
LTCUSDT,2021-01-02 20:00:00+00:00,138.38,2021-01-03 08:00:00+00:00,152.21800000000002,10.0,9.8,True,3,0.5,3.57
MANAUSDT,2021-01-04 08:00:00+00:00,0.08147,2021-01-06 12:00:00+00:00,0.089617,10.0,9.8,True,13,2.17,3.187
AVAXUSDT,2021-01-05 12:00:00+00:00,4.0613,2021-01-06 04:00:00+00:00,4.46743,10.0,9.8,True,4,0.67,3.208
XRPUSDT,2021-01-19 08:00:00+00:00,0.30629,2021-01-22 04:00:00+00:00,0.26421,-13.739,-13.939,False,17,2.83,3.976
DOGEUSDT,2021-01-28 12:00:00+00:00,0.0126687,2021-01-28 12:00:00+00:00,0.013935570000000001,10.0,9.8,True,0,0.0,7.496
XLMUSDT,2021-01-29 08:00:00+00:00,0.3176,2021-01-30 16:00:00+00:00,0.34936,10.0,9.8,True,8,1.33,15.031
TRXUSDT,2021-01-29 12:00:00+00:00,0.0308,2021-01-29 12:00:00+00:00,0.03388,10.0,9.8,True,0,0.0,3.556
ETHUSDT,2021-01-29 12:00:00+00:00,1416.83,2021-02-01 08:00:00+00:00,1336.41,-5.676,-5.876,False,17,2.83,2.556
XRPUSDT,2021-01-29 12:00:00+00:00,0.2841,2021-01-30 08:00:00+00:00,0.31251000000000007,10.0,9.8,True,5,0.83,2.808
AXSUSDT,2021-02-01 12:00:00+00:00,0.98434,2021-02-04 08:00:00+00:00,0.92455,-6.074,-6.274,False,17,2.83,5.775
ADAUSDT,2021-02-02 00:00:00+00:00,0.40882,2021-02-02 12:00:00+00:00,0.44970200000000005,10.0,9.8,True,3,0.5,5.516
AAVEUSDT,2021-02-03 16:00:00+00:00,345.295,2021-02-03 20:00:00+00:00,379.82450000000006,10.0,9.8,True,1,0.17,2.777
DOGEUSDT,2021-02-04 08:00:00+00:00,0.0510032,2021-02-04 08:00:00+00:00,0.056103520000000004,10.0,9.8,True,0,0.0,2.568
BNBUSDT,2021-02-17 16:00:00+00:00,147.198,2021-02-17 16:00:00+00:00,161.91780000000003,10.0,9.8,True,0,0.0,3.18
SANDUSDT,2021-02-18 16:00:00+00:00,0.287642,2021-02-18 20:00:00+00:00,0.3164062,10.0,9.8,True,1,0.17,9.01
UNIUSDT,2021-02-20 08:00:00+00:00,23.2652,2021-02-20 08:00:00+00:00,25.591720000000002,10.0,9.8,True,0,0.0,3.968
XRPUSDT,2021-02-22 12:00:00+00:00,0.58485,2021-02-25 08:00:00+00:00,0.46847,-19.899,-20.099,False,17,2.83,2.877
ENJUSDT,2021-02-25 16:00:00+00:00,0.62965,2021-02-28 12:00:00+00:00,0.48133,-23.556,-23.756,False,17,2.83,3.393
XLMUSDT,2021-02-27 16:00:00+00:00,0.43449,2021-03-02 12:00:00+00:00,0.42698,-1.728,-1.928,False,17,2.83,3.622
AAVEUSDT,2021-03-07 12:00:00+00:00,414.711,2021-03-10 00:00:00+00:00,456.18210000000005,10.0,9.8,True,15,2.5,2.567
NEARUSDT,2021-03-08 20:00:00+00:00,4.5079,2021-03-09 04:00:00+00:00,4.958690000000001,10.0,9.8,True,2,0.33,3.097
ETCUSDT,2021-03-13 16:00:00+00:00,13.1637,2021-03-16 12:00:00+00:00,12.4072,-5.747,-5.947,False,17,2.83,2.694
DOGEUSDT,2021-03-13 20:00:00+00:00,0.060784,2021-03-16 16:00:00+00:00,0.058169,-4.302,-4.502,False,17,2.83,2.591
SOLUSDT,2021-03-22 08:00:00+00:00,16.1911,2021-03-25 04:00:00+00:00,13.3045,-17.828,-18.028,False,17,2.83,7.389
FILUSDT,2021-03-24 12:00:00+00:00,88.932,2021-03-26 08:00:00+00:00,97.82520000000001,10.0,9.8,True,11,1.83,2.798
DOGEUSDT,2021-04-01 12:00:00+00:00,0.0668588,2021-04-04 08:00:00+00:00,0.0565483,-15.421,-15.621,False,17,2.83,35.546
ADAUSDT,2021-04-06 16:00:00+00:00,1.27369,2021-04-09 12:00:00+00:00,1.20299,-5.551,-5.751,False,17,2.83,9.235
XLMUSDT,2021-04-10 16:00:00+00:00,0.55537,2021-04-11 04:00:00+00:00,0.6109070000000001,10.0,9.8,True,3,0.5,2.978
CHZUSDT,2021-04-13 00:00:00+00:00,0.56786,2021-04-15 20:00:00+00:00,0.53371,-6.014,-6.214,False,17,2.83,7.708
SANDUSDT,2021-04-13 12:00:00+00:00,0.666427,2021-04-16 08:00:00+00:00,0.648716,-2.658,-2.858,False,17,2.83,2.866
MANAUSDT,2021-04-15 20:00:00+00:00,1.20978,2021-04-16 00:00:00+00:00,1.330758,10.0,9.8,True,1,0.17,6.12
SANDUSDT,2021-04-16 08:00:00+00:00,0.677886,2021-04-19 04:00:00+00:00,0.573654,-15.376,-15.576,False,17,2.83,2.545
SOLUSDT,2021-04-19 00:00:00+00:00,32.3324,2021-04-19 16:00:00+00:00,35.56564,10.0,9.8,True,4,0.67,3.055
AXSUSDT,2021-04-20 04:00:00+00:00,9.06685,2021-04-20 04:00:00+00:00,9.973535000000002,10.0,9.8,True,0,0.0,3.112
AAVEUSDT,2021-04-22 12:00:00+00:00,396.536,2021-04-25 08:00:00+00:00,335.36,-15.428,-15.628,False,17,2.83,2.583
SANDUSDT,2021-05-03 08:00:00+00:00,0.622,2021-05-04 00:00:00+00:00,0.6842,10.0,9.8,True,4,0.67,2.553
ATOMUSDT,2021-05-06 04:00:00+00:00,26.141,2021-05-07 12:00:00+00:00,28.7551,10.0,9.8,True,8,1.33,3.569
XLMUSDT,2021-05-10 12:00:00+00:00,0.73976,2021-05-13 08:00:00+00:00,0.59279,-19.867,-20.067,False,17,2.83,6.291
AAVEUSDT,2021-05-12 12:00:00+00:00,525.89,2021-05-12 12:00:00+00:00,578.479,10.0,9.8,True,0,0.0,2.655
AXSUSDT,2021-05-12 12:00:00+00:00,8.7014,2021-05-15 08:00:00+00:00,6.839,-21.403,-21.603,False,17,2.83,2.527
NEARUSDT,2021-05-12 20:00:00+00:00,5.4965,2021-05-15 00:00:00+00:00,6.046150000000001,10.0,9.8,True,13,2.17,3.256
SOLUSDT,2021-05-12 20:00:00+00:00,44.85,2021-05-15 16:00:00+00:00,42.282,-5.726,-5.926,False,17,2.83,2.935
DOTUSDT,2021-05-13 08:00:00+00:00,40.247,2021-05-14 12:00:00+00:00,44.2717,10.0,9.8,True,7,1.17,2.572
ADAUSDT,2021-05-13 16:00:00+00:00,1.9323,2021-05-15 00:00:00+00:00,2.12553,10.0,9.8,True,8,1.33,3.254
CHZUSDT,2021-05-15 12:00:00+00:00,0.48812,2021-05-18 08:00:00+00:00,0.43623,-10.631,-10.831,False,17,2.83,5.185
XRPUSDT,2021-05-15 16:00:00+00:00,1.5176,2021-05-18 08:00:00+00:00,1.6693600000000002,10.0,9.8,True,16,2.67,2.861
SANDUSDT,2021-05-23 00:00:00+00:00,0.44213,2021-05-25 20:00:00+00:00,0.29254,-33.834,-34.034,False,17,2.83,8.366
SHIBUSDT,2021-06-01 00:00:00+00:00,9.28e-06,2021-06-02 08:00:00+00:00,1.0208e-05,10.0,9.8,True,8,1.33,3.542
FILUSDT,2021-06-14 16:00:00+00:00,76.89,2021-06-17 12:00:00+00:00,70.46,-8.363,-8.563,False,17,2.83,2.518
ENJUSDT,2021-06-14 16:00:00+00:00,1.4492,2021-06-17 12:00:00+00:00,1.4491,-0.007,-0.207,False,17,2.83,2.824
DOTUSDT,2021-06-14 20:00:00+00:00,24.449,2021-06-17 16:00:00+00:00,22.229,-9.08,-9.28,False,17,2.83,5.63
CHZUSDT,2021-06-15 20:00:00+00:00,0.31926,2021-06-16 04:00:00+00:00,0.351186,10.0,9.8,True,2,0.33,8.259
CHZUSDT,2021-07-07 04:00:00+00:00,0.26003,2021-07-10 00:00:00+00:00,0.25487,-1.984,-2.184,False,17,2.83,3.597
SANDUSDT,2021-07-15 00:00:00+00:00,0.59129,2021-07-15 00:00:00+00:00,0.6504190000000001,10.0,9.8,True,0,0.0,3.963
CHZUSDT,2021-07-15 16:00:00+00:00,0.26455,2021-07-18 12:00:00+00:00,0.23474,-11.268,-11.468,False,17,2.83,3.718
XLMUSDT,2021-07-22 08:00:00+00:00,0.24816,2021-07-23 00:00:00+00:00,0.272976,10.0,9.8,True,4,0.67,3.269
AAVEUSDT,2021-08-05 04:00:00+00:00,357.69,2021-08-07 08:00:00+00:00,393.459,10.0,9.8,True,13,2.17,3.795
SANDUSDT,2021-08-10 16:00:00+00:00,0.67475,2021-08-13 12:00:00+00:00,0.63977,-5.184,-5.384,False,17,2.83,3.162
LINKUSDT,2021-08-10 16:00:00+00:00,24.532,2021-08-11 16:00:00+00:00,26.985200000000003,10.0,9.8,True,6,1.0,2.58
AAVEUSDT,2021-08-16 12:00:00+00:00,441.71,2021-08-19 08:00:00+00:00,373.61,-15.417,-15.617,False,17,2.83,3.93
SANDUSDT,2021-08-16 16:00:00+00:00,0.65094,2021-08-19 12:00:00+00:00,0.576,-11.513,-11.713,False,17,2.83,2.543
AXSUSDT,2021-08-17 12:00:00+00:00,79.5836,2021-08-20 08:00:00+00:00,71.9239,-9.625,-9.825,False,17,2.83,4.252
ADAUSDT,2021-08-19 20:00:00+00:00,2.3946,2021-08-22 08:00:00+00:00,2.6340600000000003,10.0,9.8,True,15,2.5,3.733
MANAUSDT,2021-08-26 04:00:00+00:00,0.9353,2021-08-29 00:00:00+00:00,0.8881,-5.047,-5.247,False,17,2.83,2.923
SANDUSDT,2021-08-26 08:00:00+00:00,0.793,2021-08-29 04:00:00+00:00,0.8723000000000001,10.0,9.8,True,17,2.83,3.848
LINKUSDT,2021-08-31 16:00:00+00:00,27.22,2021-09-02 12:00:00+00:00,29.942,10.0,9.8,True,11,1.83,3.21
ADAUSDT,2021-09-02 04:00:00+00:00,3.03,2021-09-05 00:00:00+00:00,2.857,-5.71,-5.91,False,17,2.83,3.018
MANAUSDT,2021-09-03 12:00:00+00:00,1.0177,2021-09-06 08:00:00+00:00,1.0446,2.643,2.443,False,17,2.83,3.89
NEARUSDT,2021-09-07 08:00:00+00:00,6.807,2021-09-07 16:00:00+00:00,7.487700000000001,10.0,9.8,True,2,0.33,3.939
AAVEUSDT,2021-09-14 16:00:00+00:00,376.5,2021-09-15 20:00:00+00:00,414.15000000000003,10.0,9.8,True,7,1.17,5.707
AAVEUSDT,2021-10-01 12:00:00+00:00,298.3,2021-10-04 08:00:00+00:00,299.3,0.335,0.135,False,17,2.83,2.854
ADAUSDT,2021-10-01 12:00:00+00:00,2.236,2021-10-04 08:00:00+00:00,2.173,-2.818,-3.018,False,17,2.83,2.584
NEARUSDT,2021-10-01 12:00:00+00:00,7.512,2021-10-02 16:00:00+00:00,8.2632,10.0,9.8,True,7,1.17,2.658
DOTUSDT,2021-10-07 12:00:00+00:00,34.57,2021-10-10 08:00:00+00:00,36.1,4.426,4.226,False,17,2.83,3.344
BNBUSDT,2021-10-13 04:00:00+00:00,461.1,2021-10-16 00:00:00+00:00,473.9,2.776,2.576,False,17,2.83,2.774
DOTUSDT,2021-10-13 20:00:00+00:00,42.34,2021-10-16 16:00:00+00:00,41.54,-1.889,-2.089,False,17,2.83,8.568
AVAXUSDT,2021-10-20 16:00:00+00:00,58.94,2021-10-22 00:00:00+00:00,64.834,10.0,9.8,True,8,1.33,2.585
DOTUSDT,2021-10-20 20:00:00+00:00,44.87,2021-10-23 16:00:00+00:00,43.14,-3.856,-4.056,False,17,2.83,2.604
SOLUSDT,2021-10-20 20:00:00+00:00,173.07,2021-10-21 08:00:00+00:00,190.377,10.0,9.8,True,3,0.5,3.022
ENJUSDT,2021-10-21 00:00:00+00:00,1.848,2021-10-23 20:00:00+00:00,1.839,-0.487,-0.687,False,17,2.83,11.571
ADAUSDT,2021-10-21 04:00:00+00:00,2.227,2021-10-24 00:00:00+00:00,2.156,-3.188,-3.388,False,17,2.83,3.09
SHIBUSDT,2021-10-23 20:00:00+00:00,3.305e-05,2021-10-24 00:00:00+00:00,3.6355e-05,10.0,9.8,True,1,0.17,12.132
DOGEUSDT,2021-10-24 12:00:00+00:00,0.2641,2021-10-27 08:00:00+00:00,0.237,-10.261,-10.461,False,17,2.83,4.413
AXSUSDT,2021-10-25 12:00:00+00:00,133.92,2021-10-28 08:00:00+00:00,125.57,-6.235,-6.435,False,17,2.83,3.407
TRXUSDT,2021-10-26 04:00:00+00:00,0.10296,2021-10-29 00:00:00+00:00,0.09681,-5.973,-6.173,False,17,2.83,2.79
SANDUSDT,2021-10-28 20:00:00+00:00,0.9328,2021-10-29 00:00:00+00:00,1.02608,10.0,9.8,True,1,0.17,4.146
MANAUSDT,2021-10-29 00:00:00+00:00,0.9236,2021-10-29 00:00:00+00:00,1.01596,10.0,9.8,True,0,0.0,9.392
DOTUSDT,2021-11-01 16:00:00+00:00,48.79,2021-11-03 16:00:00+00:00,53.669000000000004,10.0,9.8,True,12,2.0,6.543
ADAUSDT,2021-11-03 08:00:00+00:00,2.078,2021-11-06 04:00:00+00:00,1.997,-3.898,-4.098,False,17,2.83,4.147
CHZUSDT,2021-11-06 20:00:00+00:00,0.5175,2021-11-09 16:00:00+00:00,0.4689,-9.391,-9.591,False,17,2.83,4.298
XRPUSDT,2021-11-08 04:00:00+00:00,1.2594,2021-11-11 00:00:00+00:00,1.1997,-4.74,-4.94,False,17,2.83,2.841
CHZUSDT,2021-11-11 00:00:00+00:00,0.4784,2021-11-12 00:00:00+00:00,0.52624,10.0,9.8,True,6,1.0,4.295
MANAUSDT,2021-11-12 08:00:00+00:00,2.9432,2021-11-12 08:00:00+00:00,3.2375200000000004,10.0,9.8,True,0,0.0,2.555
SANDUSDT,2021-11-17 04:00:00+00:00,3.2344,2021-11-17 08:00:00+00:00,3.55784,10.0,9.8,True,1,0.17,3.722
AXSUSDT,2021-11-21 16:00:00+00:00,139.83,2021-11-24 12:00:00+00:00,140.57,0.529,0.329,False,17,2.83,3.452
SANDUSDT,2021-11-23 04:00:00+00:00,4.9572,2021-11-23 04:00:00+00:00,5.452920000000001,10.0,9.8,True,0,0.0,2.616
ENJUSDT,2021-11-23 16:00:00+00:00,4.037,2021-11-24 08:00:00+00:00,4.4407000000000005,10.0,9.8,True,4,0.67,3.351
NEARUSDT,2021-11-24 04:00:00+00:00,9.851,2021-11-27 00:00:00+00:00,8.322,-15.521,-15.721,False,17,2.83,3.086
CHZUSDT,2021-11-25 00:00:00+00:00,0.4884,2021-11-27 20:00:00+00:00,0.4463,-8.62,-8.82,False,17,2.83,2.855
ATOMUSDT,2021-12-03 12:00:00+00:00,30.81,2021-12-06 08:00:00+00:00,23.45,-23.888,-24.088,False,17,2.83,3.121
NEARUSDT,2021-12-04 00:00:00+00:00,9.125,2021-12-06 20:00:00+00:00,7.263,-20.405,-20.605,False,17,2.83,4.727
DOGEUSDT,2021-12-14 16:00:00+00:00,0.1887,2021-12-17 12:00:00+00:00,0.1683,-10.811,-11.011,False,17,2.83,8.647
AAVEUSDT,2021-12-22 12:00:00+00:00,204.8,2021-12-23 08:00:00+00:00,225.28000000000003,10.0,9.8,True,5,0.83,2.644
UNIUSDT,2021-12-22 16:00:00+00:00,15.6,2021-12-22 20:00:00+00:00,17.16,10.0,9.8,True,1,0.17,3.22
BCHUSDT,2021-12-27 12:00:00+00:00,466.6,2021-12-30 08:00:00+00:00,435.5,-6.665,-6.865,False,17,2.83,4.054
NEARUSDT,2022-01-04 04:00:00+00:00,16.875,2022-01-07 00:00:00+00:00,14.699,-12.895,-13.095,False,17,2.83,3.649
SHIBUSDT,2022-01-12 16:00:00+00:00,3.114e-05,2022-01-15 12:00:00+00:00,3.118e-05,0.128,-0.072,False,17,2.83,4.359
ETCUSDT,2022-01-19 08:00:00+00:00,31.88,2022-01-22 04:00:00+00:00,23.48,-26.349,-26.549,False,17,2.83,3.248
ETHUSDT,2022-02-04 16:00:00+00:00,2871.79,2022-02-07 12:00:00+00:00,3123.15,8.753,8.553,False,17,2.83,2.681
NEARUSDT,2022-02-04 20:00:00+00:00,12.794,2022-02-07 16:00:00+00:00,14.073400000000001,10.0,9.8,True,17,2.83,4.067
AXSUSDT,2022-02-05 12:00:00+00:00,59.21,2022-02-06 12:00:00+00:00,65.131,10.0,9.8,True,6,1.0,2.544
LINKUSDT,2022-02-10 16:00:00+00:00,18.17,2022-02-13 12:00:00+00:00,16.07,-11.558,-11.758,False,17,2.83,2.658
BNBUSDT,2022-02-15 12:00:00+00:00,428.4,2022-02-18 08:00:00+00:00,403.1,-5.906,-6.106,False,17,2.83,4.618
MANAUSDT,2022-02-15 20:00:00+00:00,3.1822,2022-02-18 16:00:00+00:00,2.9638,-6.863,-7.063,False,17,2.83,2.861
XLMUSDT,2022-03-12 00:00:00+00:00,0.1835,2022-03-14 20:00:00+00:00,0.18,-1.907,-2.107,False,17,2.83,2.739
XRPUSDT,2022-03-12 00:00:00+00:00,0.8028,2022-03-14 20:00:00+00:00,0.7748,-3.488,-3.688,False,17,2.83,4.488
SANDUSDT,2022-03-16 16:00:00+00:00,2.955,2022-03-16 20:00:00+00:00,3.2505,10.0,9.8,True,1,0.17,2.565
MANAUSDT,2022-03-16 20:00:00+00:00,2.4315,2022-03-19 16:00:00+00:00,2.5276,3.952,3.752,False,17,2.83,3.486
DOTUSDT,2022-03-22 08:00:00+00:00,19.76,2022-03-25 04:00:00+00:00,20.8,5.263,5.063,False,17,2.83,2.639
AAVEUSDT,2022-03-24 16:00:00+00:00,167.6,2022-03-27 12:00:00+00:00,161.5,-3.64,-3.84,False,17,2.83,3.7
FILUSDT,2022-03-27 16:00:00+00:00,20.09,2022-03-27 16:00:00+00:00,22.099,10.0,9.8,True,0,0.0,3.48
DOGEUSDT,2022-04-03 16:00:00+00:00,0.1455,2022-04-05 12:00:00+00:00,0.16005,10.0,9.8,True,11,1.83,2.986
DOGEUSDT,2022-04-10 16:00:00+00:00,0.1537,2022-04-13 12:00:00+00:00,0.1398,-9.044,-9.244,False,17,2.83,2.965
FILUSDT,2022-04-16 20:00:00+00:00,20.4,2022-04-19 16:00:00+00:00,20.57,0.833,0.633,False,17,2.83,5.058
DOGEUSDT,2022-04-20 08:00:00+00:00,0.1447,2022-04-23 04:00:00+00:00,0.1348,-6.842,-7.042,False,17,2.83,2.515
DOGEUSDT,2022-04-26 00:00:00+00:00,0.1582,2022-04-28 20:00:00+00:00,0.1375,-13.085,-13.285,False,17,2.83,4.869
TRXUSDT,2022-05-01 08:00:00+00:00,0.06742,2022-05-03 12:00:00+00:00,0.074162,10.0,9.8,True,13,2.17,2.732
LINKUSDT,2022-05-04 20:00:00+00:00,12.02,2022-05-07 16:00:00+00:00,10.66,-11.314,-11.514,False,17,2.83,3.096
DOTUSDT,2022-05-04 20:00:00+00:00,16.06,2022-05-07 16:00:00+00:00,14.11,-12.142,-12.342,False,17,2.83,3.266
UNIUSDT,2022-05-04 20:00:00+00:00,7.77,2022-05-07 16:00:00+00:00,7.46,-3.99,-4.19,False,17,2.83,4.79
BNBUSDT,2022-05-04 20:00:00+00:00,401.5,2022-05-07 16:00:00+00:00,376.6,-6.202,-6.402,False,17,2.83,2.81
MANAUSDT,2022-05-14 04:00:00+00:00,1.2595,2022-05-17 00:00:00+00:00,1.2222,-2.961,-3.161,False,17,2.83,2.881
AXSUSDT,2022-05-18 12:00:00+00:00,21.59,2022-05-21 08:00:00+00:00,20.65,-4.354,-4.554,False,17,2.83,2.664
ATOMUSDT,2022-05-20 20:00:00+00:00,11.32,2022-05-23 16:00:00+00:00,11.31,-0.088,-0.288,False,17,2.83,2.642
ETCUSDT,2022-06-06 08:00:00+00:00,23.24,2022-06-09 04:00:00+00:00,21.41,-7.874,-8.074,False,17,2.83,2.855
AXSUSDT,2022-06-06 12:00:00+00:00,21.59,2022-06-09 08:00:00+00:00,19.69,-8.8,-9.0,False,17,2.83,3.143
LINKUSDT,2022-06-15 20:00:00+00:00,6.92,2022-06-18 16:00:00+00:00,5.56,-19.653,-19.853,False,17,2.83,2.705
UNIUSDT,2022-06-20 08:00:00+00:00,4.09,2022-06-21 04:00:00+00:00,4.4990000000000006,10.0,9.8,True,5,0.83,2.868
AAVEUSDT,2022-06-20 20:00:00+00:00,60.1,2022-06-21 04:00:00+00:00,66.11000000000001,10.0,9.8,True,2,0.33,3.048
UNIUSDT,2022-07-25 04:00:00+00:00,6.89,2022-07-27 16:00:00+00:00,7.579000000000001,10.0,9.8,True,15,2.5,4.313
ETCUSDT,2022-07-27 20:00:00+00:00,29.96,2022-07-27 20:00:00+00:00,32.956,10.0,9.8,True,0,0.0,4.643
UNIUSDT,2022-07-28 04:00:00+00:00,8.27,2022-07-28 12:00:00+00:00,9.097,10.0,9.8,True,2,0.33,2.942
BCHUSDT,2022-07-28 08:00:00+00:00,142.3,2022-07-28 16:00:00+00:00,156.53000000000003,10.0,9.8,True,2,0.33,3.196
NEARUSDT,2022-07-28 16:00:00+00:00,4.292,2022-07-31 12:00:00+00:00,4.441,3.472,3.272,False,17,2.83,2.814
SANDUSDT,2022-07-28 16:00:00+00:00,1.3447,2022-07-31 12:00:00+00:00,1.3528,0.602,0.402,False,17,2.83,3.048
SHIBUSDT,2022-07-28 16:00:00+00:00,1.172e-05,2022-07-31 12:00:00+00:00,1.203e-05,2.645,2.445,False,17,2.83,3.027
AXSUSDT,2022-07-28 16:00:00+00:00,16.87,2022-07-29 00:00:00+00:00,18.557000000000002,10.0,9.8,True,2,0.33,2.837
OPUSDT,2022-08-03 20:00:00+00:00,1.97,2022-08-03 20:00:00+00:00,2.1670000000000003,10.0,9.8,True,0,0.0,3.019
FILUSDT,2022-08-06 08:00:00+00:00,9.24,2022-08-09 04:00:00+00:00,8.73,-5.519,-5.719,False,17,2.83,4.833
ENJUSDT,2022-08-08 12:00:00+00:00,0.718,2022-08-11 08:00:00+00:00,0.698,-2.786,-2.986,False,17,2.83,7.872
BNBUSDT,2022-08-10 16:00:00+00:00,333.3,2022-08-13 12:00:00+00:00,328.1,-1.56,-1.76,False,17,2.83,4.006
CHZUSDT,2022-08-11 16:00:00+00:00,0.1518,2022-08-14 00:00:00+00:00,0.16698,10.0,9.8,True,14,2.33,2.603
TRXUSDT,2022-08-23 04:00:00+00:00,0.06572,2022-08-26 00:00:00+00:00,0.06533,-0.593,-0.793,False,17,2.83,3.235
ATOMUSDT,2022-08-23 04:00:00+00:00,11.88,2022-08-24 16:00:00+00:00,13.068000000000001,10.0,9.8,True,9,1.5,2.887
TRXUSDT,2022-08-30 16:00:00+00:00,0.06525,2022-09-02 12:00:00+00:00,0.06347,-2.728,-2.928,False,17,2.83,8.52
OPUSDT,2022-09-02 16:00:00+00:00,1.271,2022-09-05 12:00:00+00:00,1.17,-7.946,-8.146,False,17,2.83,2.874
DOTUSDT,2022-09-02 16:00:00+00:00,7.55,2022-09-05 12:00:00+00:00,7.51,-0.53,-0.73,False,17,2.83,2.585
FILUSDT,2022-09-03 08:00:00+00:00,6.34,2022-09-06 04:00:00+00:00,6.17,-2.681,-2.881,False,17,2.83,9.474
ETCUSDT,2022-09-05 16:00:00+00:00,36.5,2022-09-06 00:00:00+00:00,40.150000000000006,10.0,9.8,True,2,0.33,12.371
AVAXUSDT,2022-09-06 04:00:00+00:00,19.91,2022-09-09 00:00:00+00:00,19.85,-0.301,-0.501,False,17,2.83,4.111
NEARUSDT,2022-09-06 04:00:00+00:00,4.305,2022-09-09 00:00:00+00:00,4.683,8.78,8.58,False,17,2.83,4.178
ATOMUSDT,2022-09-08 16:00:00+00:00,13.84,2022-09-09 08:00:00+00:00,15.224,10.0,9.8,True,4,0.67,4.381
AXSUSDT,2022-09-09 12:00:00+00:00,14.89,2022-09-12 08:00:00+00:00,14.8,-0.604,-0.804,False,17,2.83,5.168
SHIBUSDT,2022-09-09 12:00:00+00:00,1.298e-05,2022-09-12 08:00:00+00:00,1.308e-05,0.77,0.57,False,17,2.83,6.181
LTCUSDT,2022-09-13 16:00:00+00:00,61.85,2022-09-16 12:00:00+00:00,55.77,-9.83,-10.03,False,17,2.83,5.668
XLMUSDT,2022-09-17 16:00:00+00:00,0.111,2022-09-20 12:00:00+00:00,0.1186,6.847,6.647,False,17,2.83,2.565
UNIUSDT,2022-09-27 08:00:00+00:00,6.6,2022-09-30 04:00:00+00:00,6.34,-3.939,-4.139,False,17,2.83,3.237
UNIUSDT,2022-10-04 04:00:00+00:00,6.63,2022-10-07 00:00:00+00:00,7.02,5.882,5.682,False,17,2.83,3.912
DOGEUSDT,2022-10-04 20:00:00+00:00,0.06479,2022-10-07 16:00:00+00:00,0.06202,-4.275,-4.475,False,17,2.83,21.605
TRXUSDT,2022-10-10 08:00:00+00:00,0.06419,2022-10-13 04:00:00+00:00,0.06038,-5.936,-6.136,False,17,2.83,6.843
MANAUSDT,2022-10-25 20:00:00+00:00,0.6287,2022-10-28 16:00:00+00:00,0.6439,2.418,2.218,False,17,2.83,4.229
XLMUSDT,2022-10-29 20:00:00+00:00,0.1143,2022-11-01 16:00:00+00:00,0.1096,-4.112,-4.312,False,17,2.83,2.757
LTCUSDT,2022-11-02 16:00:00+00:00,60.87,2022-11-04 08:00:00+00:00,66.95700000000001,10.0,9.8,True,10,1.67,4.708
FILUSDT,2022-11-03 12:00:00+00:00,5.84,2022-11-05 16:00:00+00:00,6.424,10.0,9.8,True,13,2.17,3.512
AAVEUSDT,2022-11-04 08:00:00+00:00,95.4,2022-11-07 04:00:00+00:00,84.4,-11.53,-11.73,False,17,2.83,4.29
XRPUSDT,2022-11-04 12:00:00+00:00,0.4888,2022-11-07 08:00:00+00:00,0.4701,-3.826,-4.026,False,17,2.83,5.621
XLMUSDT,2022-11-04 12:00:00+00:00,0.1129,2022-11-07 08:00:00+00:00,0.1101,-2.48,-2.68,False,17,2.83,4.005
DOTUSDT,2022-11-04 16:00:00+00:00,6.75,2022-11-07 12:00:00+00:00,7.14,5.778,5.578,False,17,2.83,3.228
SANDUSDT,2022-11-05 04:00:00+00:00,0.9401,2022-11-08 00:00:00+00:00,0.8047,-14.403,-14.603,False,17,2.83,5.976
BNBUSDT,2022-11-23 12:00:00+00:00,297.2,2022-11-26 08:00:00+00:00,314.3,5.754,5.554,False,17,2.83,8.917
ETHUSDT,2022-11-30 04:00:00+00:00,1265.09,2022-12-03 00:00:00+00:00,1285.85,1.641,1.441,False,17,2.83,3.557
BCHUSDT,2022-12-05 08:00:00+00:00,116.7,2022-12-08 04:00:00+00:00,109.4,-6.255,-6.455,False,17,2.83,5.319
LTCUSDT,2022-12-05 08:00:00+00:00,83.35,2022-12-08 04:00:00+00:00,75.65,-9.238,-9.438,False,17,2.83,8.032
AXSUSDT,2022-12-05 08:00:00+00:00,7.81,2022-12-05 08:00:00+00:00,8.591000000000001,10.0,9.8,True,0,0.0,10.222
SANDUSDT,2022-12-05 12:00:00+00:00,0.622,2022-12-08 08:00:00+00:00,0.5787,-6.961,-7.161,False,17,2.83,4.416
FILUSDT,2022-12-14 20:00:00+00:00,4.238,2022-12-17 16:00:00+00:00,3.055,-27.914,-28.114,False,17,2.83,3.413
MANAUSDT,2022-12-23 20:00:00+00:00,0.337,2022-12-26 16:00:00+00:00,0.327,-2.967,-3.167,False,17,2.83,11.306
XRPUSDT,2022-12-26 20:00:00+00:00,0.3663,2022-12-29 16:00:00+00:00,0.3442,-6.033,-6.233,False,17,2.83,4.829
OPUSDT,2022-12-27 16:00:00+00:00,0.945,2022-12-30 12:00:00+00:00,0.912,-3.492,-3.692,False,17,2.83,2.637
LTCUSDT,2022-12-31 16:00:00+00:00,70.07,2023-01-02 04:00:00+00:00,77.077,10.0,9.8,True,9,1.5,3.657
AXSUSDT,2023-01-02 00:00:00+00:00,6.33,2023-01-04 20:00:00+00:00,6.65,5.055,4.855,False,17,2.83,3.079
SANDUSDT,2023-01-07 04:00:00+00:00,0.4635,2023-01-08 20:00:00+00:00,0.50985,10.0,9.8,True,10,1.67,3.746
DOGEUSDT,2023-01-09 04:00:00+00:00,0.0749,2023-01-12 00:00:00+00:00,0.08,6.809,6.609,False,17,2.83,3.808
SANDUSDT,2023-01-21 04:00:00+00:00,0.7899,2023-01-24 00:00:00+00:00,0.8056,1.988,1.788,False,17,2.83,2.812
DOGEUSDT,2023-01-21 12:00:00+00:00,0.08686,2023-01-24 08:00:00+00:00,0.08884,2.28,2.08,False,17,2.83,2.547
ENJUSDT,2023-01-28 04:00:00+00:00,0.468,2023-01-31 00:00:00+00:00,0.4338,-7.308,-7.508,False,17,2.83,14.444
DOGEUSDT,2023-01-28 08:00:00+00:00,0.09008,2023-01-31 04:00:00+00:00,0.09511,5.584,5.384,False,17,2.83,4.162
SHIBUSDT,2023-01-28 08:00:00+00:00,1.191e-05,2023-01-31 04:00:00+00:00,1.188e-05,-0.252,-0.452,False,17,2.83,3.828
ATOMUSDT,2023-02-01 16:00:00+00:00,13.977,2023-02-03 16:00:00+00:00,15.3747,10.0,9.8,True,12,2.0,4.996
OPUSDT,2023-02-01 20:00:00+00:00,2.419,2023-02-01 20:00:00+00:00,2.6609000000000003,10.0,9.8,True,0,0.0,3.049
ADAUSDT,2023-02-01 20:00:00+00:00,0.3875,2023-02-04 16:00:00+00:00,0.4045,4.387,4.187,False,17,2.83,2.601
FILUSDT,2023-02-02 00:00:00+00:00,5.686,2023-02-04 20:00:00+00:00,5.521,-2.902,-3.102,False,17,2.83,3.345
CHZUSDT,2023-02-02 12:00:00+00:00,0.1463,2023-02-05 08:00:00+00:00,0.1453,-0.684,-0.884,False,17,2.83,5.57
DOGEUSDT,2023-02-04 20:00:00+00:00,0.09751,2023-02-07 16:00:00+00:00,0.09137,-6.297,-6.497,False,17,2.83,4.087
CHZUSDT,2023-02-07 20:00:00+00:00,0.1645,2023-02-10 16:00:00+00:00,0.137,-16.717,-16.917,False,17,2.83,4.172
SANDUSDT,2023-02-08 04:00:00+00:00,0.886,2023-02-11 00:00:00+00:00,0.7294,-17.675,-17.875,False,17,2.83,3.521
AXSUSDT,2023-02-08 12:00:00+00:00,12.03,2023-02-11 08:00:00+00:00,10.1,-16.043,-16.243,False,17,2.83,2.907
APTUSDT,2023-02-14 16:00:00+00:00,14.1679,2023-02-15 20:00:00+00:00,15.58469,10.0,9.8,True,7,1.17,3.358
DOGEUSDT,2023-02-15 04:00:00+00:00,0.08509,2023-02-18 00:00:00+00:00,0.08803,3.455,3.255,False,17,2.83,3.102
SANDUSDT,2023-02-16 00:00:00+00:00,0.7631,2023-02-18 20:00:00+00:00,0.7625,-0.079,-0.279,False,17,2.83,2.859
OPUSDT,2023-02-23 16:00:00+00:00,2.91,2023-02-24 04:00:00+00:00,3.2010000000000005,10.0,9.8,True,3,0.5,6.538
AAVEUSDT,2023-03-07 16:00:00+00:00,75.3,2023-03-10 12:00:00+00:00,67.8,-9.96,-10.16,False,17,2.83,4.308
ETCUSDT,2023-03-13 04:00:00+00:00,19.48,2023-03-16 00:00:00+00:00,18.46,-5.236,-5.436,False,17,2.83,4.339
BNBUSDT,2023-03-13 08:00:00+00:00,304.8,2023-03-16 04:00:00+00:00,321.3,5.413,5.213,False,17,2.83,5.556
ETCUSDT,2023-03-18 04:00:00+00:00,21.97,2023-03-21 00:00:00+00:00,19.78,-9.968,-10.168,False,17,2.83,6.151
SHIBUSDT,2023-03-22 20:00:00+00:00,1.029e-05,2023-03-25 16:00:00+00:00,1.039e-05,0.972,0.772,False,17,2.83,2.879
AVAXUSDT,2023-03-22 20:00:00+00:00,16.37,2023-03-25 16:00:00+00:00,16.42,0.305,0.105,False,17,2.83,4.771
LTCUSDT,2023-03-23 00:00:00+00:00,87.25,2023-03-24 04:00:00+00:00,95.97500000000001,10.0,9.8,True,7,1.17,3.563
ATOMUSDT,2023-03-29 12:00:00+00:00,11.318,2023-04-01 08:00:00+00:00,11.137,-1.599,-1.799,False,17,2.83,3.181
ARBUSDT,2023-03-30 04:00:00+00:00,1.292,2023-03-30 08:00:00+00:00,1.4212000000000002,10.0,9.8,True,1,0.17,3.362
APTUSDT,2023-04-02 12:00:00+00:00,12.2361,2023-04-05 08:00:00+00:00,11.8144,-3.446,-3.646,False,17,2.83,5.842
CHZUSDT,2023-04-04 04:00:00+00:00,0.1268,2023-04-07 00:00:00+00:00,0.1277,0.71,0.51,False,17,2.83,4.627
ENJUSDT,2023-04-05 04:00:00+00:00,0.4239,2023-04-07 04:00:00+00:00,0.46629000000000004,10.0,9.8,True,12,2.0,2.528
FILUSDT,2023-04-10 20:00:00+00:00,6.145,2023-04-13 16:00:00+00:00,6.059,-1.4,-1.6,False,17,2.83,3.074
LTCUSDT,2023-04-10 20:00:00+00:00,92.7,2023-04-13 16:00:00+00:00,94.4,1.834,1.634,False,17,2.83,2.807
BCHUSDT,2023-04-10 20:00:00+00:00,127.3,2023-04-13 16:00:00+00:00,131.0,2.907,2.707,False,17,2.83,3.357
SOLUSDT,2023-04-11 04:00:00+00:00,21.27,2023-04-11 12:00:00+00:00,23.397000000000002,10.0,9.8,True,2,0.33,3.163
ARBUSDT,2023-04-13 12:00:00+00:00,1.3042,2023-04-14 00:00:00+00:00,1.4346200000000002,10.0,9.8,True,3,0.5,4.885
UNIUSDT,2023-04-13 16:00:00+00:00,6.168,2023-04-16 12:00:00+00:00,6.255,1.411,1.211,False,17,2.83,2.535
SOLUSDT,2023-04-17 04:00:00+00:00,25.81,2023-04-20 00:00:00+00:00,22.86,-11.43,-11.63,False,17,2.83,2.566
AAVEUSDT,2023-04-26 16:00:00+00:00,73.3,2023-04-29 12:00:00+00:00,72.2,-1.501,-1.701,False,17,2.83,5.044
APTUSDT,2023-04-26 16:00:00+00:00,10.7237,2023-04-29 12:00:00+00:00,10.7349,0.104,-0.096,False,17,2.83,3.135
DOGEUSDT,2023-04-26 16:00:00+00:00,0.08261,2023-04-29 12:00:00+00:00,0.08097,-1.985,-2.185,False,17,2.83,2.824
SHIBUSDT,2023-04-26 16:00:00+00:00,1.061e-05,2023-04-29 12:00:00+00:00,1.029e-05,-3.016,-3.216,False,17,2.83,2.834
SOLUSDT,2023-04-26 16:00:00+00:00,22.67,2023-04-29 12:00:00+00:00,23.35,3.0,2.8,False,17,2.83,2.579
UNIUSDT,2023-05-05 16:00:00+00:00,5.535,2023-05-08 12:00:00+00:00,5.12,-7.498,-7.698,False,17,2.83,4.787
XRPUSDT,2023-05-17 00:00:00+00:00,0.4426,2023-05-19 20:00:00+00:00,0.4675,5.626,5.426,False,17,2.83,3.035
ADAUSDT,2023-05-17 20:00:00+00:00,0.3779,2023-05-20 16:00:00+00:00,0.3659,-3.175,-3.375,False,17,2.83,2.957
TRXUSDT,2023-05-20 16:00:00+00:00,0.07272,2023-05-23 12:00:00+00:00,0.07814,7.453,7.253,False,17,2.83,6.088
ETHUSDT,2023-05-23 04:00:00+00:00,1866.01,2023-05-26 00:00:00+00:00,1807.41,-3.14,-3.34,False,17,2.83,5.789
SHIBUSDT,2023-05-28 04:00:00+00:00,8.85e-06,2023-05-31 00:00:00+00:00,8.66e-06,-2.147,-2.347,False,17,2.83,2.968
FILUSDT,2023-06-02 04:00:00+00:00,4.905,2023-06-05 00:00:00+00:00,4.576,-6.707,-6.907,False,17,2.83,3.114
TRXUSDT,2023-06-03 00:00:00+00:00,0.08266,2023-06-05 20:00:00+00:00,0.07832,-5.25,-5.45,False,17,2.83,6.453
UNIUSDT,2023-06-13 16:00:00+00:00,4.226,2023-06-14 16:00:00+00:00,4.6486,10.0,9.8,True,6,1.0,3.082
APTUSDT,2023-06-17 08:00:00+00:00,6.7036,2023-06-20 04:00:00+00:00,6.8542,2.247,2.047,False,17,2.83,3.279
ETCUSDT,2023-06-20 20:00:00+00:00,15.59,2023-06-22 00:00:00+00:00,17.149,10.0,9.8,True,7,1.17,2.795
FILUSDT,2023-06-21 04:00:00+00:00,3.847,2023-06-24 00:00:00+00:00,4.047,5.199,4.999,False,17,2.83,2.666
BCHUSDT,2023-06-21 04:00:00+00:00,112.7,2023-06-21 04:00:00+00:00,123.97000000000001,10.0,9.8,True,0,0.0,3.194
ETCUSDT,2023-06-30 12:00:00+00:00,20.72,2023-07-01 00:00:00+00:00,22.792,10.0,9.8,True,3,0.5,5.433
LTCUSDT,2023-06-30 12:00:00+00:00,100.79,2023-06-30 16:00:00+00:00,110.86900000000001,10.0,9.8,True,1,0.17,7.045
ETHUSDT,2023-06-30 20:00:00+00:00,1926.32,2023-07-03 16:00:00+00:00,1967.4,2.133,1.933,False,17,2.83,3.835
SOLUSDT,2023-07-06 20:00:00+00:00,20.91,2023-07-09 16:00:00+00:00,21.29,1.817,1.617,False,17,2.83,3.857
BNBUSDT,2023-07-10 16:00:00+00:00,245.6,2023-07-13 12:00:00+00:00,251.0,2.199,1.999,False,17,2.83,3.36
ENJUSDT,2023-07-12 00:00:00+00:00,0.2992,2023-07-14 20:00:00+00:00,0.3104,3.743,3.543,False,17,2.83,2.684
ARBUSDT,2023-07-12 16:00:00+00:00,1.1243,2023-07-13 16:00:00+00:00,1.23673,10.0,9.8,True,6,1.0,4.081
XRPUSDT,2023-07-13 16:00:00+00:00,0.5906,2023-07-13 16:00:00+00:00,0.64966,10.0,9.8,True,0,0.0,11.398
DOGEUSDT,2023-07-13 16:00:00+00:00,0.06746,2023-07-15 04:00:00+00:00,0.07420600000000001,10.0,9.8,True,9,1.5,3.141
APTUSDT,2023-07-13 20:00:00+00:00,7.565,2023-07-16 16:00:00+00:00,7.428,-1.811,-2.011,False,17,2.83,7.041
XLMUSDT,2023-07-13 20:00:00+00:00,0.1613,2023-07-16 16:00:00+00:00,0.1313,-18.599,-18.799,False,17,2.83,87.804
FILUSDT,2023-07-13 20:00:00+00:00,4.6,2023-07-16 16:00:00+00:00,4.344,-5.565,-5.765,False,17,2.83,5.109
AVAXUSDT,2023-07-14 04:00:00+00:00,14.76,2023-07-17 00:00:00+00:00,14.44,-2.168,-2.368,False,17,2.83,2.984
SUIUSDT,2023-07-18 04:00:00+00:00,0.7601,2023-07-21 00:00:00+00:00,0.6925,-8.894,-9.094,False,17,2.83,6.0
XLMUSDT,2023-07-19 08:00:00+00:00,0.1381,2023-07-19 16:00:00+00:00,0.15191000000000002,10.0,9.8,True,2,0.33,2.511
ADAUSDT,2023-07-20 04:00:00+00:00,0.3278,2023-07-23 00:00:00+00:00,0.315,-3.905,-4.105,False,17,2.83,2.625
DOGEUSDT,2023-07-24 08:00:00+00:00,0.07667,2023-07-27 04:00:00+00:00,0.07876,2.726,2.526,False,17,2.83,3.557
XRPUSDT,2023-07-30 12:00:00+00:00,0.7197,2023-08-02 08:00:00+00:00,0.6962,-3.265,-3.465,False,17,2.83,2.556
BCHUSDT,2023-07-30 16:00:00+00:00,253.2,2023-08-02 12:00:00+00:00,232.7,-8.096,-8.296,False,17,2.83,9.974
SHIBUSDT,2023-08-04 12:00:00+00:00,8.66e-06,2023-08-05 08:00:00+00:00,9.526000000000002e-06,10.0,9.8,True,5,0.83,3.748
BCHUSDT,2023-08-07 12:00:00+00:00,241.1,2023-08-10 08:00:00+00:00,232.8,-3.443,-3.643,False,17,2.83,9.662
ETHUSDT,2023-08-08 20:00:00+00:00,1859.07,2023-08-11 16:00:00+00:00,1844.56,-0.78,-0.98,False,17,2.83,3.51
LTCUSDT,2023-08-08 20:00:00+00:00,84.33,2023-08-11 16:00:00+00:00,82.9,-1.696,-1.896,False,17,2.83,2.547
ARBUSDT,2023-08-09 04:00:00+00:00,1.1714,2023-08-12 00:00:00+00:00,1.1562,-1.298,-1.498,False,17,2.83,2.793
APTUSDT,2023-08-09 16:00:00+00:00,7.365,2023-08-12 12:00:00+00:00,7.1105,-3.456,-3.656,False,17,2.83,57.063
XLMUSDT,2023-08-20 12:00:00+00:00,0.1308,2023-08-23 08:00:00+00:00,0.125,-4.434,-4.634,False,17,2.83,4.269
ETCUSDT,2023-08-21 16:00:00+00:00,15.48,2023-08-24 12:00:00+00:00,15.84,2.326,2.126,False,17,2.83,7.027
BCHUSDT,2023-08-24 00:00:00+00:00,193.8,2023-08-26 20:00:00+00:00,190.1,-1.909,-2.109,False,17,2.83,3.133
BCHUSDT,2023-08-28 00:00:00+00:00,197.8,2023-08-29 16:00:00+00:00,217.58000000000004,10.0,9.8,True,10,1.67,2.603
UNIUSDT,2023-08-28 04:00:00+00:00,4.616,2023-08-31 00:00:00+00:00,4.597,-0.412,-0.612,False,17,2.83,2.781
FILUSDT,2023-08-28 12:00:00+00:00,3.334,2023-08-31 08:00:00+00:00,3.418,2.519,2.319,False,17,2.83,2.678
BCHUSDT,2023-08-29 16:00:00+00:00,207.7,2023-09-01 12:00:00+00:00,202.7,-2.407,-2.607,False,17,2.83,10.043
ATOMUSDT,2023-08-29 16:00:00+00:00,7.378,2023-09-01 12:00:00+00:00,6.818,-7.59,-7.79,False,17,2.83,5.366
ETHUSDT,2023-08-29 16:00:00+00:00,1715.0,2023-09-01 12:00:00+00:00,1634.86,-4.673,-4.873,False,17,2.83,9.561
LTCUSDT,2023-08-29 16:00:00+00:00,68.2,2023-09-01 12:00:00+00:00,63.24,-7.273,-7.473,False,17,2.83,9.326
SHIBUSDT,2023-08-29 16:00:00+00:00,8.32e-06,2023-09-01 12:00:00+00:00,7.9e-06,-5.048,-5.248,False,17,2.83,8.279
SOLUSDT,2023-08-29 16:00:00+00:00,21.33,2023-09-01 12:00:00+00:00,19.39,-9.095,-9.295,False,17,2.83,13.305
DOGEUSDT,2023-08-29 16:00:00+00:00,0.06693,2023-09-01 12:00:00+00:00,0.06338,-5.304,-5.504,False,17,2.83,16.03
ETCUSDT,2023-08-29 20:00:00+00:00,17.14,2023-09-01 16:00:00+00:00,15.44,-9.918,-10.118,False,17,2.83,5.368
ENJUSDT,2023-08-29 20:00:00+00:00,0.2501,2023-09-01 16:00:00+00:00,0.228,-8.836,-9.036,False,17,2.83,3.25
APTUSDT,2023-08-29 20:00:00+00:00,5.92,2023-09-01 16:00:00+00:00,5.4578,-7.807,-8.007,False,17,2.83,2.909
ENJUSDT,2023-09-04 20:00:00+00:00,0.2317,2023-09-06 00:00:00+00:00,0.25487,10.0,9.8,True,7,1.17,4.978
SOLUSDT,2023-09-05 16:00:00+00:00,20.4,2023-09-08 12:00:00+00:00,19.52,-4.314,-4.514,False,17,2.83,6.188
SANDUSDT,2023-09-06 04:00:00+00:00,0.3105,2023-09-09 00:00:00+00:00,0.304,-2.093,-2.293,False,17,2.83,2.58
AVAXUSDT,2023-09-06 20:00:00+00:00,9.91,2023-09-09 16:00:00+00:00,9.88,-0.303,-0.503,False,17,2.83,3.019
AXSUSDT,2023-09-14 16:00:00+00:00,4.6,2023-09-17 12:00:00+00:00,4.59,-0.217,-0.417,False,17,2.83,26.125
ETHUSDT,2023-09-18 12:00:00+00:00,1655.88,2023-09-21 08:00:00+00:00,1594.95,-3.68,-3.88,False,17,2.83,2.665
SHIBUSDT,2023-09-23 20:00:00+00:00,7.57e-06,2023-09-26 16:00:00+00:00,7.26e-06,-4.095,-4.295,False,17,2.83,4.253
AXSUSDT,2023-09-24 16:00:00+00:00,4.52,2023-09-27 12:00:00+00:00,4.45,-1.549,-1.749,False,17,2.83,23.946
ETCUSDT,2023-09-27 16:00:00+00:00,15.41,2023-09-30 12:00:00+00:00,16.09,4.413,4.213,False,17,2.83,2.835
AAVEUSDT,2023-09-28 20:00:00+00:00,66.64,2023-10-01 16:00:00+00:00,69.35,4.067,3.867,False,17,2.83,6.019
AVAXUSDT,2023-10-04 20:00:00+00:00,10.02,2023-10-07 04:00:00+00:00,11.022,10.0,9.8,True,14,2.33,3.512
LINKUSDT,2023-10-09 00:00:00+00:00,7.671,2023-10-11 20:00:00+00:00,7.391,-3.65,-3.85,False,17,2.83,4.426
ENJUSDT,2023-10-09 04:00:00+00:00,0.2339,2023-10-12 00:00:00+00:00,0.2137,-8.636,-8.836,False,17,2.83,8.791
ATOMUSDT,2023-10-16 08:00:00+00:00,6.667,2023-10-19 04:00:00+00:00,6.24,-6.405,-6.605,False,17,2.83,3.044
AAVEUSDT,2023-10-20 12:00:00+00:00,67.01,2023-10-22 04:00:00+00:00,73.71100000000001,10.0,9.8,True,10,1.67,13.418
SANDUSDT,2023-10-29 16:00:00+00:00,0.3528,2023-11-01 12:00:00+00:00,0.3372,-4.422,-4.622,False,17,2.83,5.845
ETHUSDT,2023-10-30 12:00:00+00:00,1814.93,2023-11-02 08:00:00+00:00,1835.97,1.159,0.959,False,17,2.83,3.076
AAVEUSDT,2023-11-01 20:00:00+00:00,89.75,2023-11-02 00:00:00+00:00,98.72500000000001,10.0,9.8,True,1,0.17,4.059
UNIUSDT,2023-11-01 20:00:00+00:00,4.719,2023-11-04 16:00:00+00:00,4.683,-0.763,-0.963,False,17,2.83,11.166
SOLUSDT,2023-11-07 20:00:00+00:00,43.86,2023-11-09 12:00:00+00:00,48.246,10.0,9.8,True,10,1.67,3.152
OPUSDT,2023-11-09 16:00:00+00:00,1.647,2023-11-12 12:00:00+00:00,1.8117,10.0,9.8,True,17,2.83,5.408
ARBUSDT,2023-11-09 20:00:00+00:00,1.1057,2023-11-09 20:00:00+00:00,1.21627,10.0,9.8,True,0,0.0,4.447
DOGEUSDT,2023-11-11 08:00:00+00:00,0.07848,2023-11-14 04:00:00+00:00,0.07516,-4.23,-4.43,False,17,2.83,2.852
ENJUSDT,2023-11-12 08:00:00+00:00,0.3041,2023-11-15 04:00:00+00:00,0.2718,-10.622,-10.822,False,17,2.83,4.092
UNIUSDT,2023-11-22 16:00:00+00:00,5.704,2023-11-22 20:00:00+00:00,6.2744,10.0,9.8,True,1,0.17,4.724
UNIUSDT,2023-11-28 04:00:00+00:00,6.522,2023-12-01 00:00:00+00:00,6.027,-7.59,-7.79,False,17,2.83,2.669
SOLUSDT,2023-11-29 12:00:00+00:00,60.63,2023-12-02 08:00:00+00:00,62.15,2.507,2.307,False,17,2.83,2.545
DOTUSDT,2023-11-30 16:00:00+00:00,5.514,2023-12-03 12:00:00+00:00,5.509,-0.091,-0.291,False,17,2.83,4.454
BNBUSDT,2023-12-04 08:00:00+00:00,232.0,2023-12-07 04:00:00+00:00,232.5,0.216,0.016,False,17,2.83,5.071
OPUSDT,2023-12-07 16:00:00+00:00,1.929,2023-12-07 16:00:00+00:00,2.1219,10.0,9.8,True,0,0.0,3.602
ADAUSDT,2023-12-13 16:00:00+00:00,0.626,2023-12-16 12:00:00+00:00,0.622,-0.639,-0.839,False,17,2.83,2.822
SUIUSDT,2023-12-19 20:00:00+00:00,0.6965,2023-12-22 16:00:00+00:00,0.674,-3.23,-3.43,False,17,2.83,7.684
AXSUSDT,2023-12-20 12:00:00+00:00,7.41,2023-12-23 08:00:00+00:00,7.46,0.675,0.475,False,17,2.83,2.638
BCHUSDT,2023-12-20 16:00:00+00:00,232.2,2023-12-23 12:00:00+00:00,231.3,-0.388,-0.588,False,17,2.83,6.556
XRPUSDT,2023-12-25 12:00:00+00:00,0.642,2023-12-28 08:00:00+00:00,0.6432,0.187,-0.013,False,17,2.83,4.562
BNBUSDT,2023-12-26 12:00:00+00:00,290.1,2023-12-27 20:00:00+00:00,319.11000000000007,10.0,9.8,True,8,1.33,8.945
BCHUSDT,2023-12-27 12:00:00+00:00,252.4,2023-12-28 04:00:00+00:00,277.64000000000004,10.0,9.8,True,4,0.67,8.047
LINKUSDT,2023-12-28 04:00:00+00:00,17.43,2023-12-31 00:00:00+00:00,15.031,-13.764,-13.964,False,17,2.83,3.129
XRPUSDT,2024-01-02 12:00:00+00:00,0.632,2024-01-05 08:00:00+00:00,0.5693,-9.921,-10.121,False,17,2.83,2.998
BNBUSDT,2024-01-03 12:00:00+00:00,323.1,2024-01-06 08:00:00+00:00,307.0,-4.983,-5.183,False,17,2.83,4.918
SHIBUSDT,2024-01-10 00:00:00+00:00,9.67e-06,2024-01-12 20:00:00+00:00,9.64e-06,-0.31,-0.51,False,17,2.83,2.721
ADAUSDT,2024-01-11 00:00:00+00:00,0.5662,2024-01-13 20:00:00+00:00,0.5491,-3.02,-3.22,False,17,2.83,4.452
DOTUSDT,2024-01-11 00:00:00+00:00,7.99,2024-01-13 20:00:00+00:00,7.617,-4.668,-4.868,False,17,2.83,4.383
BNBUSDT,2024-01-15 08:00:00+00:00,315.0,2024-01-18 04:00:00+00:00,311.7,-1.048,-1.248,False,17,2.83,3.723
DOGEUSDT,2024-01-21 00:00:00+00:00,0.08777,2024-01-23 20:00:00+00:00,0.07821,-10.892,-11.092,False,17,2.83,9.962
SOLUSDT,2024-02-08 00:00:00+00:00,101.14,2024-02-10 20:00:00+00:00,109.01,7.781,7.581,False,17,2.83,2.529
ADAUSDT,2024-02-08 12:00:00+00:00,0.5316,2024-02-11 08:00:00+00:00,0.5538,4.176,3.976,False,17,2.83,3.372
UNIUSDT,2024-02-23 16:00:00+00:00,11.389,2024-02-24 00:00:00+00:00,12.5279,10.0,9.8,True,2,0.33,68.766
NEARUSDT,2024-03-06 20:00:00+00:00,5.379,2024-03-06 20:00:00+00:00,5.9169,10.0,9.8,True,0,0.0,4.332
AVAXUSDT,2024-03-11 16:00:00+00:00,46.67,2024-03-12 12:00:00+00:00,51.337,10.0,9.8,True,5,0.83,3.856
XRPUSDT,2024-03-11 16:00:00+00:00,0.6933,2024-03-14 12:00:00+00:00,0.6691,-3.491,-3.691,False,17,2.83,3.653
OPUSDT,2024-03-24 16:00:00+00:00,3.735,2024-03-27 12:00:00+00:00,3.73,-0.134,-0.334,False,17,2.83,2.599
BNBUSDT,2024-03-29 08:00:00+00:00,606.8,2024-04-01 04:00:00+00:00,586.6,-3.329,-3.529,False,17,2.83,4.775
FILUSDT,2024-03-29 16:00:00+00:00,9.816,2024-04-01 12:00:00+00:00,9.138,-6.907,-7.107,False,17,2.83,3.984
BCHUSDT,2024-04-05 04:00:00+00:00,697.2,2024-04-08 00:00:00+00:00,691.6,-0.803,-1.003,False,17,2.83,3.036
BNBUSDT,2024-04-10 20:00:00+00:00,605.9,2024-04-13 16:00:00+00:00,551.9,-8.912,-9.112,False,17,2.83,2.913
CHZUSDT,2024-04-17 16:00:00+00:00,0.1063,2024-04-20 12:00:00+00:00,0.11569,8.833,8.633,False,17,2.83,2.85
XLMUSDT,2024-04-19 04:00:00+00:00,0.1079,2024-04-22 00:00:00+00:00,0.1158,7.322,7.122,False,17,2.83,2.979
AXSUSDT,2024-04-19 12:00:00+00:00,6.963,2024-04-20 16:00:00+00:00,7.659300000000001,10.0,9.8,True,7,1.17,3.02
AXSUSDT,2024-05-10 08:00:00+00:00,7.713,2024-05-13 04:00:00+00:00,6.859,-11.072,-11.272,False,17,2.83,3.294
SOLUSDT,2024-05-14 16:00:00+00:00,142.92,2024-05-15 20:00:00+00:00,157.212,10.0,9.8,True,7,1.17,2.599
BNBUSDT,2024-05-20 20:00:00+00:00,589.3,2024-05-23 16:00:00+00:00,590.4,0.187,-0.013,False,17,2.83,3.696
OPUSDT,2024-05-20 20:00:00+00:00,2.8,2024-05-23 16:00:00+00:00,2.638,-5.786,-5.986,False,17,2.83,4.442
LTCUSDT,2024-05-21 00:00:00+00:00,88.64,2024-05-23 20:00:00+00:00,85.45,-3.599,-3.799,False,17,2.83,5.113
AAVEUSDT,2024-05-21 00:00:00+00:00,98.04,2024-05-23 20:00:00+00:00,97.91,-0.133,-0.333,False,17,2.83,7.17
MANAUSDT,2024-05-21 00:00:00+00:00,0.4656,2024-05-23 20:00:00+00:00,0.449,-3.565,-3.765,False,17,2.83,2.809
AVAXUSDT,2024-05-21 00:00:00+00:00,40.13,2024-05-23 20:00:00+00:00,38.52,-4.012,-4.212,False,17,2.83,4.423
ETCUSDT,2024-05-21 00:00:00+00:00,32.35,2024-05-23 20:00:00+00:00,32.42,0.216,0.016,False,17,2.83,8.831
ARBUSDT,2024-05-21 04:00:00+00:00,1.1569,2024-05-24 00:00:00+00:00,1.2203,5.48,5.28,False,17,2.83,3.204
DOGEUSDT,2024-05-21 04:00:00+00:00,0.16338,2024-05-24 00:00:00+00:00,0.15962,-2.301,-2.501,False,17,2.83,2.611
CHZUSDT,2024-05-26 00:00:00+00:00,0.13623,2024-05-28 08:00:00+00:00,0.14985300000000001,10.0,9.8,True,14,2.33,8.045
SHIBUSDT,2024-05-27 16:00:00+00:00,2.584e-05,2024-05-29 00:00:00+00:00,2.8424e-05,10.0,9.8,True,8,1.33,3.275
ENJUSDT,2024-05-28 00:00:00+00:00,0.3844,2024-05-30 20:00:00+00:00,0.3542,-7.856,-8.056,False,17,2.83,2.875
AXSUSDT,2024-06-02 04:00:00+00:00,8.265,2024-06-05 00:00:00+00:00,8.217,-0.581,-0.781,False,17,2.83,3.338
UNIUSDT,2024-06-04 20:00:00+00:00,11.508,2024-06-07 16:00:00+00:00,9.784,-14.981,-15.181,False,17,2.83,13.485
ENJUSDT,2024-06-21 16:00:00+00:00,0.197,2024-06-24 12:00:00+00:00,0.1934,-1.827,-2.027,False,17,2.83,2.624
NEARUSDT,2024-06-24 12:00:00+00:00,5.298,2024-06-27 08:00:00+00:00,5.117,-3.416,-3.616,False,17,2.83,4.621
BNBUSDT,2024-07-19 20:00:00+00:00,595.8,2024-07-22 16:00:00+00:00,595.6,-0.034,-0.234,False,17,2.83,3.084
XRPUSDT,2024-08-08 00:00:00+00:00,0.6003,2024-08-10 20:00:00+00:00,0.5841,-2.699,-2.899,False,17,2.83,5.843
AXSUSDT,2024-08-13 20:00:00+00:00,4.918,2024-08-16 16:00:00+00:00,4.672,-5.002,-5.202,False,17,2.83,2.756
SHIBUSDT,2024-08-19 12:00:00+00:00,1.349e-05,2024-08-22 08:00:00+00:00,1.428e-05,5.856,5.656,False,17,2.83,2.675
NEARUSDT,2024-08-20 16:00:00+00:00,3.987,2024-08-22 12:00:00+00:00,4.385700000000001,10.0,9.8,True,11,1.83,3.244
UNIUSDT,2024-08-21 08:00:00+00:00,6.508,2024-08-21 20:00:00+00:00,7.1588,10.0,9.8,True,3,0.5,2.576
BCHUSDT,2024-08-22 00:00:00+00:00,349.4,2024-08-24 20:00:00+00:00,363.6,4.064,3.864,False,17,2.83,4.635
SUIUSDT,2024-08-23 16:00:00+00:00,0.9828,2024-08-26 12:00:00+00:00,0.9571,-2.615,-2.815,False,17,2.83,4.276
ENJUSDT,2024-09-03 20:00:00+00:00,0.1395,2024-09-06 16:00:00+00:00,0.1319,-5.448,-5.648,False,17,2.83,7.329
AVAXUSDT,2024-09-13 16:00:00+00:00,24.7,2024-09-16 12:00:00+00:00,23.51,-4.818,-5.018,False,17,2.83,3.059
CHZUSDT,2024-09-19 04:00:00+00:00,0.0554,2024-09-22 00:00:00+00:00,0.058,4.693,4.493,False,17,2.83,2.627
APTUSDT,2024-10-03 16:00:00+00:00,8.36,2024-10-04 12:00:00+00:00,9.196,10.0,9.8,True,5,0.83,3.231
AVAXUSDT,2024-10-12 04:00:00+00:00,28.32,2024-10-15 00:00:00+00:00,28.72,1.412,1.212,False,17,2.83,2.91
LTCUSDT,2024-10-14 16:00:00+00:00,66.94,2024-10-17 12:00:00+00:00,72.22,7.888,7.688,False,17,2.83,2.935
BCHUSDT,2024-10-14 16:00:00+00:00,354.6,2024-10-17 12:00:00+00:00,368.9,4.033,3.833,False,17,2.83,16.242
MANAUSDT,2024-10-19 00:00:00+00:00,0.3372,2024-10-21 20:00:00+00:00,0.3159,-6.317,-6.517,False,17,2.83,11.542
AXSUSDT,2024-10-19 08:00:00+00:00,5.224,2024-10-22 04:00:00+00:00,5.201,-0.44,-0.64,False,17,2.83,4.898
BCHUSDT,2024-10-29 04:00:00+00:00,380.7,2024-11-01 00:00:00+00:00,351.2,-7.749,-7.949,False,17,2.83,6.101
SHIBUSDT,2024-11-05 16:00:00+00:00,1.809e-05,2024-11-06 00:00:00+00:00,1.9899000000000004e-05,10.0,9.8,True,2,0.33,4.129
SOLUSDT,2024-11-06 04:00:00+00:00,184.94,2024-11-08 08:00:00+00:00,203.43400000000003,10.0,9.8,True,13,2.17,5.753
ETCUSDT,2024-11-06 04:00:00+00:00,19.16,2024-11-09 00:00:00+00:00,20.15,5.167,4.967,False,17,2.83,3.241
NEARUSDT,2024-11-06 04:00:00+00:00,4.179,2024-11-09 00:00:00+00:00,4.245,1.579,1.379,False,17,2.83,3.193
DOTUSDT,2024-11-06 04:00:00+00:00,4.08,2024-11-09 00:00:00+00:00,4.268,4.608,4.408,False,17,2.83,3.27
ATOMUSDT,2024-11-06 04:00:00+00:00,4.397,2024-11-09 00:00:00+00:00,4.658,5.936,5.736,False,17,2.83,2.906
BCHUSDT,2024-11-06 08:00:00+00:00,371.6,2024-11-09 04:00:00+00:00,374.1,0.673,0.473,False,17,2.83,4.424
AAVEUSDT,2024-11-06 08:00:00+00:00,156.66,2024-11-06 20:00:00+00:00,172.32600000000002,10.0,9.8,True,3,0.5,6.414
AVAXUSDT,2024-11-06 08:00:00+00:00,25.88,2024-11-08 12:00:00+00:00,28.468,10.0,9.8,True,13,2.17,2.868
APTUSDT,2024-11-06 08:00:00+00:00,9.23,2024-11-09 04:00:00+00:00,9.86,6.826,6.626,False,17,2.83,3.103
FILUSDT,2024-11-06 08:00:00+00:00,3.611,2024-11-09 04:00:00+00:00,3.895,7.865,7.665,False,17,2.83,3.353
BNBUSDT,2024-11-06 08:00:00+00:00,583.69,2024-11-09 04:00:00+00:00,628.95,7.754,7.554,False,17,2.83,4.051
UNIUSDT,2024-11-06 08:00:00+00:00,8.855,2024-11-09 04:00:00+00:00,9.041,2.101,1.901,False,17,2.83,18.265
MANAUSDT,2024-11-16 12:00:00+00:00,0.4385,2024-11-19 08:00:00+00:00,0.4053,-7.571,-7.771,False,17,2.83,9.08
SANDUSDT,2024-11-16 12:00:00+00:00,0.3362,2024-11-16 20:00:00+00:00,0.36982000000000004,10.0,9.8,True,2,0.33,5.664
ENJUSDT,2024-11-16 16:00:00+00:00,0.1737,2024-11-18 04:00:00+00:00,0.19107000000000002,10.0,9.8,True,9,1.5,3.528
BCHUSDT,2024-11-21 08:00:00+00:00,526.1,2024-11-24 04:00:00+00:00,512.3,-2.623,-2.823,False,17,2.83,13.696
ETHUSDT,2024-11-21 16:00:00+00:00,3277.03,2024-11-24 12:00:00+00:00,3294.39,0.53,0.33,False,17,2.83,4.694
ARBUSDT,2024-11-21 16:00:00+00:00,0.7861,2024-11-23 12:00:00+00:00,0.8647100000000001,10.0,9.8,True,11,1.83,6.966
OPUSDT,2024-11-21 16:00:00+00:00,2.114,2024-11-22 12:00:00+00:00,2.3254,10.0,9.8,True,5,0.83,12.526
BNBUSDT,2024-12-04 00:00:00+00:00,734.64,2024-12-06 20:00:00+00:00,730.22,-0.602,-0.802,False,17,2.83,4.315
BNBUSDT,2024-12-28 16:00:00+00:00,721.59,2024-12-31 12:00:00+00:00,710.56,-1.529,-1.729,False,17,2.83,2.751
XLMUSDT,2025-01-01 16:00:00+00:00,0.3855,2025-01-01 16:00:00+00:00,0.42405000000000004,10.0,9.8,True,0,0.0,6.52
XRPUSDT,2025-01-01 20:00:00+00:00,2.3172,2025-01-04 16:00:00+00:00,2.4234,4.583,4.383,False,17,2.83,3.453
TRXUSDT,2025-01-02 16:00:00+00:00,0.2637,2025-01-05 12:00:00+00:00,0.2628,-0.341,-0.541,False,17,2.83,2.861
XLMUSDT,2025-01-15 04:00:00+00:00,0.4645,2025-01-16 12:00:00+00:00,0.51095,10.0,9.8,True,8,1.33,4.898
SANDUSDT,2025-01-15 16:00:00+00:00,0.606,2025-01-17 04:00:00+00:00,0.6666000000000001,10.0,9.8,True,9,1.5,3.285
ENJUSDT,2025-01-15 16:00:00+00:00,0.208,2025-01-18 12:00:00+00:00,0.1975,-5.048,-5.248,False,17,2.83,3.492
AAVEUSDT,2025-01-20 08:00:00+00:00,354.3,2025-01-23 04:00:00+00:00,338.29,-4.519,-4.719,False,17,2.83,3.307
LTCUSDT,2025-01-25 00:00:00+00:00,118.71,2025-01-27 20:00:00+00:00,115.06,-3.075,-3.275,False,17,2.83,2.614
XLMUSDT,2025-01-30 20:00:00+00:00,0.4434,2025-02-02 16:00:00+00:00,0.3641,-17.885,-18.085,False,17,2.83,2.615
ADAUSDT,2025-02-11 08:00:00+00:00,0.8019,2025-02-14 04:00:00+00:00,0.7992,-0.337,-0.537,False,17,2.83,3.194
ETHUSDT,2025-02-17 12:00:00+00:00,2755.2,2025-02-20 08:00:00+00:00,2740.71,-0.526,-0.726,False,17,2.83,2.819
AAVEUSDT,2025-02-17 16:00:00+00:00,268.11,2025-02-20 12:00:00+00:00,253.88,-5.308,-5.508,False,17,2.83,2.742
MANAUSDT,2025-02-21 08:00:00+00:00,0.3386,2025-02-24 04:00:00+00:00,0.3032,-10.455,-10.655,False,17,2.83,3.613
LINKUSDT,2025-03-02 20:00:00+00:00,16.95,2025-03-05 16:00:00+00:00,16.35,-3.54,-3.74,False,17,2.83,6.746
AVAXUSDT,2025-03-02 20:00:00+00:00,24.68,2025-03-05 16:00:00+00:00,21.24,-13.938,-14.138,False,17,2.83,5.693
CHZUSDT,2025-03-02 20:00:00+00:00,0.054,2025-03-05 16:00:00+00:00,0.0488,-9.63,-9.83,False,17,2.83,3.826
ARBUSDT,2025-03-02 20:00:00+00:00,0.4601,2025-03-05 16:00:00+00:00,0.4239,-7.868,-8.068,False,17,2.83,5.035
BCHUSDT,2025-03-05 12:00:00+00:00,378.0,2025-03-06 04:00:00+00:00,415.8,10.0,9.8,True,4,0.67,2.977
MANAUSDT,2025-03-13 00:00:00+00:00,0.2705,2025-03-15 20:00:00+00:00,0.2769,2.366,2.166,False,17,2.83,4.229
LINKUSDT,2025-03-14 12:00:00+00:00,14.1,2025-03-17 08:00:00+00:00,13.8,-2.128,-2.328,False,17,2.83,5.798
ETHUSDT,2025-03-19 12:00:00+00:00,2028.0,2025-03-22 08:00:00+00:00,1990.41,-1.854,-2.054,False,17,2.83,3.165
NEARUSDT,2025-03-19 16:00:00+00:00,2.784,2025-03-22 12:00:00+00:00,2.741,-1.545,-1.745,False,17,2.83,2.99
AXSUSDT,2025-03-24 08:00:00+00:00,3.516,2025-03-27 04:00:00+00:00,3.429,-2.474,-2.674,False,17,2.83,3.608
ARBUSDT,2025-03-24 08:00:00+00:00,0.3811,2025-03-27 04:00:00+00:00,0.3866,1.443,1.243,False,17,2.83,3.148
SANDUSDT,2025-03-24 08:00:00+00:00,0.2983,2025-03-27 04:00:00+00:00,0.3136,5.129,4.929,False,17,2.83,3.754
MANAUSDT,2025-03-24 08:00:00+00:00,0.2845,2025-03-27 04:00:00+00:00,0.2854,0.316,0.116,False,17,2.83,6.462
UNIUSDT,2025-03-24 16:00:00+00:00,7.044,2025-03-27 12:00:00+00:00,6.777,-3.79,-3.99,False,17,2.83,2.694
CHZUSDT,2025-04-01 16:00:00+00:00,0.04479,2025-04-04 12:00:00+00:00,0.04197,-6.296,-6.496,False,17,2.83,2.6
AVAXUSDT,2025-04-09 20:00:00+00:00,18.54,2025-04-12 12:00:00+00:00,20.394000000000002,10.0,9.8,True,16,2.67,2.901
XRPUSDT,2025-04-21 04:00:00+00:00,2.1094,2025-04-24 00:00:00+00:00,2.1752,3.119,2.919,False,17,2.83,2.934
ETHUSDT,2025-05-08 04:00:00+00:00,1901.09,2025-05-08 16:00:00+00:00,2091.199,10.0,9.8,True,3,0.5,2.874
ETCUSDT,2025-05-08 04:00:00+00:00,16.97,2025-05-08 20:00:00+00:00,18.667,10.0,9.8,True,4,0.67,2.631
AXSUSDT,2025-05-08 08:00:00+00:00,2.5,2025-05-08 20:00:00+00:00,2.75,10.0,9.8,True,3,0.5,2.637
MANAUSDT,2025-05-14 04:00:00+00:00,0.3871,2025-05-17 00:00:00+00:00,0.3313,-14.415,-14.615,False,17,2.83,4.346
ETHUSDT,2025-05-27 08:00:00+00:00,2607.6,2025-05-30 04:00:00+00:00,2618.26,0.409,0.209,False,17,2.83,3.467
SHIBUSDT,2025-06-09 16:00:00+00:00,1.251e-05,2025-06-12 12:00:00+00:00,1.252e-05,0.08,-0.12,False,17,2.83,2.667
APTUSDT,2025-06-24 16:00:00+00:00,4.68,2025-06-27 04:00:00+00:00,5.148,10.0,9.8,True,15,2.5,6.862
ENJUSDT,2025-06-29 08:00:00+00:00,0.0661,2025-07-02 04:00:00+00:00,0.0648,-1.967,-2.167,False,17,2.83,2.855
BCHUSDT,2025-06-30 16:00:00+00:00,513.2,2025-07-03 12:00:00+00:00,492.9,-3.956,-4.156,False,17,2.83,3.311
LTCUSDT,2025-07-03 12:00:00+00:00,91.33,2025-07-06 08:00:00+00:00,87.51,-4.183,-4.383,False,17,2.83,3.36
XLMUSDT,2025-07-07 00:00:00+00:00,0.2506,2025-07-09 08:00:00+00:00,0.27566,10.0,9.8,True,14,2.33,3.237
APTUSDT,2025-07-09 16:00:00+00:00,4.536,2025-07-11 04:00:00+00:00,4.9896,10.0,9.8,True,9,1.5,2.614
UNIUSDT,2025-07-18 08:00:00+00:00,10.511,2025-07-21 04:00:00+00:00,10.557,0.438,0.238,False,17,2.83,2.794
BCHUSDT,2025-07-18 08:00:00+00:00,524.8,2025-07-21 04:00:00+00:00,531.2,1.22,1.02,False,17,2.83,5.744
BCHUSDT,2025-08-04 16:00:00+00:00,576.3,2025-08-07 12:00:00+00:00,576.6,0.052,-0.148,False,17,2.83,2.745
UNIUSDT,2025-08-04 16:00:00+00:00,9.986,2025-08-07 12:00:00+00:00,10.111,1.252,1.052,False,17,2.83,4.461
SUIUSDT,2025-08-13 16:00:00+00:00,3.9495,2025-08-16 12:00:00+00:00,3.7579,-4.851,-5.051,False,17,2.83,2.632
CHZUSDT,2025-08-13 16:00:00+00:00,0.04396,2025-08-16 12:00:00+00:00,0.0416,-5.369,-5.569,False,17,2.83,3.71
MANAUSDT,2025-08-13 16:00:00+00:00,0.317,2025-08-16 12:00:00+00:00,0.2996,-5.489,-5.689,False,17,2.83,2.97
FILUSDT,2025-08-13 16:00:00+00:00,2.698,2025-08-16 12:00:00+00:00,2.523,-6.486,-6.686,False,17,2.83,3.001
OPUSDT,2025-08-13 16:00:00+00:00,0.839,2025-08-16 12:00:00+00:00,0.734,-12.515,-12.715,False,17,2.83,3.208
LINKUSDT,2025-08-17 16:00:00+00:00,26.29,2025-08-20 12:00:00+00:00,25.95,-1.293,-1.493,False,17,2.83,2.548
ENJUSDT,2025-08-21 16:00:00+00:00,0.0681,2025-08-22 20:00:00+00:00,0.07491,10.0,9.8,True,7,1.17,3.19
ETCUSDT,2025-08-22 16:00:00+00:00,23.15,2025-08-22 16:00:00+00:00,25.465,10.0,9.8,True,0,0.0,8.237
ARBUSDT,2025-08-22 16:00:00+00:00,0.5385,2025-08-22 16:00:00+00:00,0.59235,10.0,9.8,True,0,0.0,5.564
BCHUSDT,2025-08-22 16:00:00+00:00,596.1,2025-08-25 12:00:00+00:00,559.0,-6.224,-6.424,False,17,2.83,8.0
DOGEUSDT,2025-08-22 16:00:00+00:00,0.23013,2025-08-25 12:00:00+00:00,0.21849,-5.058,-5.258,False,17,2.83,4.92
LTCUSDT,2025-08-22 16:00:00+00:00,119.45,2025-08-25 12:00:00+00:00,111.7,-6.488,-6.688,False,17,2.83,4.354
AXSUSDT,2025-08-22 16:00:00+00:00,2.38,2025-08-25 12:00:00+00:00,2.31,-2.941,-3.141,False,17,2.83,8.055
DOTUSDT,2025-08-22 20:00:00+00:00,4.099,2025-08-25 16:00:00+00:00,3.778,-7.831,-8.031,False,17,2.83,2.984
AVAXUSDT,2025-08-22 20:00:00+00:00,25.07,2025-08-25 16:00:00+00:00,23.55,-6.063,-6.263,False,17,2.83,2.54
SANDUSDT,2025-08-22 20:00:00+00:00,0.3055,2025-08-25 16:00:00+00:00,0.2758,-9.722,-9.922,False,17,2.83,3.242
SHIBUSDT,2025-08-22 20:00:00+00:00,1.334e-05,2025-08-25 16:00:00+00:00,1.212e-05,-9.145,-9.345,False,17,2.83,2.974
MANAUSDT,2025-08-22 20:00:00+00:00,0.3055,2025-08-25 16:00:00+00:00,0.2778,-9.067,-9.267,False,17,2.83,4.651
AXSUSDT,2025-08-31 08:00:00+00:00,2.639,2025-09-03 04:00:00+00:00,2.345,-11.141,-11.341,False,17,2.83,4.256
FILUSDT,2025-09-01 12:00:00+00:00,2.387,2025-09-04 08:00:00+00:00,2.27,-4.902,-5.102,False,17,2.83,17.498
DOGEUSDT,2025-09-07 16:00:00+00:00,0.22368,2025-09-09 12:00:00+00:00,0.24604800000000002,10.0,9.8,True,11,1.83,3.343
NEARUSDT,2025-09-17 20:00:00+00:00,2.772,2025-09-18 16:00:00+00:00,3.0492,10.0,9.8,True,5,0.83,2.708
FILUSDT,2025-10-01 12:00:00+00:00,2.255,2025-10-04 08:00:00+00:00,2.316,2.705,2.505,False,17,2.83,2.753
UNIUSDT,2025-10-01 12:00:00+00:00,7.869,2025-10-04 08:00:00+00:00,7.944,0.953,0.753,False,17,2.83,2.779
LTCUSDT,2025-10-10 00:00:00+00:00,125.9,2025-10-12 20:00:00+00:00,98.98,-21.382,-21.582,False,17,2.83,4.766
LINKUSDT,2025-10-20 08:00:00+00:00,18.62,2025-10-23 04:00:00+00:00,17.57,-5.639,-5.839,False,17,2.83,3.982
FILUSDT,2025-11-07 00:00:00+00:00,1.894,2025-11-07 00:00:00+00:00,2.0834,10.0,9.8,True,0,0.0,4.494
DOTUSDT,2025-11-07 04:00:00+00:00,2.797,2025-11-07 16:00:00+00:00,3.0767,10.0,9.8,True,3,0.5,3.194
ETCUSDT,2025-11-07 12:00:00+00:00,16.2,2025-11-07 16:00:00+00:00,17.82,10.0,9.8,True,1,0.17,4.246
AVAXUSDT,2025-11-07 20:00:00+00:00,17.82,2025-11-10 16:00:00+00:00,18.01,1.066,0.866,False,17,2.83,2.799
UNIUSDT,2025-11-17 12:00:00+00:00,8.022,2025-11-20 08:00:00+00:00,7.272,-9.349,-9.549,False,17,2.83,2.548
ATOMUSDT,2025-11-20 12:00:00+00:00,3.031,2025-11-23 08:00:00+00:00,2.544,-16.067,-16.267,False,17,2.83,5.322
SUIUSDT,2025-11-24 20:00:00+00:00,1.5241,2025-11-27 16:00:00+00:00,1.5724,3.169,2.969,False,17,2.83,2.806
SUIUSDT,2025-12-03 08:00:00+00:00,1.7531,2025-12-06 04:00:00+00:00,1.5244,-13.045,-13.245,False,17,2.83,2.989
SANDUSDT,2025-12-09 20:00:00+00:00,0.1483,2025-12-12 16:00:00+00:00,0.1296,-12.61,-12.81,False,17,2.83,3.135
CHZUSDT,2025-12-19 20:00:00+00:00,0.03535,2025-12-20 00:00:00+00:00,0.038885,10.0,9.8,True,1,0.17,7.182
ENJUSDT,2026-01-01 16:00:00+00:00,0.02968,2026-01-04 12:00:00+00:00,0.03089,4.077,3.877,False,17,2.83,7.745
FILUSDT,2026-01-01 20:00:00+00:00,1.518,2026-01-04 16:00:00+00:00,1.491,-1.779,-1.979,False,17,2.83,4.149
AVAXUSDT,2026-01-02 00:00:00+00:00,13.59,2026-01-04 20:00:00+00:00,14.25,4.857,4.657,False,17,2.83,3.589
DOGEUSDT,2026-01-02 12:00:00+00:00,0.12948,2026-01-02 20:00:00+00:00,0.14242800000000003,10.0,9.8,True,2,0.33,4.064
ADAUSDT,2026-01-02 16:00:00+00:00,0.3717,2026-01-05 12:00:00+00:00,0.40887,10.0,9.8,True,17,2.83,2.624
BCHUSDT,2026-01-03 04:00:00+00:00,628.7,2026-01-06 00:00:00+00:00,646.5,2.831,2.631,False,17,2.83,4.049
ADAUSDT,2026-01-13 16:00:00+00:00,0.4061,2026-01-16 12:00:00+00:00,0.3816,-6.033,-6.233,False,17,2.83,2.58
OPUSDT,2026-01-13 16:00:00+00:00,0.344,2026-01-16 12:00:00+00:00,0.328,-4.651,-4.851,False,17,2.83,4.861
APTUSDT,2026-01-13 20:00:00+00:00,1.917,2026-01-16 16:00:00+00:00,1.772,-7.564,-7.764,False,17,2.83,5.071
DOTUSDT,2026-01-13 20:00:00+00:00,2.251,2026-01-16 16:00:00+00:00,2.093,-7.019,-7.219,False,17,2.83,4.585
AVAXUSDT,2026-01-13 20:00:00+00:00,14.52,2026-01-16 16:00:00+00:00,13.4,-7.713,-7.913,False,17,2.83,4.734
DOGEUSDT,2026-01-14 00:00:00+00:00,0.14828,2026-01-16 20:00:00+00:00,0.13813,-6.845,-7.045,False,17,2.83,3.764
SUIUSDT,2026-01-14 00:00:00+00:00,1.8814,2026-01-16 20:00:00+00:00,1.7888,-4.922,-5.122,False,17,2.83,3.201
ARBUSDT,2026-01-14 00:00:00+00:00,0.2214,2026-01-16 20:00:00+00:00,0.2098,-5.239,-5.439,False,17,2.83,4.335
SHIBUSDT,2026-01-14 00:00:00+00:00,8.99e-06,2026-01-16 20:00:00+00:00,8.56e-06,-4.783,-4.983,False,17,2.83,3.253
ETCUSDT,2026-01-14 00:00:00+00:00,13.3,2026-01-16 20:00:00+00:00,12.76,-4.06,-4.26,False,17,2.83,3.85
XRPUSDT,2026-01-14 00:00:00+00:00,2.1656,2026-01-16 20:00:00+00:00,2.0678,-4.516,-4.716,False,17,2.83,3.067
XLMUSDT,2026-01-14 04:00:00+00:00,0.244,2026-01-17 00:00:00+00:00,0.2253,-7.664,-7.864,False,17,2.83,2.549
SANDUSDT,2026-01-14 04:00:00+00:00,0.1274,2026-01-17 00:00:00+00:00,0.1312,2.983,2.783,False,17,2.83,3.011
SANDUSDT,2026-01-17 08:00:00+00:00,0.1354,2026-01-17 12:00:00+00:00,0.14894000000000002,10.0,9.8,True,1,0.17,3.94
ENJUSDT,2026-01-17 12:00:00+00:00,0.03284,2026-01-17 12:00:00+00:00,0.036124,10.0,9.8,True,0,0.0,3.123
MANAUSDT,2026-01-17 16:00:00+00:00,0.1697,2026-01-20 12:00:00+00:00,0.1568,-7.602,-7.802,False,17,2.83,9.641
BCHUSDT,2026-02-14 00:00:00+00:00,563.9,2026-02-16 20:00:00+00:00,569.2,0.94,0.74,False,17,2.83,3.55
ETCUSDT,2026-02-21 12:00:00+00:00,9.65,2026-02-24 08:00:00+00:00,8.16,-15.44,-15.64,False,17,2.83,12.437
APTUSDT,2026-02-25 20:00:00+00:00,1.057,2026-02-28 16:00:00+00:00,0.943,-10.785,-10.985,False,17,2.83,3.998
UNIUSDT,2026-02-25 20:00:00+00:00,4.097,2026-02-28 16:00:00+00:00,3.795,-7.371,-7.571,False,17,2.83,2.679
DOTUSDT,2026-02-25 20:00:00+00:00,1.633,2026-02-28 16:00:00+00:00,1.598,-2.143,-2.343,False,17,2.83,3.327
SANDUSDT,2026-02-25 20:00:00+00:00,0.0917,2026-02-28 16:00:00+00:00,0.0827,-9.815,-10.015,False,17,2.83,3.766
FILUSDT,2026-02-25 20:00:00+00:00,1.102,2026-02-28 16:00:00+00:00,0.98,-11.071,-11.271,False,17,2.83,6.244
NEARUSDT,2026-02-25 20:00:00+00:00,1.199,2026-02-28 16:00:00+00:00,1.125,-6.172,-6.372,False,17,2.83,4.004
ADAUSDT,2026-02-25 20:00:00+00:00,0.3029,2026-02-28 16:00:00+00:00,0.2754,-9.079,-9.279,False,17,2.83,4.074
SUIUSDT,2026-02-26 00:00:00+00:00,0.9687,2026-02-28 20:00:00+00:00,0.904,-6.679,-6.879,False,17,2.83,2.867
BCHUSDT,2026-03-04 16:00:00+00:00,472.6,2026-03-07 12:00:00+00:00,450.2,-4.74,-4.94,False,17,2.83,2.609
XLMUSDT,2026-03-10 12:00:00+00:00,0.1606,2026-03-13 08:00:00+00:00,0.1652,2.864,2.664,False,17,2.83,3.11
BCHUSDT,2026-03-11 16:00:00+00:00,455.5,2026-03-14 12:00:00+00:00,461.5,1.317,1.117,False,17,2.83,2.603
ADAUSDT,2026-03-16 04:00:00+00:00,0.2774,2026-03-19 00:00:00+00:00,0.2746,-1.009,-1.209,False,17,2.83,2.723
SHIBUSDT,2026-03-16 08:00:00+00:00,6.35e-06,2026-03-19 04:00:00+00:00,5.73e-06,-9.764,-9.964,False,17,2.83,2.884
MANAUSDT,2026-03-16 08:00:00+00:00,0.0959,2026-03-19 04:00:00+00:00,0.0904,-5.735,-5.935,False,17,2.83,2.566
APTUSDT,2026-03-16 08:00:00+00:00,0.991,2026-03-19 04:00:00+00:00,0.966,-2.523,-2.723,False,17,2.83,3.614
ETCUSDT,2026-04-04 12:00:00+00:00,8.4,2026-04-07 08:00:00+00:00,8.17,-2.738,-2.938,False,17,2.83,3.528
DOTUSDT,2026-04-05 16:00:00+00:00,1.232,2026-04-08 12:00:00+00:00,1.293,4.951,4.751,False,17,2.83,4.008
ETHUSDT,2026-04-06 04:00:00+00:00,2129.35,2026-04-09 00:00:00+00:00,2182.49,2.496,2.296,False,17,2.83,2.935
SUIUSDT,2026-04-06 12:00:00+00:00,0.9048,2026-04-09 08:00:00+00:00,0.9073,0.276,0.076,False,17,2.83,4.108
DOGEUSDT,2026-04-08 00:00:00+00:00,0.09492,2026-04-10 20:00:00+00:00,0.09368,-1.306,-1.506,False,17,2.83,5.702
ENJUSDT,2026-04-08 16:00:00+00:00,0.02882,2026-04-08 16:00:00+00:00,0.031702,10.0,9.8,True,0,0.0,25.215
ETCUSDT,2026-04-14 16:00:00+00:00,8.38,2026-04-17 12:00:00+00:00,8.77,4.654,4.454,False,17,2.83,3.185
OPUSDT,2026-04-14 16:00:00+00:00,0.1133,2026-04-16 12:00:00+00:00,0.12463,10.0,9.8,True,11,1.83,2.592
CHZUSDT,2026-04-15 16:00:00+00:00,0.04127,2026-04-18 12:00:00+00:00,0.04088,-0.945,-1.145,False,17,2.83,4.102
APTUSDT,2026-04-22 12:00:00+00:00,0.986,2026-04-25 08:00:00+00:00,0.97,-1.623,-1.823,False,17,2.83,3.488
ENJUSDT,2026-04-24 08:00:00+00:00,0.06866,2026-04-24 08:00:00+00:00,0.07552600000000001,10.0,9.8,True,0,0.0,3.398
SANDUSDT,2026-04-25 08:00:00+00:00,0.0823,2026-04-28 04:00:00+00:00,0.077,-6.44,-6.64,False,17,2.83,8.764
APTUSDT,2026-04-29 08:00:00+00:00,1.002,2026-05-02 04:00:00+00:00,0.994,-0.798,-0.998,False,17,2.83,3.387
SHIBUSDT,2026-04-29 12:00:00+00:00,6.46e-06,2026-05-02 08:00:00+00:00,6.25e-06,-3.251,-3.451,False,17,2.83,7.749
MANAUSDT,2026-05-03 16:00:00+00:00,0.0891,2026-05-06 12:00:00+00:00,0.0924,3.704,3.504,False,17,2.83,2.941
AVAXUSDT,2026-05-04 04:00:00+00:00,9.29,2026-05-07 00:00:00+00:00,9.47,1.938,1.738,False,17,2.83,3.047
BCHUSDT,2026-05-05 12:00:00+00:00,461.1,2026-05-08 08:00:00+00:00,450.4,-2.321,-2.521,False,17,2.83,8.725
APTUSDT,2026-05-06 12:00:00+00:00,1.044,2026-05-09 08:00:00+00:00,1.101,5.46,5.26,False,17,2.83,4.539
DOGEUSDT,2026-05-11 00:00:00+00:00,0.11246,2026-05-13 20:00:00+00:00,0.11269,0.205,0.005,False,17,2.83,4.263
NEARUSDT,2026-05-13 04:00:00+00:00,1.688,2026-05-16 00:00:00+00:00,1.553,-7.998,-8.198,False,17,2.83,2.68
CHZUSDT,2026-05-15 12:00:00+00:00,0.04515,2026-05-18 08:00:00+00:00,0.04747,5.138,4.938,False,17,2.83,2.643
ENJUSDT,2026-05-19 20:00:00+00:00,0.04906,2026-05-22 16:00:00+00:00,0.04249,-13.392,-13.592,False,17,2.83,5.398
BNBUSDT,2026-05-30 16:00:00+00:00,694.53,2026-06-02 12:00:00+00:00,663.13,-4.521,-4.721,False,17,2.83,3.256
OPUSDT,2026-06-02 08:00:00+00:00,0.1237,2026-06-05 04:00:00+00:00,0.1068,-13.662,-13.862,False,17,2.83,2.791
ETCUSDT,2026-06-11 20:00:00+00:00,7.27,2026-06-14 16:00:00+00:00,6.95,-4.402,-4.602,False,17,2.83,3.625
ENJUSDT,2026-06-12 16:00:00+00:00,0.03328,2026-06-15 12:00:00+00:00,0.03208,-3.606,-3.806,False,17,2.83,77.066
ETCUSDT,2026-06-15 16:00:00+00:00,7.54,2026-06-18 12:00:00+00:00,6.99,-7.294,-7.494,False,17,2.83,3.765
XLMUSDT,2026-06-15 16:00:00+00:00,0.2247,2026-06-18 08:00:00+00:00,0.24717000000000003,10.0,9.8,True,16,2.67,11.912
AXSUSDT,2026-06-20 12:00:00+00:00,1.149,2026-06-21 00:00:00+00:00,1.2639,10.0,9.8,True,3,0.5,4.22
SANDUSDT,2026-06-20 16:00:00+00:00,0.0607,2026-06-23 12:00:00+00:00,0.05277,-13.064,-13.264,False,17,2.83,8.838
MANAUSDT,2026-06-20 16:00:00+00:00,0.0779,2026-06-23 12:00:00+00:00,0.0713,-8.472,-8.672,False,17,2.83,9.578
BCHUSDT,2026-06-22 16:00:00+00:00,201.4,2026-06-25 12:00:00+00:00,189.2,-6.058,-6.258,False,17,2.83,2.667
CHZUSDT,2026-06-30 08:00:00+00:00,0.01911,2026-07-03 04:00:00+00:00,0.01854,-2.983,-3.183,False,17,2.83,2.899
XLMUSDT,2026-06-30 08:00:00+00:00,0.1823,2026-07-01 00:00:00+00:00,0.20053,10.0,9.8,True,4,0.67,3.287
ADAUSDT,2026-07-01 08:00:00+00:00,0.1501,2026-07-03 00:00:00+00:00,0.16511000000000003,10.0,9.8,True,10,1.67,3.671
MANAUSDT,2026-07-09 04:00:00+00:00,0.0754,2026-07-12 00:00:00+00:00,0.072,-4.509,-4.709,False,17,2.83,3.179
ARBUSDT,2026-07-09 12:00:00+00:00,0.0866,2026-07-10 08:00:00+00:00,0.09526,10.0,9.8,True,5,0.83,3.329
DOGEUSDT,2026-07-15 12:00:00+00:00,0.07385,2026-07-18 08:00:00+00:00,0.07225,-2.167,-2.367,False,17,2.83,3.255
LTCUSDT,2026-07-15 12:00:00+00:00,45.41,2026-07-18 08:00:00+00:00,45.53,0.264,0.064,False,17,2.83,3.096
DOGEUSDT,2026-07-20 16:00:00+00:00,0.07337,2026-07-23 12:00:00+00:00,0.06976,-4.92,-5.12,False,17,2.83,2.881
ENJUSDT,2026-07-21 04:00:00+00:00,0.02861,2026-07-24 00:00:00+00:00,0.02722,-4.858,-5.058,False,17,2.83,4.051
SHIBUSDT,2026-07-25 16:00:00+00:00,4.76e-06,2026-07-26 00:00:00+00:00,5.236e-06,10.0,9.8,True,2,0.33,11.705
ETCUSDT,2026-07-26 20:00:00+00:00,7.08,2026-07-29 16:00:00+00:00,6.66,-5.932,-6.132,False,17,2.83,4.124
LINKUSDT,2026-07-27 00:00:00+00:00,8.826,2026-07-29 20:00:00+00:00,8.335,-5.563,-5.763,False,17,2.83,4.079
XLMUSDT,2026-07-27 20:00:00+00:00,0.1773,2026-07-30 16:00:00+00:00,0.1731,-2.369,-2.569,False,17,2.83,2.595
BNBUSDT,2026-07-30 12:00:00+00:00,589.0,2026-08-02 08:00:00+00:00,582.11,-1.17,-1.37,False,17,2.83,3.632
AXSUSDT,2026-08-05 08:00:00+00:00,0.843,2026-08-08 04:00:00+00:00,0.894,6.05,5.85,False,17,2.83,3.14
ADAUSDT,2026-08-06 16:00:00+00:00,0.2089,2026-08-09 12:00:00+00:00,0.1976,-5.409,-5.609,False,17,2.83,3.78
DOGEUSDT,2026-08-12 00:00:00+00:00,0.0719,2026-08-14 20:00:00+00:00,0.07007,-2.545,-2.745,False,17,2.83,3.404
TRXUSDT,2026-08-18 20:00:00+00:00,0.3331,2026-08-21 16:00:00+00:00,0.3402,2.131,1.931,False,17,2.83,2.518
XRPUSDT,2026-08-19 16:00:00+00:00,1.0678,2026-08-20 08:00:00+00:00,1.1745800000000002,10.0,9.8,True,4,0.67,7.554
AVAXUSDT,2026-08-19 20:00:00+00:00,6.586,2026-08-20 16:00:00+00:00,7.244600000000001,10.0,9.8,True,5,0.83,3.143
BNBUSDT,2026-08-20 00:00:00+00:00,627.51,2026-08-21 20:00:00+00:00,690.2610000000001,10.0,9.8,True,11,1.83,3.956
SHIBUSDT,2026-08-20 00:00:00+00:00,4.74e-06,2026-08-21 04:00:00+00:00,5.214e-06,10.0,9.8,True,7,1.17,5.607
BCHUSDT,2026-08-20 00:00:00+00:00,213.3,2026-08-21 04:00:00+00:00,234.63000000000002,10.0,9.8,True,7,1.17,11.423
ENJUSDT,2026-08-20 00:00:00+00:00,0.02501,2026-08-21 08:00:00+00:00,0.027511000000000004,10.0,9.8,True,8,1.33,3.795
ETCUSDT,2026-08-20 00:00:00+00:00,6.53,2026-08-21 04:00:00+00:00,7.183000000000001,10.0,9.8,True,7,1.17,3.447
ADAUSDT,2026-08-20 00:00:00+00:00,0.1871,2026-08-21 00:00:00+00:00,0.20581,10.0,9.8,True,6,1.0,4.37
AXSUSDT,2026-08-20 04:00:00+00:00,0.907,2026-08-21 08:00:00+00:00,0.9977000000000001,10.0,9.8,True,7,1.17,2.734
MANAUSDT,2026-08-28 08:00:00+00:00,0.0743,2026-08-31 04:00:00+00:00,0.0715,-3.769,-3.969,False,17,2.83,2.696
MANAUSDT,2026-08-30 08:00:00+00:00,0.0761,2026-09-02 04:00:00+00:00,0.0733,-3.679,-3.879,False,17,2.83,3.081
ARBUSDT,2026-09-01 00:00:00+00:00,0.1094,2026-09-02 16:00:00+00:00,0.12034,10.0,9.8,True,10,1.67,12.845
OPUSDT,2026-09-01 12:00:00+00:00,0.0985,2026-09-04 08:00:00+00:00,0.0993,0.812,0.612,False,17,2.83,3.204
FILUSDT,2026-09-01 16:00:00+00:00,0.709,2026-09-01 16:00:00+00:00,0.7799,10.0,9.8,True,0,0.0,2.508
APTUSDT,2026-09-01 20:00:00+00:00,0.558,2026-09-03 04:00:00+00:00,0.6138000000000001,10.0,9.8,True,8,1.33,3.567
BNBUSDT,2026-09-03 12:00:00+00:00,711.43,2026-09-06 08:00:00+00:00,758.24,6.58,6.38,False,17,2.83,2.648
ETCUSDT,2026-09-03 16:00:00+00:00,7.69,2026-09-06 12:00:00+00:00,7.72,0.39,0.19,False,17,2.83,2.751
BCHUSDT,2026-09-03 16:00:00+00:00,258.8,2026-09-06 12:00:00+00:00,255.5,-1.275,-1.475,False,17,2.83,3.147
DOGEUSDT,2026-09-03 20:00:00+00:00,0.08932,2026-09-06 16:00:00+00:00,0.08957,0.28,0.08,False,17,2.83,2.61
OPUSDT,2026-09-14 16:00:00+00:00,0.0985,2026-09-17 12:00:00+00:00,0.0998,1.32,1.12,False,17,2.83,4.434
OPUSDT,2026-09-18 04:00:00+00:00,0.1125,2026-09-19 00:00:00+00:00,0.12375000000000001,10.0,9.8,True,5,0.83,3.043
APTUSDT,2026-09-18 04:00:00+00:00,0.678,2026-09-18 20:00:00+00:00,0.7458000000000001,10.0,9.8,True,4,0.67,5.128
AXSUSDT,2026-09-18 04:00:00+00:00,1.004,2026-09-21 00:00:00+00:00,1.025,2.092,1.892,False,17,2.83,13.219
MANAUSDT,2026-09-25 08:00:00+00:00,0.0908,2026-09-28 04:00:00+00:00,0.087,-4.185,-4.385,False,17,2.83,3.308
LINKUSDT,2026-09-25 12:00:00+00:00,14.089,2026-09-28 08:00:00+00:00,14.081,-0.057,-0.257,False,17,2.83,3.067
AAVEUSDT,2026-09-29 16:00:00+00:00,170.02,2026-09-29 16:00:00+00:00,167.1,-1.717,-1.917,False,0,0.0,5.061
