symbol,entry_time,entry_price,exit_time,exit_price,raw_return_pct,net_return_pct,resolved,bars_held,days_held,signal_volume_ratio,selected
BTCUSDT,2022-11-08 17:00:00+00:00,20369.58,2023-01-07 16:00:00+00:00,16922.79,-16.921,-17.121,False,1439,59.96,3.204,True
BTCUSDT,2022-11-08 19:00:00+00:00,18600.51,2023-01-07 18:00:00+00:00,16938.12,-8.937,-9.137,False,1439,59.96,3.103,True
BTCUSDT,2022-11-14 07:00:00+00:00,16639.75,2022-12-13 09:00:00+00:00,17471.7375,5.0,4.8,True,698,29.08,2.982,True
BTCUSDT,2022-11-28 17:00:00+00:00,16310.53,2022-11-30 02:00:00+00:00,17126.056500000002,5.0,4.8,True,33,1.38,2.605,True
BTCUSDT,2022-12-22 21:00:00+00:00,16780.24,2023-01-11 23:00:00+00:00,17619.252000000004,5.0,4.8,True,482,20.08,2.501,True
BTCUSDT,2023-01-06 14:00:00+00:00,16774.19,2023-01-11 23:00:00+00:00,17612.8995,5.0,4.8,True,129,5.38,2.926,True
BTCUSDT,2023-01-11 19:00:00+00:00,17486.44,2023-01-12 02:00:00+00:00,18360.762,5.0,4.8,True,7,0.29,2.699,True
BTCUSDT,2023-01-18 18:00:00+00:00,20887.85,2023-01-20 20:00:00+00:00,21932.2425,5.0,4.8,True,50,2.08,2.775,True
BTCUSDT,2023-02-08 17:00:00+00:00,22965.01,2023-02-15 20:00:00+00:00,24113.2605,5.0,4.8,True,171,7.12,2.721,True
BTCUSDT,2023-02-17 15:00:00+00:00,23863.31,2023-02-19 16:00:00+00:00,25056.475500000004,5.0,4.8,True,49,2.04,2.858,True
BTCUSDT,2023-02-27 14:00:00+00:00,23704.29,2023-03-14 12:00:00+00:00,24889.504500000003,5.0,4.8,True,358,14.92,2.762,True
BTCUSDT,2023-03-08 16:00:00+00:00,22139.97,2023-03-13 14:00:00+00:00,23246.968500000003,5.0,4.8,True,118,4.92,3.027,True
BTCUSDT,2023-03-12 18:00:00+00:00,20786.52,2023-03-12 22:00:00+00:00,21825.846,5.0,4.8,True,4,0.17,2.979,True
BTCUSDT,2023-03-27 14:00:00+00:00,27693.0,2023-03-30 02:00:00+00:00,29077.65,5.0,4.8,True,60,2.5,2.581,True
BTCUSDT,2023-03-27 16:00:00+00:00,26903.63,2023-03-29 08:00:00+00:00,28248.811500000003,5.0,4.8,True,40,1.67,6.493,True
BTCUSDT,2023-04-02 14:00:00+00:00,28279.52,2023-04-10 22:00:00+00:00,29693.496000000003,5.0,4.8,True,200,8.33,3.801,True
BTCUSDT,2023-04-03 09:00:00+00:00,28335.0,2023-04-10 23:00:00+00:00,29751.75,5.0,4.8,True,182,7.58,3.443,True
BTCUSDT,2023-04-09 20:00:00+00:00,28140.41,2023-04-10 22:00:00+00:00,29547.430500000002,5.0,4.8,True,26,1.08,4.294,True
BTCUSDT,2023-04-20 00:00:00+00:00,28797.1,2023-06-18 23:00:00+00:00,26339.97,-8.533,-8.733,False,1439,59.96,2.656,True
BTCUSDT,2023-04-20 13:00:00+00:00,28892.99,2023-06-19 12:00:00+00:00,26531.39,-8.174,-8.374,False,1439,59.96,2.661,True
BTCUSDT,2023-05-01 16:00:00+00:00,28170.64,2023-05-05 16:00:00+00:00,29579.172000000002,5.0,4.8,True,96,4.0,2.662,True
BTCUSDT,2023-05-08 01:00:00+00:00,28572.17,2023-06-21 16:00:00+00:00,30000.7785,5.0,4.8,True,1071,44.62,2.599,True
BTCUSDT,2023-05-08 19:00:00+00:00,27475.26,2023-06-21 01:00:00+00:00,28849.023,5.0,4.8,True,1038,43.25,2.593,True
BTCUSDT,2023-05-12 20:00:00+00:00,26459.63,2023-05-28 21:00:00+00:00,27782.611500000003,5.0,4.8,True,385,16.04,3.474,True
BTCUSDT,2023-05-21 22:00:00+00:00,26745.15,2023-05-28 22:00:00+00:00,28082.4075,5.0,4.8,True,168,7.0,2.537,True
BTCUSDT,2023-05-24 16:00:00+00:00,26314.69,2023-05-28 18:00:00+00:00,27630.4245,5.0,4.8,True,98,4.08,3.158,True
BTCUSDT,2023-06-10 07:00:00+00:00,25538.81,2023-06-17 05:00:00+00:00,26815.750500000002,5.0,4.8,True,166,6.92,2.679,True
BTCUSDT,2023-06-10 18:00:00+00:00,26022.34,2023-06-20 16:00:00+00:00,27323.457000000002,5.0,4.8,True,238,9.92,3.016,True
BTCUSDT,2023-06-30 05:00:00+00:00,30877.99,2023-08-29 04:00:00+00:00,26057.87,-15.61,-15.81,False,1439,59.96,3.815,True
BTCUSDT,2023-07-14 20:00:00+00:00,30115.18,2023-09-12 19:00:00+00:00,26066.33,-13.445,-13.645,False,1439,59.96,3.016,True
BTCUSDT,2023-07-24 11:00:00+00:00,29324.0,2023-09-22 10:00:00+00:00,26591.81,-9.317,-9.517,False,1439,59.96,3.62,True
BTCUSDT,2023-07-24 16:00:00+00:00,29093.78,2023-09-22 15:00:00+00:00,26631.01,-8.465,-8.665,False,1439,59.96,2.713,True
BTCUSDT,2023-07-30 12:00:00+00:00,29314.0,2023-09-28 11:00:00+00:00,26476.93,-9.678,-9.878,False,1439,59.96,2.561,True
BTCUSDT,2023-07-30 15:00:00+00:00,29391.82,2023-09-28 14:00:00+00:00,26793.37,-8.841,-9.041,False,1439,59.96,3.241,True
BTCUSDT,2023-08-01 16:00:00+00:00,28953.99,2023-09-30 15:00:00+00:00,26996.29,-6.761,-6.961,False,1439,59.96,3.602,True
BTCUSDT,2023-08-07 17:00:00+00:00,28937.99,2023-10-06 16:00:00+00:00,27877.74,-3.664,-3.864,False,1439,59.96,3.692,True
BTCUSDT,2023-08-07 19:00:00+00:00,29094.42,2023-10-06 18:00:00+00:00,27904.12,-4.091,-4.291,False,1439,59.96,2.557,True
BTCUSDT,2023-08-14 02:00:00+00:00,29268.0,2023-10-13 01:00:00+00:00,26793.56,-8.454,-8.654,False,1439,59.96,2.703,True
BTCUSDT,2023-08-17 17:00:00+00:00,27937.36,2023-10-16 13:00:00+00:00,29334.228000000003,5.0,4.8,True,1436,59.83,3.804,True
BTCUSDT,2023-08-17 23:00:00+00:00,26801.3,2023-08-29 16:00:00+00:00,28141.365,5.0,4.8,True,281,11.71,4.901,True
BTCUSDT,2023-08-21 16:00:00+00:00,25939.59,2023-08-29 14:00:00+00:00,27236.5695,5.0,4.8,True,190,7.92,4.395,True
BTCUSDT,2023-08-22 17:00:00+00:00,26020.01,2023-08-29 14:00:00+00:00,27321.0105,5.0,4.8,True,165,6.88,4.818,True
BTCUSDT,2023-08-25 16:00:00+00:00,25932.01,2023-08-29 14:00:00+00:00,27228.6105,5.0,4.8,True,94,3.92,2.704,True
BTCUSDT,2023-08-28 13:00:00+00:00,26136.54,2023-08-29 14:00:00+00:00,27443.367000000002,5.0,4.8,True,25,1.04,4.83,True
BTCUSDT,2023-08-31 18:00:00+00:00,26329.08,2023-10-01 22:00:00+00:00,27645.534000000003,5.0,4.8,True,748,31.17,2.606,True
BTCUSDT,2023-09-01 16:00:00+00:00,25811.0,2023-09-18 10:00:00+00:00,27101.550000000003,5.0,4.8,True,402,16.75,2.576,True
BTCUSDT,2023-09-06 18:00:00+00:00,25860.0,2023-09-18 10:00:00+00:00,27153.0,5.0,4.8,True,280,11.67,8.804,True
BTCUSDT,2023-09-07 17:00:00+00:00,25828.72,2023-09-18 10:00:00+00:00,27120.156000000003,5.0,4.8,True,257,10.71,2.604,True
BTCUSDT,2023-09-10 17:00:00+00:00,25791.16,2023-09-18 10:00:00+00:00,27080.718,5.0,4.8,True,185,7.71,2.725,True
BTCUSDT,2023-09-10 20:00:00+00:00,25799.99,2023-09-18 10:00:00+00:00,27089.989500000003,5.0,4.8,True,182,7.58,3.138,True
BTCUSDT,2023-09-11 16:00:00+00:00,25115.98,2023-09-12 14:00:00+00:00,26371.779000000002,5.0,4.8,True,22,0.92,3.568,True
BTCUSDT,2023-09-12 04:00:00+00:00,25797.98,2023-09-18 10:00:00+00:00,27087.879,5.0,4.8,True,150,6.25,3.785,True
BTCUSDT,2023-09-18 03:00:00+00:00,26663.12,2023-10-01 22:00:00+00:00,27996.276,5.0,4.8,True,331,13.79,4.108,True
BTCUSDT,2023-09-19 10:00:00+00:00,27288.95,2023-10-16 13:00:00+00:00,28653.397500000003,5.0,4.8,True,651,27.12,2.811,True
BTCUSDT,2023-09-25 01:00:00+00:00,26248.16,2023-10-01 22:00:00+00:00,27560.568,5.0,4.8,True,165,6.88,4.156,True
BTCUSDT,2023-10-08 14:00:00+00:00,27910.75,2023-10-16 13:00:00+00:00,29306.287500000002,5.0,4.8,True,191,7.96,2.547,True
BTCUSDT,2023-10-10 15:00:00+00:00,27440.68,2023-10-16 13:00:00+00:00,28812.714,5.0,4.8,True,142,5.92,3.443,True
BTCUSDT,2023-10-11 03:00:00+00:00,27120.93,2023-10-16 13:00:00+00:00,28476.9765,5.0,4.8,True,130,5.42,3.636,True
BTCUSDT,2023-10-11 17:00:00+00:00,26682.69,2023-10-16 13:00:00+00:00,28016.8245,5.0,4.8,True,116,4.83,2.66,True
BTCUSDT,2023-11-17 18:00:00+00:00,36500.0,2023-11-24 15:00:00+00:00,38325.0,5.0,4.8,True,165,6.88,3.036,True
BTCUSDT,2023-11-21 16:00:00+00:00,36975.03,2023-12-01 10:00:00+00:00,38823.7815,5.0,4.8,True,234,9.75,7.353,True
BTCUSDT,2023-11-21 18:00:00+00:00,36901.99,2023-12-01 10:00:00+00:00,38747.0895,5.0,4.8,True,232,9.67,3.002,True
BTCUSDT,2023-12-17 18:00:00+00:00,42091.38,2023-12-20 14:00:00+00:00,44195.949,5.0,4.8,True,68,2.83,3.166,True
BTCUSDT,2024-01-08 07:00:00+00:00,43912.88,2024-01-08 18:00:00+00:00,46108.524,5.0,4.8,True,11,0.46,2.674,True
BTCUSDT,2024-01-12 23:00:00+00:00,42509.99,2024-02-08 00:00:00+00:00,44635.4895,5.0,4.8,True,625,26.04,3.199,True
BTCUSDT,2024-01-14 22:00:00+00:00,42554.89,2024-02-08 00:00:00+00:00,44682.6345,5.0,4.8,True,578,24.08,3.542,True
BTCUSDT,2024-01-17 15:00:00+00:00,42576.02,2024-02-08 02:00:00+00:00,44704.820999999996,5.0,4.8,True,515,21.46,2.725,True
BTCUSDT,2024-01-19 18:00:00+00:00,41239.57,2024-01-29 16:00:00+00:00,43301.548500000004,5.0,4.8,True,238,9.92,2.524,True
BTCUSDT,2024-01-22 06:00:00+00:00,41138.47,2024-01-29 16:00:00+00:00,43195.393500000006,5.0,4.8,True,178,7.42,2.598,True
BTCUSDT,2024-01-22 11:00:00+00:00,40703.9,2024-01-28 04:00:00+00:00,42739.095,5.0,4.8,True,137,5.71,3.038,True
BTCUSDT,2024-01-23 10:00:00+00:00,38961.39,2024-01-26 11:00:00+00:00,40909.459500000004,5.0,4.8,True,73,3.04,2.953,True
BTCUSDT,2024-02-03 16:00:00+00:00,43119.06,2024-02-08 15:00:00+00:00,45275.013,5.0,4.8,True,119,4.96,2.636,True
BTCUSDT,2024-02-26 16:00:00+00:00,52842.33,2024-02-27 01:00:00+00:00,55484.446500000005,5.0,4.8,True,9,0.38,7.462,True
BTCUSDT,2024-03-12 18:00:00+00:00,71092.55,2024-05-11 17:00:00+00:00,61099.05,-14.057,-14.257,False,1439,59.96,4.171,True
BTCUSDT,2024-03-14 17:00:00+00:00,71337.64,2024-05-13 16:00:00+00:00,63178.89,-11.437,-11.637,False,1439,59.96,2.918,True
BTCUSDT,2024-03-15 04:00:00+00:00,68224.01,2024-03-27 13:00:00+00:00,71635.2105,5.0,4.8,True,297,12.38,2.864,True
BTCUSDT,2024-04-01 07:00:00+00:00,69614.96,2024-05-31 06:00:00+00:00,68272.0,-1.929,-2.129,False,1439,59.96,3.479,True
BTCUSDT,2024-04-10 15:00:00+00:00,68703.04,2024-06-09 14:00:00+00:00,69490.12,1.146,0.946,False,1439,59.96,2.727,True
BTCUSDT,2024-04-13 22:00:00+00:00,62928.0,2024-04-15 06:00:00+00:00,66074.40000000001,5.0,4.8,True,32,1.33,2.588,True
BTCUSDT,2024-04-17 17:00:00+00:00,60194.96,2024-04-18 14:00:00+00:00,63204.708,5.0,4.8,True,21,0.88,3.016,True
BTCUSDT,2024-04-23 15:00:00+00:00,66909.79,2024-05-20 20:00:00+00:00,70255.27949999999,5.0,4.8,True,653,27.21,2.918,True
BTCUSDT,2024-04-29 14:00:00+00:00,62014.0,2024-05-06 08:00:00+00:00,65114.700000000004,5.0,4.8,True,162,6.75,2.657,True
BTCUSDT,2024-05-01 19:00:00+00:00,58913.98,2024-05-03 14:00:00+00:00,61859.679000000004,5.0,4.8,True,43,1.79,2.986,True
BTCUSDT,2024-05-14 13:00:00+00:00,61566.53,2024-05-15 13:00:00+00:00,64644.8565,5.0,4.8,True,24,1.0,2.647,True
BTCUSDT,2024-05-14 15:00:00+00:00,61803.74,2024-05-15 15:00:00+00:00,64893.927,5.0,4.8,True,24,1.0,3.118,True
BTCUSDT,2024-05-23 21:00:00+00:00,67802.89,2024-06-05 01:00:00+00:00,71193.03450000001,5.0,4.8,True,292,12.17,3.396,True
BTCUSDT,2024-05-29 14:00:00+00:00,67879.99,2024-06-05 01:00:00+00:00,71273.98950000001,5.0,4.8,True,155,6.46,2.584,True
BTCUSDT,2024-05-31 13:00:00+00:00,68643.59,2024-07-30 12:00:00+00:00,66668.0,-2.878,-3.078,False,1439,59.96,2.788,True
BTCUSDT,2024-06-17 19:00:00+00:00,67101.48,2024-08-16 18:00:00+00:00,59467.0,-11.378,-11.578,False,1439,59.96,3.032,True
BTCUSDT,2024-06-24 18:00:00+00:00,60244.89,2024-07-01 01:00:00+00:00,63257.1345,5.0,4.8,True,151,6.29,3.608,True
BTCUSDT,2024-06-30 08:00:00+00:00,61528.01,2024-07-15 22:00:00+00:00,64604.410500000005,5.0,4.8,True,374,15.58,5.267,True
BTCUSDT,2024-07-03 11:00:00+00:00,60384.0,2024-07-15 16:00:00+00:00,63403.200000000004,5.0,4.8,True,293,12.21,3.199,True
BTCUSDT,2024-07-04 03:00:00+00:00,58972.13,2024-07-15 02:00:00+00:00,61920.7365,5.0,4.8,True,263,10.96,3.588,True
BTCUSDT,2024-07-04 10:00:00+00:00,57748.01,2024-07-14 21:00:00+00:00,60635.410500000005,5.0,4.8,True,251,10.46,2.895,True
BTCUSDT,2024-07-08 09:00:00+00:00,57791.99,2024-07-14 21:00:00+00:00,60681.5895,5.0,4.8,True,156,6.5,3.626,True
BTCUSDT,2024-07-30 15:00:00+00:00,65810.01,2024-09-28 14:00:00+00:00,65720.74,-0.136,-0.336,False,1439,59.96,2.887,True
BTCUSDT,2024-08-02 16:00:00+00:00,63416.0,2024-10-01 15:00:00+00:00,62628.85,-1.241,-1.441,False,1439,59.96,3.259,True
BTCUSDT,2024-08-05 03:00:00+00:00,54697.98,2024-08-07 08:00:00+00:00,57432.87900000001,5.0,4.8,True,53,2.21,2.891,True
BTCUSDT,2024-08-05 06:00:00+00:00,52717.99,2024-08-05 16:00:00+00:00,55353.8895,5.0,4.8,True,10,0.42,2.835,True
BTCUSDT,2024-08-12 08:00:00+00:00,58674.62,2024-08-14 12:00:00+00:00,61608.351,5.0,4.8,True,52,2.17,2.515,True
BTCUSDT,2024-08-12 12:00:00+00:00,59851.71,2024-08-23 17:00:00+00:00,62844.2955,5.0,4.8,True,269,11.21,2.595,True
BTCUSDT,2024-08-14 16:00:00+00:00,59435.69,2024-08-23 17:00:00+00:00,62407.474500000004,5.0,4.8,True,217,9.04,2.568,True
BTCUSDT,2024-08-19 02:00:00+00:00,58564.0,2024-08-21 19:00:00+00:00,61492.200000000004,5.0,4.8,True,65,2.71,2.67,True
BTCUSDT,2024-08-26 15:00:00+00:00,63500.6,2024-10-15 13:00:00+00:00,66675.63,5.0,4.8,True,1198,49.92,2.896,True
BTCUSDT,2024-09-01 15:00:00+00:00,57879.99,2024-09-17 15:00:00+00:00,60773.9895,5.0,4.8,True,384,16.0,4.774,True
BTCUSDT,2024-09-04 15:00:00+00:00,57511.11,2024-09-13 22:00:00+00:00,60386.6655,5.0,4.8,True,223,9.29,3.074,True
BTCUSDT,2024-09-05 15:00:00+00:00,56558.0,2024-09-13 15:00:00+00:00,59385.9,5.0,4.8,True,192,8.0,3.025,True
BTCUSDT,2024-09-30 11:00:00+00:00,63645.98,2024-10-15 13:00:00+00:00,66828.27900000001,5.0,4.8,True,362,15.08,2.838,True
BTCUSDT,2024-10-01 16:00:00+00:00,62628.85,2024-10-14 14:00:00+00:00,65760.2925,5.0,4.8,True,310,12.92,4.292,True
BTCUSDT,2024-10-13 16:00:00+00:00,62229.32,2024-10-14 14:00:00+00:00,65340.786,5.0,4.8,True,22,0.92,3.088,True
BTCUSDT,2024-10-23 16:00:00+00:00,66223.45,2024-10-28 19:00:00+00:00,69534.6225,5.0,4.8,True,123,5.12,3.082,True
BTCUSDT,2024-10-25 19:00:00+00:00,67026.62,2024-10-29 01:00:00+00:00,70377.951,5.0,4.8,True,78,3.25,6.124,True
BTCUSDT,2024-11-25 16:00:00+00:00,96000.57,2024-12-05 02:00:00+00:00,100800.59850000001,5.0,4.8,True,226,9.42,5.176,True
BTCUSDT,2024-12-02 16:00:00+00:00,97048.01,2024-12-05 03:00:00+00:00,101900.4105,5.0,4.8,True,59,2.46,2.696,True
BTCUSDT,2024-12-03 15:00:00+00:00,95235.25,2024-12-05 02:00:00+00:00,99997.0125,5.0,4.8,True,35,1.46,4.532,True
BTCUSDT,2024-12-09 16:00:00+00:00,97812.0,2024-12-15 04:00:00+00:00,102702.6,5.0,4.8,True,132,5.5,3.979,True
BTCUSDT,2024-12-10 17:00:00+00:00,96319.76,2024-12-11 19:00:00+00:00,101135.74799999999,5.0,4.8,True,26,1.08,3.186,True
BTCUSDT,2025-01-05 15:00:00+00:00,97855.06,2025-01-17 12:00:00+00:00,102747.813,5.0,4.8,True,285,11.88,2.769,True
BTCUSDT,2025-01-08 16:00:00+00:00,95493.77,2025-01-15 20:00:00+00:00,100268.45850000001,5.0,4.8,True,172,7.17,2.663,True
BTCUSDT,2025-01-13 13:00:00+00:00,90732.0,2025-01-14 02:00:00+00:00,95268.6,5.0,4.8,True,13,0.54,3.925,True
BTCUSDT,2025-01-23 15:00:00+00:00,105213.6,2025-03-24 14:00:00+00:00,87961.9,-16.397,-16.597,False,1439,59.96,6.22,True
BTCUSDT,2025-01-27 05:00:00+00:00,100410.04,2025-01-30 04:00:00+00:00,105430.542,5.0,4.8,True,71,2.96,2.572,True
BTCUSDT,2025-01-27 08:00:00+00:00,99048.01,2025-01-29 20:00:00+00:00,104000.4105,5.0,4.8,True,60,2.5,3.644,True
BTCUSDT,2025-02-02 00:00:00+00:00,100635.66,2025-04-02 23:00:00+00:00,82516.29,-18.005,-18.205,False,1439,59.96,2.72,True
BTCUSDT,2025-02-02 18:00:00+00:00,97228.86,2025-02-03 22:00:00+00:00,102090.303,5.0,4.8,True,28,1.17,2.946,True
BTCUSDT,2025-02-03 01:00:00+00:00,96511.33,2025-02-03 19:00:00+00:00,101336.8965,5.0,4.8,True,18,0.75,3.341,True
BTCUSDT,2025-02-03 03:00:00+00:00,93566.0,2025-02-03 15:00:00+00:00,98244.3,5.0,4.8,True,12,0.5,4.855,True
BTCUSDT,2025-02-17 15:00:00+00:00,96800.0,2025-04-18 14:00:00+00:00,84583.13,-12.621,-12.821,False,1439,59.96,2.974,True
BTCUSDT,2025-02-25 01:00:00+00:00,91857.3,2025-04-26 00:00:00+00:00,94880.69,3.291,3.091,False,1439,59.96,2.867,True
BTCUSDT,2025-02-26 21:00:00+00:00,84384.34,2025-03-02 15:00:00+00:00,88603.557,5.0,4.8,True,90,3.75,2.994,True
BTCUSDT,2025-03-03 16:00:00+00:00,90035.38,2025-04-23 13:00:00+00:00,94537.149,5.0,4.8,True,1221,50.88,3.049,True
BTCUSDT,2025-03-07 02:00:00+00:00,88263.84,2025-04-22 21:00:00+00:00,92677.032,5.0,4.8,True,1123,46.79,2.824,True
BTCUSDT,2025-03-16 13:00:00+00:00,82755.89,2025-03-19 23:00:00+00:00,86893.6845,5.0,4.8,True,82,3.42,2.771,True
BTCUSDT,2025-03-16 17:00:00+00:00,83633.49,2025-03-24 10:00:00+00:00,87815.16450000001,5.0,4.8,True,185,7.71,6.932,True
BTCUSDT,2025-03-20 16:00:00+00:00,84691.27,2025-04-22 12:00:00+00:00,88925.83350000001,5.0,4.8,True,788,32.83,2.694,True
BTCUSDT,2025-03-28 16:00:00+00:00,84051.15,2025-04-02 20:00:00+00:00,88253.7075,5.0,4.8,True,124,5.17,2.553,True
BTCUSDT,2025-04-06 17:00:00+00:00,81969.99,2025-04-13 01:00:00+00:00,86068.48950000001,5.0,4.8,True,152,6.33,2.985,True
BTCUSDT,2025-04-06 20:00:00+00:00,79614.34,2025-04-11 17:00:00+00:00,83595.057,5.0,4.8,True,117,4.88,2.569,True
BTCUSDT,2025-04-07 00:00:00+00:00,78430.0,2025-04-09 18:00:00+00:00,82351.5,5.0,4.8,True,66,2.75,3.408,True
BTCUSDT,2025-04-30 15:00:00+00:00,93705.04,2025-05-08 02:00:00+00:00,98390.292,5.0,4.8,True,179,7.46,4.529,True
BTCUSDT,2025-05-05 14:00:00+00:00,94226.38,2025-05-08 03:00:00+00:00,98937.69900000001,5.0,4.8,True,61,2.54,2.708,True
BTCUSDT,2025-05-11 00:00:00+00:00,104809.53,2025-05-21 23:00:00+00:00,110050.0065,5.0,4.8,True,263,10.96,5.302,True
BTCUSDT,2025-05-14 14:00:00+00:00,103970.87,2025-05-21 15:00:00+00:00,109169.4135,5.0,4.8,True,169,7.04,2.552,True
BTCUSDT,2025-05-23 14:00:00+00:00,109634.99,2025-07-10 21:00:00+00:00,115116.73950000001,5.0,4.8,True,1159,48.29,3.474,True
BTCUSDT,2025-05-24 11:00:00+00:00,109094.99,2025-07-10 21:00:00+00:00,114549.73950000001,5.0,4.8,True,1138,47.42,2.708,True
BTCUSDT,2025-05-28 16:00:00+00:00,107107.31,2025-07-10 16:00:00+00:00,112462.6755,5.0,4.8,True,1032,43.0,3.96,True
BTCUSDT,2025-06-01 15:00:00+00:00,104599.7,2025-06-09 21:00:00+00:00,109829.685,5.0,4.8,True,198,8.25,2.646,True
BTCUSDT,2025-06-04 15:00:00+00:00,105033.3,2025-06-09 21:00:00+00:00,110284.96500000001,5.0,4.8,True,126,5.25,2.529,True
BTCUSDT,2025-06-08 13:00:00+00:00,105721.5,2025-07-09 19:00:00+00:00,111007.57500000001,5.0,4.8,True,750,31.25,2.525,True
BTCUSDT,2025-06-13 02:00:00+00:00,103773.65,2025-07-02 16:00:00+00:00,108962.3325,5.0,4.8,True,470,19.58,3.836,True
BTCUSDT,2025-06-22 00:00:00+00:00,102120.02,2025-06-25 11:00:00+00:00,107226.02100000001,5.0,4.8,True,83,3.46,3.801,True
BTCUSDT,2025-07-01 14:00:00+00:00,106807.43,2025-07-10 16:00:00+00:00,112147.8015,5.0,4.8,True,218,9.08,4.184,True
BTCUSDT,2025-07-04 17:00:00+00:00,107636.99,2025-07-10 17:00:00+00:00,113018.83950000002,5.0,4.8,True,144,6.0,3.441,True
BTCUSDT,2025-07-08 03:00:00+00:00,107766.2,2025-07-10 17:00:00+00:00,113154.51,5.0,4.8,True,62,2.58,2.578,True
BTCUSDT,2025-08-05 15:00:00+00:00,113037.12,2025-08-10 04:00:00+00:00,118688.976,5.0,4.8,True,109,4.54,5.074,True
BTCUSDT,2025-08-07 11:00:00+00:00,116347.23,2025-08-11 04:00:00+00:00,122164.5915,5.0,4.8,True,89,3.71,4.777,True
BTCUSDT,2025-08-10 04:00:00+00:00,118500.0,2025-08-14 00:00:00+00:00,124425.0,5.0,4.8,True,92,3.83,6.95,True
BTCUSDT,2025-08-19 16:00:00+00:00,113786.39,2025-10-02 13:00:00+00:00,119475.7095,5.0,4.8,True,1053,43.88,3.097,True
BTCUSDT,2025-08-29 07:00:00+00:00,111279.45,2025-09-16 17:00:00+00:00,116843.4225,5.0,4.8,True,442,18.42,2.955,True
BTCUSDT,2025-08-29 13:00:00+00:00,110728.01,2025-09-12 00:00:00+00:00,116264.4105,5.0,4.8,True,323,13.46,2.559,True
BTCUSDT,2025-09-01 08:00:00+00:00,109432.99,2025-09-11 22:00:00+00:00,114904.6395,5.0,4.8,True,254,10.58,2.616,True
BTCUSDT,2025-09-14 15:00:00+00:00,115401.75,2025-10-03 15:00:00+00:00,121171.83750000001,5.0,4.8,True,456,19.0,3.157,True
BTCUSDT,2025-09-22 06:00:00+00:00,113691.18,2025-10-02 00:00:00+00:00,119375.739,5.0,4.8,True,234,9.75,2.56,True
BTCUSDT,2025-09-24 05:00:00+00:00,112161.94,2025-10-01 16:00:00+00:00,117770.03700000001,5.0,4.8,True,179,7.46,2.69,True
BTCUSDT,2025-10-07 17:00:00+00:00,121684.17,2025-12-06 16:00:00+00:00,89707.8,-26.278,-26.478,False,1439,59.96,2.528,True
BTCUSDT,2025-10-09 13:00:00+00:00,123563.38,2025-12-08 12:00:00+00:00,91768.96,-25.731,-25.931,False,1439,59.96,2.555,True
BTCUSDT,2025-10-16 17:00:00+00:00,109232.43,2025-10-26 22:00:00+00:00,114694.0515,5.0,4.8,True,245,10.21,3.363,True
BTCUSDT,2025-10-21 15:00:00+00:00,112170.52,2025-12-20 14:00:00+00:00,88260.88,-21.315,-21.515,False,1439,59.96,4.417,True
BTCUSDT,2025-10-22 15:00:00+00:00,108947.49,2025-10-26 22:00:00+00:00,114394.86450000001,5.0,4.8,True,103,4.29,2.679,True
BTCUSDT,2025-10-29 19:00:00+00:00,110806.38,2025-12-28 18:00:00+00:00,87598.49,-20.945,-21.145,False,1439,59.96,6.425,True
BTCUSDT,2025-11-03 17:00:00+00:00,106678.43,2026-01-02 16:00:00+00:00,90376.05,-15.282,-15.482,False,1439,59.96,3.816,True
BTCUSDT,2025-11-16 18:00:00+00:00,94357.66,2026-01-15 17:00:00+00:00,96636.35,2.415,2.215,False,1439,59.96,3.721,True
BTCUSDT,2025-11-21 08:00:00+00:00,84049.38,2025-11-24 17:00:00+00:00,88251.849,5.0,4.8,True,81,3.38,5.383,True
BTCUSDT,2025-11-21 13:00:00+00:00,83285.34,2025-11-23 16:00:00+00:00,87449.607,5.0,4.8,True,51,2.12,3.088,True
BTCUSDT,2025-12-01 16:00:00+00:00,84677.87,2025-12-02 14:00:00+00:00,88911.7635,5.0,4.8,True,22,0.92,2.616,True
BTCUSDT,2025-12-05 16:00:00+00:00,90459.34,2026-01-13 22:00:00+00:00,94982.307,5.0,4.8,True,942,39.25,2.987,True
BTCUSDT,2025-12-07 16:00:00+00:00,89554.52,2025-12-09 16:00:00+00:00,94032.24600000001,5.0,4.8,True,48,2.0,3.725,True
BTCUSDT,2025-12-07 18:00:00+00:00,90945.18,2026-01-13 22:00:00+00:00,95492.439,5.0,4.8,True,892,37.17,4.942,True
BTCUSDT,2026-01-08 15:00:00+00:00,90024.0,2026-01-13 22:00:00+00:00,94525.2,5.0,4.8,True,127,5.29,2.563,True
BTCUSDT,2026-01-09 16:00:00+00:00,91176.48,2026-01-13 22:00:00+00:00,95735.304,5.0,4.8,True,102,4.25,6.831,True
BTCUSDT,2026-01-20 16:00:00+00:00,90684.95,2026-03-21 15:00:00+00:00,70630.02,-22.115,-22.315,False,1439,59.96,3.046,True
BTCUSDT,2026-01-25 04:00:00+00:00,88960.36,2026-03-26 03:00:00+00:00,70921.47,-20.277,-20.477,False,1439,59.96,2.917,True
BTCUSDT,2026-01-27 17:00:00+00:00,88641.43,2026-03-28 16:00:00+00:00,66926.95,-24.497,-24.697,False,1439,59.96,2.604,True
BTCUSDT,2026-01-29 17:00:00+00:00,85270.01,2026-03-30 16:00:00+00:00,67368.1,-20.994,-21.194,False,1439,59.96,4.488,True
BTCUSDT,2026-02-03 17:00:00+00:00,76488.08,2026-04-04 16:00:00+00:00,67366.68,-11.925,-12.125,False,1439,59.96,3.583,True
BTCUSDT,2026-02-06 01:00:00+00:00,63509.4,2026-02-06 05:00:00+00:00,66684.87000000001,5.0,4.8,True,4,0.17,3.26,True
BTCUSDT,2026-02-10 15:00:00+00:00,68460.4,2026-03-04 09:00:00+00:00,71883.42,5.0,4.8,True,522,21.75,2.888,True
BTCUSDT,2026-02-11 16:00:00+00:00,66519.72,2026-02-14 08:00:00+00:00,69845.706,5.0,4.8,True,64,2.67,2.867,True
BTCUSDT,2026-02-15 05:00:00+00:00,70184.0,2026-03-04 17:00:00+00:00,73693.2,5.0,4.8,True,420,17.5,2.775,True
BTCUSDT,2026-02-17 16:00:00+00:00,67392.06,2026-03-04 08:00:00+00:00,70761.663,5.0,4.8,True,352,14.67,4.2,True
BTCUSDT,2026-03-07 19:00:00+00:00,67568.13,2026-03-10 08:00:00+00:00,70946.5365,5.0,4.8,True,61,2.54,2.679,True
BTCUSDT,2026-03-18 16:00:00+00:00,71467.82,2026-04-14 13:00:00+00:00,75041.21100000001,5.0,4.8,True,645,26.88,3.079,True
BTCUSDT,2026-03-22 01:00:00+00:00,68954.7,2026-04-07 23:00:00+00:00,72402.435,5.0,4.8,True,406,16.92,3.542,True
BTCUSDT,2026-03-26 16:00:00+00:00,69082.64,2026-04-07 23:00:00+00:00,72536.772,5.0,4.8,True,295,12.29,2.549,True
BTCUSDT,2026-03-30 01:00:00+00:00,66280.24,2026-04-06 09:00:00+00:00,69594.25200000001,5.0,4.8,True,176,7.33,3.12,True
BTCUSDT,2026-04-02 15:00:00+00:00,66868.17,2026-04-06 09:00:00+00:00,70211.5785,5.0,4.8,True,90,3.75,2.568,True
BTCUSDT,2026-04-05 16:00:00+00:00,67306.65,2026-04-07 22:00:00+00:00,70671.9825,5.0,4.8,True,54,2.25,4.348,True
BTCUSDT,2026-04-28 08:00:00+00:00,76879.28,2026-05-04 17:00:00+00:00,80723.244,5.0,4.8,True,153,6.38,3.039,True
BTCUSDT,2026-05-12 17:00:00+00:00,80000.01,2026-07-11 16:00:00+00:00,64180.01,-19.775,-19.975,False,1439,59.96,2.931,True
BTCUSDT,2026-05-13 17:00:00+00:00,79108.39,2026-07-12 16:00:00+00:00,64177.7,-18.874,-19.074,False,1439,59.96,2.798,True
BTCUSDT,2026-05-16 11:00:00+00:00,77959.99,2026-07-15 10:00:00+00:00,64663.0,-17.056,-17.256,False,1439,59.96,3.034,True
BTCUSDT,2026-05-18 15:00:00+00:00,76393.66,2026-07-17 14:00:00+00:00,63174.0,-17.305,-17.505,False,1439,59.96,3.257,True
BTCUSDT,2026-05-21 18:00:00+00:00,77869.38,2026-07-20 17:00:00+00:00,65587.98,-15.772,-15.972,False,1439,59.96,2.828,True
BTCUSDT,2026-06-04 03:00:00+00:00,63232.0,2026-06-15 12:00:00+00:00,66393.6,5.0,4.8,True,273,11.38,4.261,True
BTCUSDT,2026-06-05 07:00:00+00:00,61946.57,2026-06-14 21:00:00+00:00,65043.8985,5.0,4.8,True,230,9.58,4.305,True
BTCUSDT,2026-06-05 15:00:00+00:00,60868.98,2026-06-07 22:00:00+00:00,63912.429000000004,5.0,4.8,True,55,2.29,3.192,True
BTCUSDT,2026-06-14 22:00:00+00:00,65311.59,2026-08-13 21:00:00+00:00,63474.0,-2.814,-3.014,False,1439,59.96,8.284,True
BTCUSDT,2026-06-21 22:00:00+00:00,63808.0,2026-08-19 15:00:00+00:00,66998.40000000001,5.0,4.8,True,1409,58.71,2.59,True
BTCUSDT,2026-06-22 02:00:00+00:00,64606.0,2026-08-19 15:00:00+00:00,67836.3,5.0,4.8,True,1405,58.54,3.909,True
BTCUSDT,2026-06-25 15:00:00+00:00,59471.49,2026-07-03 20:00:00+00:00,62445.0645,5.0,4.8,True,197,8.21,5.584,True
BTCUSDT,2026-06-29 03:00:00+00:00,59757.47,2026-07-03 20:00:00+00:00,62745.3435,5.0,4.8,True,113,4.71,2.993,True
BTCUSDT,2026-06-30 14:00:00+00:00,58737.17,2026-07-02 13:00:00+00:00,61674.0285,5.0,4.8,True,47,1.96,3.872,True
BTCUSDT,2026-07-01 02:00:00+00:00,58770.58,2026-07-02 13:00:00+00:00,61709.109000000004,5.0,4.8,True,35,1.46,3.379,True
BTCUSDT,2026-07-06 14:00:00+00:00,61768.2,2026-07-14 15:00:00+00:00,64856.61,5.0,4.8,True,193,8.04,5.798,True
BTCUSDT,2026-07-06 16:00:00+00:00,63545.98,2026-07-21 13:00:00+00:00,66723.27900000001,5.0,4.8,True,357,14.88,2.582,True
BTCUSDT,2026-07-07 15:00:00+00:00,63562.05,2026-07-21 13:00:00+00:00,66740.15250000001,5.0,4.8,True,334,13.92,2.937,True
BTCUSDT,2026-07-13 08:00:00+00:00,62985.53,2026-07-21 07:00:00+00:00,66134.8065,5.0,4.8,True,191,7.96,3.208,True
BTCUSDT,2026-07-16 09:00:00+00:00,64126.86,2026-08-19 15:00:00+00:00,67333.20300000001,5.0,4.8,True,822,34.25,5.043,True
BTCUSDT,2026-07-19 23:00:00+00:00,64674.66,2026-08-19 15:00:00+00:00,67908.39300000001,5.0,4.8,True,736,30.67,2.518,True
BTCUSDT,2026-07-24 15:00:00+00:00,64055.11,2026-08-19 15:00:00+00:00,67257.8655,5.0,4.8,True,624,26.0,2.617,True
BTCUSDT,2026-07-25 10:00:00+00:00,64000.0,2026-08-19 15:00:00+00:00,67200.0,5.0,4.8,True,605,25.21,2.825,True
BTCUSDT,2026-07-28 14:00:00+00:00,63104.0,2026-08-19 15:00:00+00:00,66259.2,5.0,4.8,True,529,22.04,3.024,True
BTCUSDT,2026-08-03 15:00:00+00:00,63967.19,2026-08-19 15:00:00+00:00,67165.54950000001,5.0,4.8,True,384,16.0,4.862,True
BTCUSDT,2026-08-28 17:00:00+00:00,77788.45,2026-09-03 19:00:00+00:00,81677.8725,5.0,4.8,True,146,6.08,3.986,True
BTCUSDT,2026-09-15 14:00:00+00:00,76618.77,2026-09-18 13:00:00+00:00,80449.70850000001,5.0,4.8,True,71,2.96,3.975,True
BTCUSDT,2026-09-15 19:00:00+00:00,76000.0,2026-09-18 13:00:00+00:00,79800.0,5.0,4.8,True,66,2.75,4.702,True
