symbol,entry_time,entry_price,max_high,max_rise_pct,days_to_max,reached_5pct,reached_7pct,reached_10pct
BNBUSDT,2022-11-02 17:00:00+00:00,325.9,398.3,22.215,5.96,True,True,True
SOLUSDT,2022-11-02 19:00:00+00:00,31.82,38.79,21.904,2.88,True,True,True
ETHUSDT,2022-11-02 19:00:00+00:00,1563.68,1680.0,7.439,1.79,True,True,False
SOLUSDT,2022-11-06 17:00:00+00:00,35.03,35.05,0.057,0.0,False,False,False
BTCUSDT,2022-11-08 17:00:00+00:00,20369.58,20438.77,0.34,0.0,False,False,False
ETHUSDT,2022-11-08 17:00:00+00:00,1545.82,1554.88,0.586,0.0,False,False,False
XRPUSDT,2022-11-08 17:00:00+00:00,0.4487,0.4516,0.646,0.0,False,False,False
BTCUSDT,2022-11-08 19:00:00+00:00,18600.51,18730.0,0.696,0.12,False,False,False
XRPUSDT,2022-11-08 19:00:00+00:00,0.4052,0.4194,3.504,16.54,False,False,False
ETHUSDT,2022-11-09 11:00:00+00:00,1195.02,1352.72,13.196,35.29,True,True,True
SOLUSDT,2022-11-09 19:00:00+00:00,14.26,18.87,32.328,0.88,True,True,True
ETHUSDT,2022-11-11 15:00:00+00:00,1261.99,1352.72,7.189,33.12,True,True,False
BNBUSDT,2022-11-12 07:00:00+00:00,288.3,317.8,10.232,14.29,True,True,True
SOLUSDT,2022-11-13 08:00:00+00:00,13.95,17.5,25.448,57.29,True,True,True
ETHUSDT,2022-11-13 08:00:00+00:00,1250.94,1418.77,13.416,59.67,True,True,True
ETHUSDT,2022-11-14 07:00:00+00:00,1236.84,1438.0,16.264,59.58,True,True,True
SOLUSDT,2022-11-14 07:00:00+00:00,14.58,17.5,20.027,56.33,True,True,True
BTCUSDT,2022-11-14 07:00:00+00:00,16639.75,19117.04,14.888,59.58,True,True,True
BNBUSDT,2022-11-16 15:00:00+00:00,271.8,317.8,16.924,9.96,True,True,True
SOLUSDT,2022-11-17 16:00:00+00:00,13.52,25.0,84.911,58.33,True,True,True
ETHUSDT,2022-11-17 16:00:00+00:00,1192.8,1599.98,34.136,57.33,True,True,True
SOLUSDT,2022-11-19 15:00:00+00:00,12.64,25.0,97.785,56.38,True,True,True
XRPUSDT,2022-11-21 01:00:00+00:00,0.3592,0.4194,16.759,4.29,True,True,True
BNBUSDT,2022-11-21 01:00:00+00:00,264.6,317.8,20.106,5.54,True,True,True
SOLUSDT,2022-11-22 14:00:00+00:00,11.87,26.6,124.094,59.83,True,True,True
BNBUSDT,2022-11-25 13:00:00+00:00,301.7,323.5,7.226,59.58,True,True,False
ETHUSDT,2022-11-28 03:00:00+00:00,1163.8,1679.26,44.291,54.29,True,True,True
BTCUSDT,2022-11-28 17:00:00+00:00,16310.53,23816.73,46.021,58.21,True,True,True
BNBUSDT,2022-12-04 13:00:00+00:00,290.7,334.4,15.033,59.71,True,True,True
SOLUSDT,2022-12-08 08:00:00+00:00,13.5,26.8,98.519,52.5,True,True,True
BNBUSDT,2022-12-12 03:00:00+00:00,283.4,337.8,19.195,55.25,True,True,True
XRPUSDT,2022-12-12 05:00:00+00:00,0.3742,0.433,15.714,42.62,True,True,True
BNBUSDT,2022-12-12 13:00:00+00:00,276.0,337.8,22.391,54.83,True,True,True
BNBUSDT,2022-12-13 04:00:00+00:00,267.2,337.8,26.422,54.21,True,True,True
BNBUSDT,2022-12-13 08:00:00+00:00,264.0,337.8,27.955,54.04,True,True,True
BNBUSDT,2022-12-13 14:00:00+00:00,273.3,337.8,23.6,53.79,True,True,True
XRPUSDT,2022-12-17 00:00:00+00:00,0.351,0.433,23.362,37.83,True,True,True
ETHUSDT,2022-12-17 00:00:00+00:00,1166.82,1714.68,46.953,47.75,True,True,True
SOLUSDT,2022-12-17 00:00:00+00:00,12.25,26.8,118.776,43.83,True,True,True
BNBUSDT,2022-12-17 00:00:00+00:00,231.2,337.8,46.107,50.38,True,True,True
BNBUSDT,2022-12-17 03:00:00+00:00,228.5,337.8,47.834,50.25,True,True,True
SOLUSDT,2022-12-19 17:00:00+00:00,12.06,26.8,122.222,41.12,True,True,True
ETHUSDT,2022-12-20 02:00:00+00:00,1185.82,1742.97,46.984,58.58,True,True,True
SOLUSDT,2022-12-22 16:00:00+00:00,11.76,27.12,130.612,59.62,True,True,True
SOLUSDT,2022-12-22 21:00:00+00:00,11.94,27.12,127.136,59.42,True,True,True
BTCUSDT,2022-12-22 21:00:00+00:00,16780.24,25250.0,50.475,55.79,True,True,True
BNBUSDT,2022-12-22 21:00:00+00:00,245.0,337.8,37.878,44.5,True,True,True
ETHUSDT,2022-12-22 21:00:00+00:00,1217.36,1742.97,43.176,55.79,True,True,True
XRPUSDT,2022-12-25 15:00:00+00:00,0.3468,0.433,24.856,29.21,True,True,True
ETHUSDT,2022-12-25 20:00:00+00:00,1209.52,1742.97,44.104,52.83,True,True,True
ETHUSDT,2022-12-25 22:00:00+00:00,1218.75,1742.97,43.013,52.75,True,True,True
SOLUSDT,2022-12-27 17:00:00+00:00,10.86,27.12,149.724,54.58,True,True,True
ETHUSDT,2022-12-28 15:00:00+00:00,1204.58,1742.97,44.695,50.04,True,True,True
BNBUSDT,2022-12-28 15:00:00+00:00,244.4,337.8,38.216,38.75,True,True,True
SOLUSDT,2022-12-28 15:00:00+00:00,10.17,27.12,166.667,53.67,True,True,True
SOLUSDT,2022-12-29 23:00:00+00:00,9.17,27.12,195.747,52.33,True,True,True
ETHUSDT,2023-01-06 14:00:00+00:00,1250.42,1742.97,39.391,41.08,True,True,True
BTCUSDT,2023-01-06 14:00:00+00:00,16774.19,25250.0,50.529,41.08,True,True,True
SOLUSDT,2023-01-06 14:00:00+00:00,12.98,27.12,108.937,44.71,True,True,True
ETHUSDT,2023-01-06 16:00:00+00:00,1263.01,1742.97,38.001,41.0,True,True,True
SOLUSDT,2023-01-08 02:00:00+00:00,13.2,27.12,105.455,43.21,True,True,True
SOLUSDT,2023-01-11 13:00:00+00:00,15.81,27.12,71.537,39.75,True,True,True
ETHUSDT,2023-01-11 19:00:00+00:00,1337.72,1742.97,30.294,35.88,True,True,True
BTCUSDT,2023-01-11 19:00:00+00:00,17486.44,25250.0,44.398,35.88,True,True,True
BTCUSDT,2023-01-18 18:00:00+00:00,20887.85,28186.87,34.944,59.92,True,True,True
ETHUSDT,2023-01-18 18:00:00+00:00,1541.58,1841.0,19.423,58.75,True,True,True
BNBUSDT,2023-01-18 18:00:00+00:00,293.4,346.3,18.03,58.46,True,True,True
ETHUSDT,2023-01-23 16:00:00+00:00,1620.84,1857.16,14.58,58.96,True,True,True
SOLUSDT,2023-01-25 13:00:00+00:00,24.28,27.12,11.697,25.75,True,True,True
ETHUSDT,2023-01-29 02:00:00+00:00,1602.69,1857.16,15.878,53.54,True,True,True
BNBUSDT,2023-02-01 20:00:00+00:00,314.5,346.3,10.111,44.38,True,True,True
SOLUSDT,2023-02-01 20:00:00+00:00,24.24,27.12,11.881,18.46,True,True,True
ETHUSDT,2023-02-03 14:00:00+00:00,1637.1,1891.91,15.565,59.92,True,True,True
SOLUSDT,2023-02-05 14:00:00+00:00,23.65,27.12,14.672,14.71,True,True,True
SOLUSDT,2023-02-06 17:00:00+00:00,23.27,27.12,16.545,13.58,True,True,True
BNBUSDT,2023-02-08 17:00:00+00:00,327.7,346.3,5.676,37.5,True,False,False
SOLUSDT,2023-02-08 17:00:00+00:00,23.33,27.12,16.245,11.58,True,True,True
ETHUSDT,2023-02-08 17:00:00+00:00,1653.47,1942.98,17.509,55.75,True,True,True
BTCUSDT,2023-02-08 17:00:00+00:00,22965.01,29184.68,27.083,49.33,True,True,True
BNBUSDT,2023-02-12 16:00:00+00:00,312.8,346.3,10.71,33.54,True,True,True
ETHUSDT,2023-02-12 17:00:00+00:00,1543.05,2016.42,30.678,59.96,True,True,True
XRPUSDT,2023-02-13 02:00:00+00:00,0.3717,0.585,57.385,44.25,True,True,True
ETHUSDT,2023-02-13 11:00:00+00:00,1482.54,2128.76,43.589,59.54,True,True,True
SOLUSDT,2023-02-16 17:00:00+00:00,23.68,27.12,14.527,3.58,True,True,True
BTCUSDT,2023-02-17 15:00:00+00:00,23863.31,31000.0,29.907,55.58,True,True,True
ETHUSDT,2023-02-22 16:00:00+00:00,1613.72,2141.54,32.708,53.08,True,True,True
BNBUSDT,2023-02-23 23:00:00+00:00,308.6,350.0,13.415,51.71,True,True,True
XRPUSDT,2023-02-27 10:00:00+00:00,0.3723,0.585,57.131,29.92,True,True,True
SOLUSDT,2023-02-27 14:00:00+00:00,23.19,26.0,12.117,48.5,True,True,True
BTCUSDT,2023-02-27 14:00:00+00:00,23704.29,31000.0,30.778,45.62,True,True,True
XRPUSDT,2023-03-03 03:00:00+00:00,0.3635,0.585,60.935,26.21,True,True,True
SOLUSDT,2023-03-05 01:00:00+00:00,21.4,26.0,21.495,43.04,True,True,True
XRPUSDT,2023-03-06 03:00:00+00:00,0.3628,0.585,61.246,23.21,True,True,True
ETHUSDT,2023-03-08 16:00:00+00:00,1560.39,2141.54,37.244,39.08,True,True,True
SOLUSDT,2023-03-08 16:00:00+00:00,19.24,26.0,35.135,39.42,True,True,True
BTCUSDT,2023-03-08 16:00:00+00:00,22139.97,31000.0,40.018,36.54,True,True,True
ETHUSDT,2023-03-09 22:00:00+00:00,1432.09,2141.54,49.539,37.83,True,True,True
XRPUSDT,2023-03-12 17:00:00+00:00,0.3509,0.585,66.714,16.62,True,True,True
BNBUSDT,2023-03-12 18:00:00+00:00,278.9,350.0,25.493,34.92,True,True,True
BTCUSDT,2023-03-12 18:00:00+00:00,20786.52,31000.0,49.135,32.46,True,True,True
XRPUSDT,2023-03-12 19:00:00+00:00,0.3605,0.585,62.275,16.54,True,True,True
SOLUSDT,2023-03-13 15:00:00+00:00,20.47,26.0,27.015,34.46,True,True,True
XRPUSDT,2023-03-13 16:00:00+00:00,0.3731,0.585,56.794,15.67,True,True,True
SOLUSDT,2023-03-14 13:00:00+00:00,21.41,26.0,21.439,33.54,True,True,True
BTCUSDT,2023-03-27 14:00:00+00:00,27693.0,31000.0,11.942,17.67,True,True,True
BTCUSDT,2023-03-27 16:00:00+00:00,26903.63,31000.0,15.226,17.58,True,True,True
SOLUSDT,2023-03-27 16:00:00+00:00,19.77,26.0,31.512,20.46,True,True,True
ETHUSDT,2023-03-27 16:00:00+00:00,1711.73,2141.54,25.11,20.12,True,True,True
BNBUSDT,2023-03-30 03:00:00+00:00,316.9,350.0,10.445,17.58,True,True,True
ETHUSDT,2023-03-30 03:00:00+00:00,1816.8,2141.54,17.874,17.67,True,True,True
BTCUSDT,2023-04-02 14:00:00+00:00,28279.52,31000.0,9.62,11.67,True,True,False
BTCUSDT,2023-04-03 09:00:00+00:00,28335.0,31000.0,9.405,10.88,True,True,False
BNBUSDT,2023-04-03 22:00:00+00:00,305.9,350.0,14.416,12.79,True,True,True
BTCUSDT,2023-04-09 20:00:00+00:00,28140.41,31000.0,10.162,4.42,True,True,True
BNBUSDT,2023-04-10 17:00:00+00:00,314.2,350.0,11.394,6.0,True,True,True
ETHUSDT,2023-04-12 13:00:00+00:00,1882.17,2141.54,13.78,4.25,True,True,True
ETHUSDT,2023-04-12 15:00:00+00:00,1914.45,2141.54,11.862,4.17,True,True,True
SOLUSDT,2023-04-19 07:00:00+00:00,24.29,24.43,0.576,0.0,False,False,False
BTCUSDT,2023-04-20 00:00:00+00:00,28797.1,30036.0,4.302,6.54,False,False,False
BTCUSDT,2023-04-20 13:00:00+00:00,28892.99,30036.0,3.956,6.0,False,False,False
SOLUSDT,2023-04-20 17:00:00+00:00,22.14,23.99,8.356,9.92,True,True,False
BNBUSDT,2023-04-21 08:00:00+00:00,329.7,345.0,4.641,5.17,False,False,False
BNBUSDT,2023-04-26 21:00:00+00:00,331.2,339.6,2.536,4.17,False,False,False
XRPUSDT,2023-04-26 21:00:00+00:00,0.455,0.5658,24.352,47.58,True,True,True
BNBUSDT,2023-04-28 11:00:00+00:00,321.1,339.6,5.761,2.58,True,False,False
ETHUSDT,2023-04-28 16:00:00+00:00,1886.8,2019.0,7.007,7.33,True,True,False
XRPUSDT,2023-05-01 01:00:00+00:00,0.4711,0.5658,20.102,43.42,True,True,True
BTCUSDT,2023-05-01 16:00:00+00:00,28170.64,31431.94,11.577,53.0,True,True,True
BNBUSDT,2023-05-02 15:00:00+00:00,325.0,329.1,1.262,3.08,False,False,False
SOLUSDT,2023-05-03 19:00:00+00:00,21.59,23.23,7.596,2.21,True,True,False
BTCUSDT,2023-05-08 01:00:00+00:00,28572.17,31500.0,10.247,59.33,True,True,True
XRPUSDT,2023-05-08 01:00:00+00:00,0.4508,0.5658,25.51,36.42,True,True,True
XRPUSDT,2023-05-08 03:00:00+00:00,0.4395,0.5658,28.737,36.33,True,True,True
ETHUSDT,2023-05-08 19:00:00+00:00,1830.73,1976.16,7.944,55.83,True,True,False
BTCUSDT,2023-05-08 19:00:00+00:00,27475.26,31500.0,14.649,58.58,True,True,True
SOLUSDT,2023-05-08 19:00:00+00:00,20.47,22.3,8.94,27.04,True,True,False
XRPUSDT,2023-05-08 19:00:00+00:00,0.4195,0.5658,34.875,35.67,True,True,True
ETHUSDT,2023-05-10 13:00:00+00:00,1877.1,1976.16,5.277,54.08,True,False,False
SOLUSDT,2023-05-11 15:00:00+00:00,20.1,22.5,11.94,57.71,True,True,True
SOLUSDT,2023-05-11 18:00:00+00:00,19.99,22.5,12.556,57.58,True,True,True
ETHUSDT,2023-05-11 18:00:00+00:00,1782.92,1976.16,10.838,52.88,True,True,True
BNBUSDT,2023-05-12 06:00:00+00:00,302.3,317.3,4.962,17.21,False,False,False
BTCUSDT,2023-05-12 20:00:00+00:00,26459.63,31500.0,19.049,54.54,True,True,True
SOLUSDT,2023-05-14 02:00:00+00:00,20.72,22.8,10.039,59.42,True,True,True
SOLUSDT,2023-05-15 02:00:00+00:00,21.12,32.13,52.131,59.92,True,True,True
SOLUSDT,2023-05-16 22:00:00+00:00,20.71,32.13,55.142,58.08,True,True,True
XRPUSDT,2023-05-21 18:00:00+00:00,0.4577,0.938,104.938,53.0,True,True,True
BTCUSDT,2023-05-21 22:00:00+00:00,26745.15,31804.2,18.916,52.88,True,True,True
BNBUSDT,2023-05-22 01:00:00+00:00,305.9,317.3,3.727,7.42,False,False,False
SOLUSDT,2023-05-23 02:00:00+00:00,19.8,32.13,62.273,51.92,True,True,True
SOLUSDT,2023-05-23 04:00:00+00:00,20.04,32.13,60.329,51.83,True,True,True
BTCUSDT,2023-05-24 16:00:00+00:00,26314.69,31804.2,20.861,50.12,True,True,True
ETHUSDT,2023-05-25 13:00:00+00:00,1801.81,2029.11,12.615,49.5,True,True,True
BNBUSDT,2023-05-26 07:00:00+00:00,306.0,317.3,3.693,3.17,False,False,False
ETHUSDT,2023-06-05 17:00:00+00:00,1813.24,2029.11,11.905,38.33,True,True,True
SOLUSDT,2023-06-05 17:00:00+00:00,20.02,32.13,60.49,38.29,True,True,True
BNBUSDT,2023-06-05 17:00:00+00:00,280.2,285.8,1.999,1.08,False,False,False
XRPUSDT,2023-06-05 17:00:00+00:00,0.5047,0.938,85.853,38.04,True,True,True
SOLUSDT,2023-06-06 14:00:00+00:00,19.75,32.13,62.684,37.42,True,True,True
BNBUSDT,2023-06-07 11:00:00+00:00,272.6,276.1,1.284,0.0,False,False,False
BNBUSDT,2023-06-07 16:00:00+00:00,259.0,267.5,3.282,0.83,False,False,False
SOLUSDT,2023-06-07 18:00:00+00:00,19.07,32.13,68.485,36.25,True,True,True
BNBUSDT,2023-06-10 06:00:00+00:00,238.5,261.7,9.727,33.92,True,True,False
BTCUSDT,2023-06-10 07:00:00+00:00,25538.81,31804.2,24.533,33.5,True,True,True
ETHUSDT,2023-06-10 09:00:00+00:00,1740.25,2029.11,16.599,33.67,True,True,True
ETHUSDT,2023-06-10 18:00:00+00:00,1760.16,2029.11,15.28,33.29,True,True,True
BTCUSDT,2023-06-10 18:00:00+00:00,26022.34,31804.2,22.219,33.04,True,True,True
BNBUSDT,2023-06-12 04:00:00+00:00,226.2,261.7,15.694,32.0,True,True,True
BNBUSDT,2023-06-12 09:00:00+00:00,229.5,261.7,14.031,31.79,True,True,True
ETHUSDT,2023-06-14 18:00:00+00:00,1743.45,2029.11,16.385,29.29,True,True,True
XRPUSDT,2023-06-14 19:00:00+00:00,0.5041,0.938,86.074,28.96,True,True,True
SOLUSDT,2023-06-15 03:00:00+00:00,14.77,32.13,117.536,28.88,True,True,True
BNBUSDT,2023-06-19 19:00:00+00:00,240.4,261.7,8.86,24.38,True,True,False
BNBUSDT,2023-06-20 16:00:00+00:00,240.4,261.7,8.86,23.5,True,True,False
ETHUSDT,2023-06-20 17:00:00+00:00,1745.07,2029.11,16.277,23.33,True,True,True
SOLUSDT,2023-06-20 17:00:00+00:00,16.08,32.13,99.813,23.29,True,True,True
BNBUSDT,2023-06-20 18:00:00+00:00,243.6,261.7,7.43,23.42,True,True,False
SOLUSDT,2023-06-23 13:00:00+00:00,16.4,32.13,95.915,20.46,True,True,True
SOLUSDT,2023-06-23 15:00:00+00:00,16.48,32.13,94.964,20.38,True,True,True
BNBUSDT,2023-06-30 04:00:00+00:00,236.7,261.7,10.562,14.0,True,True,True
ETHUSDT,2023-06-30 05:00:00+00:00,1887.4,2029.11,7.508,13.83,True,True,False
BTCUSDT,2023-06-30 05:00:00+00:00,30877.99,31804.2,3.0,13.58,False,False,False
ETHUSDT,2023-07-05 09:00:00+00:00,1929.48,2029.11,5.164,8.67,True,False,False
SOLUSDT,2023-07-06 01:00:00+00:00,19.3,32.13,66.477,7.96,True,True,True
BNBUSDT,2023-07-10 10:00:00+00:00,240.7,261.7,8.725,3.75,True,True,False
BTCUSDT,2023-07-14 20:00:00+00:00,30115.18,30441.46,1.083,1.75,False,False,False
SOLUSDT,2023-07-15 01:00:00+00:00,27.67,29.12,5.24,0.29,True,False,False
BNBUSDT,2023-07-17 07:00:00+00:00,242.3,248.8,2.683,15.71,False,False,False
SOLUSDT,2023-07-24 11:00:00+00:00,23.77,25.68,8.035,2.29,True,True,False
BTCUSDT,2023-07-24 11:00:00+00:00,29324.0,30244.0,3.137,15.42,False,False,False
ETHUSDT,2023-07-24 11:00:00+00:00,1852.46,1888.0,1.919,2.38,False,False,False
XRPUSDT,2023-07-24 11:00:00+00:00,0.6993,0.7358,5.22,5.96,True,False,False
SOLUSDT,2023-07-24 16:00:00+00:00,23.21,25.68,10.642,2.08,True,True,True
ETHUSDT,2023-07-24 16:00:00+00:00,1843.09,1888.0,2.437,2.17,False,False,False
BTCUSDT,2023-07-24 16:00:00+00:00,29093.78,30244.0,3.953,15.21,False,False,False
XRPUSDT,2023-07-25 14:00:00+00:00,0.7029,0.7358,4.681,4.83,False,False,False
XRPUSDT,2023-07-26 19:00:00+00:00,0.7142,0.7358,3.024,3.62,False,False,False
XRPUSDT,2023-07-26 21:00:00+00:00,0.7256,0.7358,1.406,3.54,False,False,False
BTCUSDT,2023-07-30 12:00:00+00:00,29314.0,30244.0,3.173,9.38,False,False,False
BTCUSDT,2023-07-30 15:00:00+00:00,29391.82,30244.0,2.899,9.25,False,False,False
SOLUSDT,2023-07-30 16:00:00+00:00,24.89,25.42,2.129,15.38,False,False,False
ETHUSDT,2023-07-30 16:00:00+00:00,1876.43,1879.74,0.176,2.38,False,False,False
SOLUSDT,2023-07-30 21:00:00+00:00,24.29,25.42,4.652,15.17,False,False,False
ETHUSDT,2023-07-30 21:00:00+00:00,1865.53,1879.74,0.762,2.17,False,False,False
XRPUSDT,2023-07-31 20:00:00+00:00,0.7151,0.7205,0.755,0.0,False,False,False
BNBUSDT,2023-08-01 08:00:00+00:00,245.5,248.8,1.344,0.67,False,False,False
BTCUSDT,2023-08-01 16:00:00+00:00,28953.99,30244.0,4.455,7.21,False,False,False
ETHUSDT,2023-08-01 16:00:00+00:00,1834.59,1879.74,2.461,0.38,False,False,False
SOLUSDT,2023-08-01 16:00:00+00:00,23.27,25.42,9.239,13.38,True,True,False
SOLUSDT,2023-08-02 17:00:00+00:00,23.0,25.42,10.522,12.33,True,True,True
BNBUSDT,2023-08-02 18:00:00+00:00,241.2,248.0,2.819,6.0,False,False,False
BTCUSDT,2023-08-07 17:00:00+00:00,28937.99,30244.0,4.513,1.17,False,False,False
BTCUSDT,2023-08-07 19:00:00+00:00,29094.42,30244.0,3.951,1.08,False,False,False
BNBUSDT,2023-08-11 17:00:00+00:00,239.4,241.8,1.003,2.12,False,False,False
SOLUSDT,2023-08-13 17:00:00+00:00,24.49,25.42,3.797,1.33,False,False,False
SOLUSDT,2023-08-14 01:00:00+00:00,24.33,25.42,4.48,1.0,False,False,False
BTCUSDT,2023-08-14 02:00:00+00:00,29268.0,29695.32,1.46,0.58,False,False,False
BNBUSDT,2023-08-15 13:00:00+00:00,239.1,239.8,0.293,0.04,False,False,False
XRPUSDT,2023-08-15 19:00:00+00:00,0.6218,0.6218,0.0,0.0,False,False,False
BNBUSDT,2023-08-15 21:00:00+00:00,238.3,238.5,0.084,0.0,False,False,False
XRPUSDT,2023-08-16 07:00:00+00:00,0.6036,0.6042,0.099,0.0,False,False,False
BTCUSDT,2023-08-17 17:00:00+00:00,27937.36,30000.0,7.383,59.83,True,True,False
ETHUSDT,2023-08-17 17:00:00+00:00,1740.89,1751.0,0.581,45.21,False,False,False
SOLUSDT,2023-08-17 17:00:00+00:00,23.05,24.8,7.592,45.54,True,True,False
BNBUSDT,2023-08-17 17:00:00+00:00,225.3,234.8,4.217,11.88,False,False,False
ETHUSDT,2023-08-17 23:00:00+00:00,1695.31,1751.0,3.285,44.96,False,False,False
XRPUSDT,2023-08-17 23:00:00+00:00,0.5103,0.5582,9.387,2.5,True,True,False
BNBUSDT,2023-08-17 23:00:00+00:00,221.2,234.8,6.148,11.62,True,False,False
SOLUSDT,2023-08-17 23:00:00+00:00,22.0,24.8,12.727,45.29,True,True,True
BTCUSDT,2023-08-17 23:00:00+00:00,26801.3,30000.0,11.935,59.58,True,True,True
BNBUSDT,2023-08-21 14:00:00+00:00,210.9,234.8,11.332,8.0,True,True,True
XRPUSDT,2023-08-21 16:00:00+00:00,0.5107,0.5496,7.617,7.92,True,True,False
BNBUSDT,2023-08-21 16:00:00+00:00,208.5,234.8,12.614,7.92,True,True,True
SOLUSDT,2023-08-21 16:00:00+00:00,20.71,27.5,32.786,59.71,True,True,True
BTCUSDT,2023-08-21 16:00:00+00:00,25939.59,30207.55,16.453,59.75,True,True,True
SOLUSDT,2023-08-22 14:00:00+00:00,20.86,29.97,43.672,59.88,True,True,True
BNBUSDT,2023-08-22 15:00:00+00:00,206.9,234.8,13.485,6.96,True,True,True
BNBUSDT,2023-08-22 17:00:00+00:00,207.1,234.8,13.375,6.88,True,True,True
BTCUSDT,2023-08-22 17:00:00+00:00,26020.01,30207.55,16.094,58.71,True,True,True
SOLUSDT,2023-08-22 19:00:00+00:00,20.3,29.97,47.635,59.67,True,True,True
ETHUSDT,2023-08-22 19:00:00+00:00,1636.98,1751.0,6.965,40.12,True,False,False
BNBUSDT,2023-08-22 19:00:00+00:00,208.8,234.8,12.452,6.79,True,True,True
ETHUSDT,2023-08-24 18:00:00+00:00,1649.38,1751.0,6.161,38.17,True,False,False
BNBUSDT,2023-08-25 15:00:00+00:00,215.5,238.1,10.487,59.46,True,True,True
BTCUSDT,2023-08-25 16:00:00+00:00,25932.01,35280.0,36.048,59.42,True,True,True
BNBUSDT,2023-08-28 10:00:00+00:00,216.4,238.1,10.028,56.67,True,True,True
BTCUSDT,2023-08-28 13:00:00+00:00,26136.54,35280.0,34.983,56.54,True,True,True
BNBUSDT,2023-08-28 13:00:00+00:00,217.8,238.1,9.32,56.54,True,True,False
ETHUSDT,2023-08-28 13:00:00+00:00,1655.39,1865.54,12.695,58.79,True,True,True
SOLUSDT,2023-08-28 13:00:00+00:00,20.62,33.9,64.403,57.96,True,True,True
XRPUSDT,2023-08-29 15:00:00+00:00,0.541,0.5866,8.429,55.88,True,True,False
ETHUSDT,2023-08-29 15:00:00+00:00,1721.28,1865.54,8.381,57.71,True,True,False
SOLUSDT,2023-08-29 15:00:00+00:00,21.73,33.9,56.006,56.88,True,True,True
BNBUSDT,2023-08-30 15:00:00+00:00,222.7,238.1,6.915,54.46,True,False,False
ETHUSDT,2023-08-30 15:00:00+00:00,1702.84,1865.54,9.555,56.71,True,True,False
SOLUSDT,2023-08-31 18:00:00+00:00,19.87,35.35,77.906,59.75,True,True,True
BNBUSDT,2023-08-31 18:00:00+00:00,217.8,238.1,9.32,53.33,True,True,False
BTCUSDT,2023-08-31 18:00:00+00:00,26329.08,35280.0,33.996,53.33,True,True,True
XRPUSDT,2023-08-31 18:00:00+00:00,0.5102,0.5866,14.975,53.75,True,True,True
ETHUSDT,2023-08-31 18:00:00+00:00,1660.16,1865.54,12.371,55.58,True,True,True
BTCUSDT,2023-09-01 16:00:00+00:00,25811.0,35280.0,36.686,52.42,True,True,True
ETHUSDT,2023-09-01 16:00:00+00:00,1634.87,1865.54,14.109,54.67,True,True,True
BNBUSDT,2023-09-01 18:00:00+00:00,212.0,238.1,12.311,52.33,True,True,True
ETHUSDT,2023-09-05 05:00:00+00:00,1622.63,1875.0,15.553,57.92,True,True,True
BTCUSDT,2023-09-06 18:00:00+00:00,25860.0,35984.99,39.153,56.33,True,True,True
BNBUSDT,2023-09-06 18:00:00+00:00,216.5,245.0,13.164,59.54,True,True,True
ETHUSDT,2023-09-06 18:00:00+00:00,1646.24,1912.67,16.184,59.96,True,True,True
SOLUSDT,2023-09-06 18:00:00+00:00,19.64,46.9,138.798,56.0,True,True,True
XRPUSDT,2023-09-06 18:00:00+00:00,0.5023,0.6546,30.321,59.71,True,True,True
SOLUSDT,2023-09-07 17:00:00+00:00,19.63,46.9,138.92,55.04,True,True,True
BTCUSDT,2023-09-07 17:00:00+00:00,25828.72,35984.99,39.322,55.38,True,True,True
SOLUSDT,2023-09-10 16:00:00+00:00,18.22,48.88,168.277,59.92,True,True,True
BNBUSDT,2023-09-10 16:00:00+00:00,212.9,256.1,20.291,57.29,True,True,True
BTCUSDT,2023-09-10 17:00:00+00:00,25791.16,37972.24,47.23,59.92,True,True,True
BTCUSDT,2023-09-10 20:00:00+00:00,25799.99,37972.24,47.179,59.79,True,True,True
XRPUSDT,2023-09-11 04:00:00+00:00,0.4969,0.7324,47.394,56.42,True,True,True
SOLUSDT,2023-09-11 15:00:00+00:00,17.6,51.93,195.057,59.88,True,True,True
BNBUSDT,2023-09-11 15:00:00+00:00,205.8,258.0,25.364,59.5,True,True,True
ETHUSDT,2023-09-11 15:00:00+00:00,1559.1,2136.99,37.066,59.54,True,True,True
BTCUSDT,2023-09-11 16:00:00+00:00,25115.98,37972.24,51.188,58.96,True,True,True
BTCUSDT,2023-09-12 04:00:00+00:00,25797.98,37972.24,47.191,58.46,True,True,True
ETHUSDT,2023-09-13 08:00:00+00:00,1584.51,2136.99,34.868,57.83,True,True,True
XRPUSDT,2023-09-13 08:00:00+00:00,0.4749,0.7324,54.222,54.25,True,True,True
BNBUSDT,2023-09-13 08:00:00+00:00,210.3,258.0,22.682,57.79,True,True,True
ETHUSDT,2023-09-15 22:00:00+00:00,1631.9,2136.99,30.951,55.25,True,True,True
SOLUSDT,2023-09-15 23:00:00+00:00,19.16,63.95,233.768,56.62,True,True,True
XRPUSDT,2023-09-17 06:00:00+00:00,0.4941,0.75,51.791,57.62,True,True,True
BTCUSDT,2023-09-18 03:00:00+00:00,26663.12,37980.0,42.444,58.83,True,True,True
ETHUSDT,2023-09-18 03:00:00+00:00,1629.54,2136.99,31.141,53.04,True,True,True
SOLUSDT,2023-09-18 03:00:00+00:00,19.1,68.2,257.068,59.12,True,True,True
BTCUSDT,2023-09-19 10:00:00+00:00,27288.95,37980.0,39.177,57.54,True,True,True
ETHUSDT,2023-09-19 10:00:00+00:00,1653.36,2136.99,29.251,51.75,True,True,True
ETHUSDT,2023-09-20 07:00:00+00:00,1633.82,2136.99,30.797,50.88,True,True,True
ETHUSDT,2023-09-20 10:00:00+00:00,1627.43,2136.99,31.311,50.75,True,True,True
BNBUSDT,2023-09-21 10:00:00+00:00,211.6,258.0,21.928,49.71,True,True,True
BNBUSDT,2023-09-25 01:00:00+00:00,208.4,271.9,30.47,57.58,True,True,True
SOLUSDT,2023-09-25 01:00:00+00:00,19.43,68.2,251.004,52.21,True,True,True
BTCUSDT,2023-09-25 01:00:00+00:00,26248.16,37980.0,44.696,51.92,True,True,True
ETHUSDT,2023-09-25 01:00:00+00:00,1579.63,2136.99,35.284,46.12,True,True,True
SOLUSDT,2023-09-26 22:00:00+00:00,19.0,68.2,258.947,50.33,True,True,True
ETHUSDT,2023-09-28 03:00:00+00:00,1606.39,2136.99,33.031,43.04,True,True,True
BNBUSDT,2023-10-05 14:00:00+00:00,212.7,271.9,27.833,47.04,True,True,True
ETHUSDT,2023-10-05 14:00:00+00:00,1642.68,2274.28,38.449,59.83,True,True,True
XRPUSDT,2023-10-05 16:00:00+00:00,0.5189,0.75,44.537,39.21,True,True,True
BNBUSDT,2023-10-05 16:00:00+00:00,211.2,271.9,28.741,46.96,True,True,True
BTCUSDT,2023-10-08 14:00:00+00:00,27910.75,44488.0,59.394,58.33,True,True,True
BNBUSDT,2023-10-08 14:00:00+00:00,211.7,271.9,28.436,44.04,True,True,True
XRPUSDT,2023-10-09 01:00:00+00:00,0.5159,0.75,45.377,35.83,True,True,True
BTCUSDT,2023-10-10 15:00:00+00:00,27440.68,44700.0,62.897,59.25,True,True,True
BTCUSDT,2023-10-11 03:00:00+00:00,27120.93,44700.0,64.817,58.75,True,True,True
ETHUSDT,2023-10-11 03:00:00+00:00,1559.33,2403.0,54.105,59.21,True,True,True
BTCUSDT,2023-10-11 17:00:00+00:00,26682.69,44700.0,67.524,58.17,True,True,True
XRPUSDT,2023-10-12 10:00:00+00:00,0.4774,0.75,57.101,32.46,True,True,True
XRPUSDT,2023-10-12 17:00:00+00:00,0.4815,0.75,55.763,32.17,True,True,True
XRPUSDT,2023-10-17 14:00:00+00:00,0.4891,0.75,53.343,27.29,True,True,True
ETHUSDT,2023-10-17 15:00:00+00:00,1573.09,2403.0,52.757,52.71,True,True,True
BNBUSDT,2023-10-17 16:00:00+00:00,212.0,271.9,28.255,34.96,True,True,True
SOLUSDT,2023-10-18 21:00:00+00:00,23.72,79.5,235.16,57.62,True,True,True
XRPUSDT,2023-10-31 12:00:00+00:00,0.604,0.75,24.172,13.38,True,True,True
BNBUSDT,2023-11-01 14:00:00+00:00,224.4,338.3,50.758,56.96,True,True,True
ETHUSDT,2023-11-01 14:00:00+00:00,1801.93,2445.8,35.732,56.46,True,True,True
ETHUSDT,2023-11-07 19:00:00+00:00,1893.78,2445.8,29.149,50.25,True,True,True
BNBUSDT,2023-11-11 15:00:00+00:00,252.8,338.3,33.821,46.92,True,True,True
BTCUSDT,2023-11-17 18:00:00+00:00,36500.0,48969.48,34.163,54.83,True,True,True
ETHUSDT,2023-11-18 16:00:00+00:00,1952.8,2717.32,39.15,54.96,True,True,True
SOLUSDT,2023-11-20 15:00:00+00:00,60.01,126.36,110.565,35.12,True,True,True
BTCUSDT,2023-11-21 16:00:00+00:00,36975.03,48969.48,32.439,50.92,True,True,True
BTCUSDT,2023-11-21 18:00:00+00:00,36901.99,48969.48,32.701,50.83,True,True,True
ETHUSDT,2023-11-21 18:00:00+00:00,1975.81,2717.32,37.529,51.88,True,True,True
SOLUSDT,2023-11-25 02:00:00+00:00,58.79,126.36,114.935,30.67,True,True,True
ETHUSDT,2023-11-30 05:00:00+00:00,2036.45,2717.32,33.434,43.42,True,True,True
BNBUSDT,2023-12-02 20:00:00+00:00,228.9,338.3,47.794,25.71,True,True,True
BNBUSDT,2023-12-05 18:00:00+00:00,232.8,338.3,45.318,22.79,True,True,True
BNBUSDT,2023-12-11 13:00:00+00:00,242.4,338.3,39.563,17.0,True,True,True
XRPUSDT,2023-12-17 11:00:00+00:00,0.6196,0.6584,6.262,10.71,True,False,False
BTCUSDT,2023-12-17 18:00:00+00:00,42091.38,52816.62,25.481,59.83,True,True,True
XRPUSDT,2023-12-18 09:00:00+00:00,0.6008,0.6584,9.587,9.79,True,True,False
XRPUSDT,2024-01-01 00:00:00+00:00,0.6155,0.6405,4.062,1.38,False,False,False
XRPUSDT,2024-01-03 14:00:00+00:00,0.5685,0.6501,14.354,58.92,True,True,True
XRPUSDT,2024-01-08 01:00:00+00:00,0.5777,0.6685,15.718,57.04,True,True,True
BTCUSDT,2024-01-08 07:00:00+00:00,43912.88,69000.0,57.129,57.33,True,True,True
SOLUSDT,2024-01-08 13:00:00+00:00,94.1,149.98,59.384,59.96,True,True,True
XRPUSDT,2024-01-09 19:00:00+00:00,0.5697,0.6685,17.342,55.29,True,True,True
ETHUSDT,2024-01-09 22:00:00+00:00,2317.65,3993.75,72.319,58.71,True,True,True
SOLUSDT,2024-01-12 16:00:00+00:00,95.33,155.0,62.593,59.46,True,True,True
BTCUSDT,2024-01-12 23:00:00+00:00,42509.99,73000.0,71.724,59.62,True,True,True
BTCUSDT,2024-01-14 22:00:00+00:00,42554.89,73777.0,73.369,59.38,True,True,True
BNBUSDT,2024-01-17 12:00:00+00:00,313.0,645.2,106.134,58.5,True,True,True
BTCUSDT,2024-01-17 15:00:00+00:00,42576.02,73777.0,73.283,56.67,True,True,True
SOLUSDT,2024-01-18 18:00:00+00:00,95.51,210.18,120.061,59.67,True,True,True
SOLUSDT,2024-01-19 18:00:00+00:00,91.41,210.18,129.931,58.67,True,True,True
BTCUSDT,2024-01-19 18:00:00+00:00,41239.57,73777.0,78.899,54.54,True,True,True
XRPUSDT,2024-01-22 01:00:00+00:00,0.5478,0.744,35.816,49.71,True,True,True
ETHUSDT,2024-01-22 06:00:00+00:00,2427.14,4093.92,68.673,49.75,True,True,True
BTCUSDT,2024-01-22 06:00:00+00:00,41138.47,73777.0,79.338,52.04,True,True,True
XRPUSDT,2024-01-22 09:00:00+00:00,0.5367,0.744,38.625,49.38,True,True,True
BTCUSDT,2024-01-22 11:00:00+00:00,40703.9,73777.0,81.253,51.83,True,True,True
XRPUSDT,2024-01-22 11:00:00+00:00,0.5295,0.744,40.51,49.29,True,True,True
SOLUSDT,2024-01-22 11:00:00+00:00,87.73,210.18,139.576,55.96,True,True,True
SOLUSDT,2024-01-22 16:00:00+00:00,87.29,210.18,140.784,55.75,True,True,True
SOLUSDT,2024-01-23 10:00:00+00:00,80.31,210.18,161.711,55.0,True,True,True
BTCUSDT,2024-01-23 10:00:00+00:00,38961.39,73777.0,89.359,50.88,True,True,True
XRPUSDT,2024-01-23 10:00:00+00:00,0.5072,0.744,46.688,48.33,True,True,True
SOLUSDT,2024-01-31 16:00:00+00:00,101.54,210.18,106.992,46.75,True,True,True
BNBUSDT,2024-01-31 16:00:00+00:00,304.7,645.2,111.749,44.33,True,True,True
BTCUSDT,2024-02-03 16:00:00+00:00,43119.06,73777.0,71.101,39.62,True,True,True
SOLUSDT,2024-02-03 16:00:00+00:00,98.0,210.18,114.469,43.75,True,True,True
SOLUSDT,2024-02-12 03:00:00+00:00,105.86,210.18,98.545,35.29,True,True,True
XRPUSDT,2024-02-12 03:00:00+00:00,0.5219,0.744,42.556,28.62,True,True,True
SOLUSDT,2024-02-12 16:00:00+00:00,108.87,210.18,93.056,34.75,True,True,True
XRPUSDT,2024-02-12 16:00:00+00:00,0.5278,0.744,40.962,28.08,True,True,True
ETHUSDT,2024-02-17 15:00:00+00:00,2739.99,4093.92,49.414,23.38,True,True,True
BNBUSDT,2024-02-19 01:00:00+00:00,352.1,645.2,83.243,25.96,True,True,True
SOLUSDT,2024-02-20 15:00:00+00:00,107.76,210.18,95.045,26.79,True,True,True
XRPUSDT,2024-02-23 17:00:00+00:00,0.5329,0.744,39.613,17.04,True,True,True
BNBUSDT,2024-02-25 12:00:00+00:00,384.0,645.2,68.021,19.5,True,True,True
BTCUSDT,2024-02-26 16:00:00+00:00,52842.33,73777.0,39.617,16.62,True,True,True
ETHUSDT,2024-02-26 16:00:00+00:00,3145.59,4093.92,30.148,14.33,True,True,True
ETHUSDT,2024-03-05 21:00:00+00:00,3387.81,4093.92,20.843,6.12,True,True,True
BNBUSDT,2024-03-05 21:00:00+00:00,379.1,645.2,70.193,10.12,True,True,True
XRPUSDT,2024-03-08 17:00:00+00:00,0.6171,0.744,20.564,3.04,True,True,True
XRPUSDT,2024-03-11 01:00:00+00:00,0.5978,0.744,24.456,0.71,True,True,True
ETHUSDT,2024-03-11 01:00:00+00:00,3827.59,4093.92,6.958,0.96,True,False,False
SOLUSDT,2024-03-11 01:00:00+00:00,140.28,210.18,49.829,7.38,True,True,True
BTCUSDT,2024-03-12 18:00:00+00:00,71092.55,73777.0,3.776,1.54,False,False,False
ETHUSDT,2024-03-12 18:00:00+00:00,3950.56,4083.0,3.352,0.58,False,False,False
ETHUSDT,2024-03-14 15:00:00+00:00,3887.21,3934.02,1.204,0.38,False,False,False
BTCUSDT,2024-03-14 17:00:00+00:00,71337.64,72797.99,2.047,24.79,False,False,False
BTCUSDT,2024-03-15 04:00:00+00:00,68224.01,72797.99,6.704,24.33,True,False,False
ETHUSDT,2024-03-15 04:00:00+00:00,3722.2,3806.62,2.268,0.62,False,False,False
XRPUSDT,2024-03-18 23:00:00+00:00,0.6331,0.6686,5.607,0.0,True,False,False
XRPUSDT,2024-03-27 14:00:00+00:00,0.6187,0.6455,4.332,2.0,False,False,False
BTCUSDT,2024-04-01 07:00:00+00:00,69614.96,72797.99,4.572,7.21,False,False,False
ETHUSDT,2024-04-01 07:00:00+00:00,3542.31,3977.0,12.271,56.33,True,True,True
XRPUSDT,2024-04-01 07:00:00+00:00,0.6132,0.6431,4.876,8.21,False,False,False
BNBUSDT,2024-04-01 07:00:00+00:00,586.9,634.5,8.11,10.92,True,True,False
XRPUSDT,2024-04-08 07:00:00+00:00,0.5968,0.6431,7.758,1.21,True,True,False
SOLUSDT,2024-04-08 08:00:00+00:00,180.15,188.89,4.852,42.67,False,False,False
BNBUSDT,2024-04-09 09:00:00+00:00,581.1,721.8,24.213,58.17,True,True,True
XRPUSDT,2024-04-09 13:00:00+00:00,0.6303,0.6335,0.508,0.0,False,False,False
BTCUSDT,2024-04-10 15:00:00+00:00,68703.04,71997.02,4.795,57.88,False,False,False
XRPUSDT,2024-04-12 20:00:00+00:00,0.5363,0.5715,6.563,10.0,True,False,False
ETHUSDT,2024-04-12 20:00:00+00:00,3206.17,3977.0,24.042,44.79,True,True,True
SOLUSDT,2024-04-13 19:00:00+00:00,143.55,188.89,31.585,37.21,True,True,True
XRPUSDT,2024-04-13 22:00:00+00:00,0.4609,0.5715,23.997,8.92,True,True,True
BTCUSDT,2024-04-13 22:00:00+00:00,62928.0,71997.02,14.412,54.58,True,True,True
ETHUSDT,2024-04-13 22:00:00+00:00,2950.61,3977.0,34.786,43.71,True,True,True
XRPUSDT,2024-04-17 15:00:00+00:00,0.4863,0.5715,17.52,5.21,True,True,True
BNBUSDT,2024-04-17 17:00:00+00:00,521.1,721.8,38.515,49.83,True,True,True
BTCUSDT,2024-04-17 17:00:00+00:00,60194.96,71997.02,19.606,50.79,True,True,True
ETHUSDT,2024-04-17 17:00:00+00:00,2951.21,3977.0,34.758,39.92,True,True,True
ETHUSDT,2024-04-19 03:00:00+00:00,2943.8,3977.0,35.097,38.5,True,True,True
XRPUSDT,2024-04-19 03:00:00+00:00,0.4782,0.5715,19.511,3.71,True,True,True
BTCUSDT,2024-04-23 15:00:00+00:00,66909.79,71997.02,7.603,44.88,True,True,False
ETHUSDT,2024-04-26 15:00:00+00:00,3125.9,3977.0,27.227,31.0,True,True,True
XRPUSDT,2024-04-29 07:00:00+00:00,0.5017,0.5703,13.674,7.42,True,True,True
BNBUSDT,2024-04-29 07:00:00+00:00,586.0,721.8,23.174,38.25,True,True,True
BTCUSDT,2024-04-29 14:00:00+00:00,62014.0,71997.02,16.098,38.92,True,True,True
ETHUSDT,2024-05-01 09:00:00+00:00,2862.59,3977.0,38.93,26.25,True,True,True
ETHUSDT,2024-05-01 19:00:00+00:00,2990.04,3977.0,33.008,25.83,True,True,True
BTCUSDT,2024-05-01 19:00:00+00:00,58913.98,71997.02,22.207,36.71,True,True,True
SOLUSDT,2024-05-05 06:00:00+00:00,144.48,188.89,30.738,15.75,True,True,True
ETHUSDT,2024-05-05 09:00:00+00:00,3155.79,3977.0,26.022,22.25,True,True,True
SOLUSDT,2024-05-08 07:00:00+00:00,147.62,188.89,27.957,12.71,True,True,True
XRPUSDT,2024-05-08 08:00:00+00:00,0.5209,0.5571,6.95,13.29,True,False,False
BNBUSDT,2024-05-10 17:00:00+00:00,586.6,721.8,23.048,26.83,True,True,True
ETHUSDT,2024-05-10 17:00:00+00:00,2921.71,3977.0,36.119,16.92,True,True,True
XRPUSDT,2024-05-13 02:00:00+00:00,0.4986,0.5571,11.733,8.54,True,True,True
XRPUSDT,2024-05-13 07:00:00+00:00,0.4979,0.5571,11.89,8.33,True,True,True
ETHUSDT,2024-05-13 08:00:00+00:00,2953.99,3977.0,34.631,14.29,True,True,True
SOLUSDT,2024-05-13 09:00:00+00:00,144.62,188.89,30.611,7.62,True,True,True
BTCUSDT,2024-05-14 13:00:00+00:00,61566.53,71997.02,16.942,23.96,True,True,True
ETHUSDT,2024-05-14 13:00:00+00:00,2894.6,3977.0,37.394,13.08,True,True,True
BTCUSDT,2024-05-14 15:00:00+00:00,61803.74,71997.02,16.493,23.88,True,True,True
ETHUSDT,2024-05-14 15:00:00+00:00,2894.29,3977.0,37.408,13.0,True,True,True
XRPUSDT,2024-05-15 08:00:00+00:00,0.4998,0.5661,13.265,59.46,True,True,True
XRPUSDT,2024-05-20 01:00:00+00:00,0.5103,0.6378,24.985,58.88,True,True,True
ETHUSDT,2024-05-22 15:00:00+00:00,3744.53,3977.0,6.208,5.0,True,False,False
XRPUSDT,2024-05-23 08:00:00+00:00,0.5291,0.6378,20.544,55.58,True,True,True
SOLUSDT,2024-05-23 21:00:00+00:00,172.2,185.17,7.532,59.08,True,True,False
BTCUSDT,2024-05-23 21:00:00+00:00,67802.89,71997.02,6.186,14.62,True,False,False
BNBUSDT,2024-05-23 21:00:00+00:00,594.6,721.8,21.393,13.67,True,True,True
BTCUSDT,2024-05-29 14:00:00+00:00,67879.99,71997.02,6.065,8.92,True,False,False
SOLUSDT,2024-05-30 08:00:00+00:00,164.99,193.98,17.571,59.88,True,True,True
XRPUSDT,2024-05-30 09:00:00+00:00,0.5177,0.6378,23.199,48.54,True,True,True
BNBUSDT,2024-05-30 09:00:00+00:00,591.7,721.8,21.987,7.17,True,True,True
BTCUSDT,2024-05-31 13:00:00+00:00,68643.59,71997.02,4.885,6.96,False,False,False
XRPUSDT,2024-06-02 19:00:00+00:00,0.5128,0.6586,28.432,58.29,True,True,True
XRPUSDT,2024-06-05 09:00:00+00:00,0.5292,0.6586,24.452,55.71,True,True,True
XRPUSDT,2024-06-06 08:00:00+00:00,0.5248,0.6586,25.495,54.75,True,True,True
SOLUSDT,2024-06-06 18:00:00+00:00,171.85,193.98,12.878,52.46,True,True,True
BNBUSDT,2024-06-09 03:00:00+00:00,674.3,684.8,1.557,0.42,False,False,False
BNBUSDT,2024-06-10 09:00:00+00:00,646.8,653.7,1.067,0.38,False,False,False
ETHUSDT,2024-06-10 16:00:00+00:00,3702.53,3705.68,0.085,0.0,False,False,False
SOLUSDT,2024-06-10 16:00:00+00:00,162.37,193.98,19.468,48.54,True,True,True
XRPUSDT,2024-06-11 16:00:00+00:00,0.4764,0.6586,38.245,49.42,True,True,True
SOLUSDT,2024-06-11 16:00:00+00:00,147.66,193.98,31.369,47.54,True,True,True
ETHUSDT,2024-06-13 16:00:00+00:00,3441.73,3653.79,6.161,3.25,True,False,False
ETHUSDT,2024-06-14 22:00:00+00:00,3504.21,3653.79,4.269,2.0,False,False,False
XRPUSDT,2024-06-17 03:00:00+00:00,0.4869,0.6586,35.264,43.96,True,True,True
ETHUSDT,2024-06-17 11:00:00+00:00,3519.19,3625.96,3.034,3.0,False,False,False
SOLUSDT,2024-06-17 17:00:00+00:00,143.3,193.98,35.366,41.5,True,True,True
BNBUSDT,2024-06-17 17:00:00+00:00,601.9,610.3,1.396,0.04,False,False,False
ETHUSDT,2024-06-17 17:00:00+00:00,3525.51,3625.96,2.849,2.75,False,False,False
BTCUSDT,2024-06-17 19:00:00+00:00,67101.48,70079.99,4.439,41.75,False,False,False
SOLUSDT,2024-06-18 03:00:00+00:00,134.75,193.98,43.955,41.08,True,True,True
ETHUSDT,2024-06-21 10:00:00+00:00,3514.49,3562.82,1.375,30.58,False,False,False
XRPUSDT,2024-06-21 10:00:00+00:00,0.487,0.6586,35.236,39.67,True,True,True
SOLUSDT,2024-06-23 21:00:00+00:00,130.55,193.98,48.587,35.33,True,True,True
XRPUSDT,2024-06-24 01:00:00+00:00,0.4789,0.6586,37.523,37.04,True,True,True
SOLUSDT,2024-06-24 02:00:00+00:00,127.69,193.98,51.915,35.12,True,True,True
BNBUSDT,2024-06-24 03:00:00+00:00,573.9,605.6,5.524,27.88,True,False,False
BNBUSDT,2024-06-24 06:00:00+00:00,565.7,605.6,7.053,27.75,True,True,False
XRPUSDT,2024-06-24 06:00:00+00:00,0.4701,0.6586,40.098,36.83,True,True,True
ETHUSDT,2024-06-24 06:00:00+00:00,3371.33,3562.82,5.68,27.75,True,False,False
XRPUSDT,2024-06-24 10:00:00+00:00,0.4749,0.6586,38.682,36.67,True,True,True
SOLUSDT,2024-06-24 10:00:00+00:00,126.15,193.98,53.769,34.79,True,True,True
BTCUSDT,2024-06-24 18:00:00+00:00,60244.89,70079.99,16.325,34.79,True,True,True
XRPUSDT,2024-06-26 11:00:00+00:00,0.4713,0.6586,39.741,34.62,True,True,True
ETHUSDT,2024-06-26 18:00:00+00:00,3372.06,3562.82,5.657,25.25,True,False,False
ETHUSDT,2024-06-26 20:00:00+00:00,3408.08,3562.82,4.54,25.17,False,False,False
SOLUSDT,2024-06-28 15:00:00+00:00,141.86,193.98,36.74,30.58,True,True,True
SOLUSDT,2024-06-30 03:00:00+00:00,138.93,193.98,39.624,29.08,True,True,True
BNBUSDT,2024-06-30 03:00:00+00:00,569.5,605.6,6.339,21.88,True,False,False
ETHUSDT,2024-06-30 08:00:00+00:00,3394.03,3562.82,4.973,21.67,False,False,False
BTCUSDT,2024-06-30 08:00:00+00:00,61528.01,70079.99,13.899,29.21,True,True,True
SOLUSDT,2024-06-30 08:00:00+00:00,140.65,193.98,37.917,28.88,True,True,True
BTCUSDT,2024-07-03 11:00:00+00:00,60384.0,70079.99,16.057,26.08,True,True,True
ETHUSDT,2024-07-04 03:00:00+00:00,3228.47,3562.82,10.356,17.88,True,True,True
BTCUSDT,2024-07-04 03:00:00+00:00,58972.13,70079.99,18.836,25.42,True,True,True
BNBUSDT,2024-07-04 03:00:00+00:00,538.8,605.6,12.398,17.88,True,True,True
BTCUSDT,2024-07-04 10:00:00+00:00,57748.01,70079.99,21.355,25.12,True,True,True
XRPUSDT,2024-07-04 11:00:00+00:00,0.4535,0.6586,45.226,26.62,True,True,True
ETHUSDT,2024-07-04 14:00:00+00:00,3126.4,3562.82,13.959,17.42,True,True,True
SOLUSDT,2024-07-04 14:00:00+00:00,133.21,193.98,45.62,24.62,True,True,True
SOLUSDT,2024-07-05 01:00:00+00:00,128.6,193.98,50.84,24.17,True,True,True
BNBUSDT,2024-07-05 01:00:00+00:00,515.0,605.6,17.592,16.96,True,True,True
ETHUSDT,2024-07-05 01:00:00+00:00,3105.33,3562.82,14.732,16.96,True,True,True
XRPUSDT,2024-07-05 04:00:00+00:00,0.3986,0.6586,65.228,25.92,True,True,True
SOLUSDT,2024-07-05 04:00:00+00:00,123.68,193.98,56.84,24.04,True,True,True
BNBUSDT,2024-07-05 05:00:00+00:00,470.3,605.6,28.769,16.79,True,True,True
ETHUSDT,2024-07-07 22:00:00+00:00,2959.71,3562.82,20.377,14.08,True,True,True
SOLUSDT,2024-07-08 02:00:00+00:00,129.72,193.98,49.537,21.12,True,True,True
BNBUSDT,2024-07-08 02:00:00+00:00,482.3,605.6,25.565,13.92,True,True,True
BNBUSDT,2024-07-08 05:00:00+00:00,504.3,605.6,20.087,13.79,True,True,True
XRPUSDT,2024-07-08 08:00:00+00:00,0.4228,0.6586,55.771,22.75,True,True,True
SOLUSDT,2024-07-08 09:00:00+00:00,140.54,193.98,38.025,20.83,True,True,True
BTCUSDT,2024-07-08 09:00:00+00:00,57791.99,70079.99,21.262,21.17,True,True,True
ETHUSDT,2024-07-08 09:00:00+00:00,3057.25,3562.82,16.537,13.62,True,True,True
BNBUSDT,2024-07-18 17:00:00+00:00,571.0,605.6,6.06,3.29,True,False,False
BNBUSDT,2024-07-29 18:00:00+00:00,576.7,616.0,6.815,56.04,True,False,False
BTCUSDT,2024-07-30 15:00:00+00:00,65810.01,66849.24,1.579,0.92,False,False,False
ETHUSDT,2024-08-02 16:00:00+00:00,3039.0,3048.59,0.316,0.0,False,False,False
BNBUSDT,2024-08-02 16:00:00+00:00,558.8,618.6,10.702,56.46,True,True,True
BTCUSDT,2024-08-02 16:00:00+00:00,63416.0,66498.0,4.86,55.92,False,False,False
XRPUSDT,2024-08-02 16:00:00+00:00,0.5617,0.6649,18.373,57.96,True,True,True
SOLUSDT,2024-08-02 16:00:00+00:00,156.76,163.7,4.427,6.29,False,False,False
SOLUSDT,2024-08-03 17:00:00+00:00,145.88,163.7,12.216,5.25,True,True,True
ETHUSDT,2024-08-03 19:00:00+00:00,2903.99,2935.46,1.084,0.29,False,False,False
XRPUSDT,2024-08-04 18:00:00+00:00,0.5245,0.6649,26.768,55.88,True,True,True
SOLUSDT,2024-08-04 18:00:00+00:00,135.01,163.7,21.25,4.21,True,True,True
ETHUSDT,2024-08-04 19:00:00+00:00,2729.77,2820.0,3.305,19.88,False,False,False
SOLUSDT,2024-08-05 02:00:00+00:00,131.08,163.7,24.886,3.88,True,True,True
BTCUSDT,2024-08-05 03:00:00+00:00,54697.98,66498.0,21.573,53.46,True,True,True
ETHUSDT,2024-08-05 03:00:00+00:00,2334.61,2820.0,20.791,19.54,True,True,True
SOLUSDT,2024-08-05 06:00:00+00:00,118.56,163.7,38.074,3.71,True,True,True
BTCUSDT,2024-08-05 06:00:00+00:00,52717.99,66498.0,26.139,53.33,True,True,True
ETHUSDT,2024-08-05 07:00:00+00:00,2268.2,2820.0,24.328,19.38,True,True,True
XRPUSDT,2024-08-05 07:00:00+00:00,0.456,0.6649,45.811,55.33,True,True,True
BNBUSDT,2024-08-05 07:00:00+00:00,422.8,618.6,46.31,53.83,True,True,True
XRPUSDT,2024-08-07 20:00:00+00:00,0.5334,0.6649,24.653,52.79,True,True,True
ETHUSDT,2024-08-09 15:00:00+00:00,2591.55,2820.0,8.815,15.04,True,True,False
BNBUSDT,2024-08-09 15:00:00+00:00,504.8,618.6,22.544,49.5,True,True,True
BTCUSDT,2024-08-12 08:00:00+00:00,58674.62,66498.0,13.333,46.25,True,True,True
BTCUSDT,2024-08-12 12:00:00+00:00,59851.71,66498.0,11.105,46.08,True,True,True
BTCUSDT,2024-08-14 16:00:00+00:00,59435.69,66498.0,11.882,43.92,True,True,True
ETHUSDT,2024-08-15 20:00:00+00:00,2549.59,2820.0,10.606,8.83,True,True,True
BTCUSDT,2024-08-19 02:00:00+00:00,58564.0,68424.0,16.836,58.38,True,True,True
BNBUSDT,2024-08-23 15:00:00+00:00,579.0,618.6,6.839,35.5,True,False,False
XRPUSDT,2024-08-26 11:00:00+00:00,0.5958,0.6649,11.598,34.17,True,True,True
BTCUSDT,2024-08-26 15:00:00+00:00,63500.6,69519.52,9.479,55.38,True,True,False
BNBUSDT,2024-08-26 22:00:00+00:00,548.4,618.6,12.801,32.21,True,True,True
XRPUSDT,2024-08-30 08:00:00+00:00,0.5644,0.6649,17.807,30.29,True,True,True
ETHUSDT,2024-08-30 17:00:00+00:00,2462.48,2769.48,12.467,51.29,True,True,True
SOLUSDT,2024-08-30 17:00:00+00:00,133.92,183.38,36.932,59.96,True,True,True
ETHUSDT,2024-08-30 19:00:00+00:00,2535.79,2769.48,9.216,51.21,True,True,False
SOLUSDT,2024-09-01 03:00:00+00:00,133.96,183.38,36.892,58.54,True,True,True
BNBUSDT,2024-09-01 15:00:00+00:00,516.8,618.6,19.698,26.5,True,True,True
ETHUSDT,2024-09-01 15:00:00+00:00,2455.63,2769.48,12.781,49.38,True,True,True
BTCUSDT,2024-09-01 15:00:00+00:00,57879.99,73620.12,27.194,58.17,True,True,True
XRPUSDT,2024-09-02 00:00:00+00:00,0.5471,0.6649,21.532,27.62,True,True,True
BNBUSDT,2024-09-02 08:00:00+00:00,503.1,618.6,22.958,25.79,True,True,True
BNBUSDT,2024-09-02 11:00:00+00:00,520.1,618.6,18.939,25.67,True,True,True
BTCUSDT,2024-09-04 15:00:00+00:00,57511.11,73620.12,28.01,55.17,True,True,True
BNBUSDT,2024-09-04 16:00:00+00:00,509.0,618.6,21.532,23.46,True,True,True
ETHUSDT,2024-09-05 15:00:00+00:00,2377.2,2769.48,16.502,45.38,True,True,True
BTCUSDT,2024-09-05 15:00:00+00:00,56558.0,73620.12,30.167,54.17,True,True,True
SOLUSDT,2024-09-06 20:00:00+00:00,125.14,183.38,46.54,52.83,True,True,True
ETHUSDT,2024-09-06 21:00:00+00:00,2169.96,2769.48,27.628,44.12,True,True,True
SOLUSDT,2024-09-09 17:00:00+00:00,132.66,205.0,54.53,59.75,True,True,True
ETHUSDT,2024-09-11 15:00:00+00:00,2309.72,3236.64,40.131,59.88,True,True,True
SOLUSDT,2024-09-13 16:00:00+00:00,136.58,225.21,64.892,59.71,True,True,True
SOLUSDT,2024-09-15 14:00:00+00:00,135.75,225.21,65.901,57.79,True,True,True
ETHUSDT,2024-09-15 18:00:00+00:00,2383.35,3442.5,44.44,57.62,True,True,True
XRPUSDT,2024-09-16 08:00:00+00:00,0.5721,0.8473,48.103,59.58,True,True,True
SOLUSDT,2024-09-18 16:00:00+00:00,127.66,242.33,89.825,59.67,True,True,True
XRPUSDT,2024-09-18 19:00:00+00:00,0.577,1.2698,120.069,58.83,True,True,True
SOLUSDT,2024-09-18 19:00:00+00:00,131.33,242.33,84.52,59.54,True,True,True
SOLUSDT,2024-09-22 23:00:00+00:00,145.47,259.8,78.594,59.83,True,True,True
ETHUSDT,2024-09-22 23:00:00+00:00,2589.93,3442.5,32.919,50.42,True,True,True
XRPUSDT,2024-09-22 23:00:00+00:00,0.5894,1.2698,115.439,54.67,True,True,True
XRPUSDT,2024-09-23 01:00:00+00:00,0.5872,1.2965,120.794,59.96,True,True,True
ETHUSDT,2024-09-23 01:00:00+00:00,2593.98,3442.5,32.711,50.33,True,True,True
BTCUSDT,2024-09-30 11:00:00+00:00,63645.98,99588.01,56.472,53.33,True,True,True
BTCUSDT,2024-10-01 16:00:00+00:00,62628.85,99588.01,59.013,52.12,True,True,True
XRPUSDT,2024-10-01 20:00:00+00:00,0.6106,1.95,219.358,59.46,True,True,True
XRPUSDT,2024-10-02 23:00:00+00:00,0.545,2.2,303.67,59.88,True,True,True
ETHUSDT,2024-10-03 09:00:00+00:00,2337.51,3760.0,60.855,59.75,True,True,True
BNBUSDT,2024-10-08 09:00:00+00:00,572.0,793.86,38.787,57.04,True,True,True
XRPUSDT,2024-10-13 15:00:00+00:00,0.5286,2.9092,450.359,50.88,True,True,True
BTCUSDT,2024-10-13 16:00:00+00:00,62229.32,104088.0,67.265,52.46,True,True,True
SOLUSDT,2024-10-15 14:00:00+00:00,158.55,264.39,66.755,37.54,True,True,True
ETHUSDT,2024-10-15 14:00:00+00:00,2671.19,4087.73,53.03,52.25,True,True,True
SOLUSDT,2024-10-20 15:00:00+00:00,160.8,264.39,64.422,32.5,True,True,True
XRPUSDT,2024-10-20 15:00:00+00:00,0.5445,2.9092,434.288,43.88,True,True,True
BTCUSDT,2024-10-23 16:00:00+00:00,66223.45,108353.0,63.617,54.92,True,True,True
ETHUSDT,2024-10-25 10:00:00+00:00,2539.24,4107.8,61.773,52.33,True,True,True
SOLUSDT,2024-10-25 15:00:00+00:00,175.62,264.39,50.547,27.5,True,True,True
BTCUSDT,2024-10-25 19:00:00+00:00,67026.62,108353.0,61.657,52.79,True,True,True
XRPUSDT,2024-10-25 19:00:00+00:00,0.5157,2.9092,464.126,38.71,True,True,True
SOLUSDT,2024-10-25 19:00:00+00:00,169.36,264.39,56.111,27.33,True,True,True
BNBUSDT,2024-10-25 19:00:00+00:00,585.3,793.86,35.633,39.62,True,True,True
SOLUSDT,2024-10-26 00:00:00+00:00,164.91,264.39,60.324,27.12,True,True,True
ETHUSDT,2024-10-27 14:00:00+00:00,2484.79,4107.8,65.318,50.17,True,True,True
BNBUSDT,2024-10-31 16:00:00+00:00,580.7,793.86,36.707,33.75,True,True,True
BNBUSDT,2024-11-03 03:00:00+00:00,560.3,793.86,41.685,31.29,True,True,True
XRPUSDT,2024-11-03 04:00:00+00:00,0.502,2.9092,479.522,30.33,True,True,True
ETHUSDT,2024-11-03 15:00:00+00:00,2425.13,4107.8,69.385,43.12,True,True,True
XRPUSDT,2024-11-03 15:00:00+00:00,0.4971,2.9092,485.234,29.88,True,True,True
BNBUSDT,2024-11-03 16:00:00+00:00,551.9,793.86,43.841,30.75,True,True,True
SOLUSDT,2024-11-03 16:00:00+00:00,159.99,264.39,65.254,18.46,True,True,True
BNBUSDT,2024-11-11 17:00:00+00:00,634.05,793.86,25.205,22.71,True,True,True
SOLUSDT,2024-11-13 14:00:00+00:00,212.43,264.39,24.46,8.54,True,True,True
ETHUSDT,2024-11-13 14:00:00+00:00,3215.28,4107.8,27.759,33.17,True,True,True
BNBUSDT,2024-11-13 15:00:00+00:00,637.39,793.86,24.549,20.79,True,True,True
BNBUSDT,2024-11-17 03:00:00+00:00,612.43,793.86,29.625,17.29,True,True,True
BNBUSDT,2024-11-17 05:00:00+00:00,629.9,793.86,26.03,17.21,True,True,True
SOLUSDT,2024-11-25 16:00:00+00:00,244.97,295.83,20.762,54.79,True,True,True
BTCUSDT,2024-11-25 16:00:00+00:00,96000.57,109588.0,14.153,55.58,True,True,True
SOLUSDT,2024-11-26 12:00:00+00:00,227.73,295.83,29.904,53.96,True,True,True
XRPUSDT,2024-11-26 12:00:00+00:00,1.3325,3.4,155.159,51.17,True,True,True
SOLUSDT,2024-12-02 05:00:00+00:00,229.38,295.83,28.969,48.25,True,True,True
BTCUSDT,2024-12-02 16:00:00+00:00,97048.01,109588.0,12.921,48.58,True,True,True
ETHUSDT,2024-12-03 15:00:00+00:00,3580.35,4107.8,14.732,13.12,True,True,True
SOLUSDT,2024-12-03 15:00:00+00:00,224.26,295.83,31.914,46.83,True,True,True
BTCUSDT,2024-12-03 15:00:00+00:00,95235.25,109588.0,15.071,47.62,True,True,True
SOLUSDT,2024-12-05 04:00:00+00:00,232.92,295.83,27.009,45.29,True,True,True
ETHUSDT,2024-12-09 08:00:00+00:00,3918.44,4107.8,4.833,7.42,False,False,False
BNBUSDT,2024-12-09 13:00:00+00:00,724.63,745.29,2.851,28.33,False,False,False
ETHUSDT,2024-12-09 16:00:00+00:00,3824.0,4107.8,7.422,7.08,True,True,False
SOLUSDT,2024-12-09 16:00:00+00:00,224.3,295.83,31.89,40.79,True,True,True
BTCUSDT,2024-12-09 16:00:00+00:00,97812.0,109588.0,12.039,41.58,True,True,True
SOLUSDT,2024-12-09 23:00:00+00:00,217.86,295.83,35.789,40.5,True,True,True
XRPUSDT,2024-12-09 23:00:00+00:00,2.216,3.4,53.43,37.71,True,True,True
ETHUSDT,2024-12-09 23:00:00+00:00,3714.18,4107.8,10.598,6.79,True,True,True
BNBUSDT,2024-12-09 23:00:00+00:00,682.1,745.29,9.264,27.92,True,True,False
BTCUSDT,2024-12-10 17:00:00+00:00,96319.76,109588.0,13.775,40.54,True,True,True
BNBUSDT,2024-12-13 10:00:00+00:00,708.43,745.29,5.203,24.46,True,False,False
XRPUSDT,2024-12-16 17:00:00+00:00,2.5164,3.4,35.114,30.96,True,True,True
ETHUSDT,2024-12-19 03:00:00+00:00,3648.88,3744.83,2.63,18.54,False,False,False
BNBUSDT,2024-12-19 03:00:00+00:00,689.8,745.29,8.044,18.75,True,True,False
SOLUSDT,2024-12-19 03:00:00+00:00,205.85,295.83,43.711,31.33,True,True,True
ETHUSDT,2024-12-19 19:00:00+00:00,3519.9,3744.83,6.39,17.88,True,False,False
BNBUSDT,2024-12-19 19:00:00+00:00,670.95,745.29,11.08,18.08,True,True,True
SOLUSDT,2024-12-20 09:00:00+00:00,181.69,295.83,62.821,30.08,True,True,True
BNBUSDT,2024-12-20 09:00:00+00:00,646.33,745.29,15.311,17.5,True,True,True
SOLUSDT,2024-12-20 11:00:00+00:00,182.75,295.83,61.877,30.0,True,True,True
XRPUSDT,2024-12-20 13:00:00+00:00,2.1552,3.4,57.758,27.12,True,True,True
BNBUSDT,2024-12-23 03:00:00+00:00,655.99,745.29,13.613,14.75,True,True,True
BNBUSDT,2024-12-26 14:00:00+00:00,692.41,745.29,7.637,11.29,True,True,False
ETHUSDT,2024-12-30 02:00:00+00:00,3421.01,3744.83,9.466,7.58,True,True,False
BNBUSDT,2025-01-03 11:00:00+00:00,701.01,745.29,6.317,3.42,True,False,False
ETHUSDT,2025-01-05 15:00:00+00:00,3623.12,3744.83,3.359,1.04,False,False,False
BTCUSDT,2025-01-05 15:00:00+00:00,97855.06,109588.0,11.99,14.62,True,True,True
BTCUSDT,2025-01-08 16:00:00+00:00,95493.77,109588.0,14.759,11.58,True,True,True
ETHUSDT,2025-01-09 15:00:00+00:00,3251.3,3525.72,8.44,8.25,True,True,False
SOLUSDT,2025-01-09 21:00:00+00:00,185.14,295.83,59.787,9.58,True,True,True
ETHUSDT,2025-01-09 21:00:00+00:00,3195.55,3525.72,10.332,8.0,True,True,True
SOLUSDT,2025-01-13 10:00:00+00:00,179.98,295.83,64.368,6.04,True,True,True
XRPUSDT,2025-01-13 13:00:00+00:00,2.3776,3.4,43.001,3.12,True,True,True
BTCUSDT,2025-01-13 13:00:00+00:00,90732.0,109588.0,20.782,6.71,True,True,True
BNBUSDT,2025-01-13 13:00:00+00:00,664.71,732.0,10.123,31.0,True,True,True
SOLUSDT,2025-01-13 13:00:00+00:00,175.21,295.83,68.843,5.92,True,True,True
XRPUSDT,2025-01-13 15:00:00+00:00,2.4312,3.4,39.849,3.04,True,True,True
BNBUSDT,2025-01-13 15:00:00+00:00,672.02,732.0,8.925,30.92,True,True,False
BNBUSDT,2025-01-15 14:00:00+00:00,699.82,732.0,4.598,28.96,False,False,False
ETHUSDT,2025-01-16 15:00:00+00:00,3277.14,3525.72,7.585,1.25,True,True,False
BNBUSDT,2025-01-19 15:00:00+00:00,698.55,732.0,4.788,24.92,False,False,False
ETHUSDT,2025-01-19 15:00:00+00:00,3381.15,3453.69,2.145,0.62,False,False,False
BTCUSDT,2025-01-23 15:00:00+00:00,105213.6,107120.0,1.812,1.12,False,False,False
BNBUSDT,2025-01-23 16:00:00+00:00,688.3,732.0,6.349,20.88,True,False,False
SOLUSDT,2025-01-23 16:00:00+00:00,249.4,270.18,8.332,0.92,True,True,False
SOLUSDT,2025-01-26 23:00:00+00:00,247.15,247.55,0.162,0.0,False,False,False
XRPUSDT,2025-01-27 03:00:00+00:00,2.9776,3.214,7.939,1.5,True,True,False
BTCUSDT,2025-01-27 05:00:00+00:00,100410.04,106457.44,6.023,3.42,True,False,False
XRPUSDT,2025-01-27 06:00:00+00:00,2.9355,3.214,9.487,1.38,True,True,False
BTCUSDT,2025-01-27 08:00:00+00:00,99048.01,106457.44,7.481,3.29,True,True,False
BNBUSDT,2025-01-29 20:00:00+00:00,668.29,732.0,9.533,14.71,True,True,False
BTCUSDT,2025-02-02 00:00:00+00:00,100635.66,102500.01,1.853,1.92,False,False,False
XRPUSDT,2025-02-02 00:00:00+00:00,2.8779,2.999,4.208,28.67,False,False,False
BTCUSDT,2025-02-02 18:00:00+00:00,97228.86,102500.01,5.421,1.17,True,False,False
BNBUSDT,2025-02-02 20:00:00+00:00,624.49,732.0,17.216,10.71,True,True,True
XRPUSDT,2025-02-02 20:00:00+00:00,2.6687,2.999,12.377,27.83,True,True,True
ETHUSDT,2025-02-02 20:00:00+00:00,2958.91,2987.68,0.972,0.0,False,False,False
BTCUSDT,2025-02-03 01:00:00+00:00,96511.33,102500.01,6.205,0.88,True,False,False
SOLUSDT,2025-02-03 03:00:00+00:00,187.95,219.97,17.036,0.96,True,True,True
XRPUSDT,2025-02-03 03:00:00+00:00,2.153,2.999,39.294,27.54,True,True,True
BTCUSDT,2025-02-03 03:00:00+00:00,93566.0,102500.01,9.548,0.79,True,True,False
ETHUSDT,2025-02-03 03:00:00+00:00,2486.66,2921.0,17.467,0.79,True,True,True
ETHUSDT,2025-02-09 23:00:00+00:00,2615.77,2857.34,9.235,14.0,True,True,False
XRPUSDT,2025-02-09 23:00:00+00:00,2.3717,2.999,26.449,20.71,True,True,True
BNBUSDT,2025-02-10 17:00:00+00:00,610.96,732.0,19.811,2.83,True,True,True
SOLUSDT,2025-02-12 15:00:00+00:00,193.48,205.34,6.13,2.12,True,False,False
ETHUSDT,2025-02-15 15:00:00+00:00,2688.69,2857.34,6.273,8.33,True,False,False
BNBUSDT,2025-02-16 11:00:00+00:00,667.68,686.04,2.75,0.17,False,False,False
SOLUSDT,2025-02-17 06:00:00+00:00,184.19,186.94,1.493,0.33,False,False,False
BTCUSDT,2025-02-17 15:00:00+00:00,96800.0,99475.0,2.763,3.92,False,False,False
SOLUSDT,2025-02-23 16:00:00+00:00,166.76,179.85,7.85,7.0,True,True,False
SOLUSDT,2025-02-24 02:00:00+00:00,163.63,179.85,9.913,6.58,True,True,False
BNBUSDT,2025-02-24 11:00:00+00:00,638.77,644.88,0.957,28.79,False,False,False
SOLUSDT,2025-02-24 16:00:00+00:00,152.67,179.85,17.803,6.0,True,True,True
BNBUSDT,2025-02-24 16:00:00+00:00,635.25,644.88,1.516,28.58,False,False,False
XRPUSDT,2025-02-24 16:00:00+00:00,2.431,2.999,23.365,6.0,True,True,True
BNBUSDT,2025-02-25 01:00:00+00:00,614.43,644.88,4.956,28.21,False,False,False
XRPUSDT,2025-02-25 01:00:00+00:00,2.3071,2.999,29.99,5.62,True,True,True
BTCUSDT,2025-02-25 01:00:00+00:00,91857.3,95758.04,4.247,59.54,False,False,False
SOLUSDT,2025-02-25 08:00:00+00:00,136.26,179.85,31.99,5.33,True,True,True
BNBUSDT,2025-02-25 08:00:00+00:00,599.41,644.88,7.586,27.92,True,True,False
XRPUSDT,2025-02-26 15:00:00+00:00,2.2594,2.999,32.734,4.04,True,True,True
ETHUSDT,2025-02-26 15:00:00+00:00,2435.89,2550.58,4.708,4.33,False,False,False
SOLUSDT,2025-02-26 15:00:00+00:00,138.35,179.85,29.996,4.04,True,True,True
BTCUSDT,2025-02-26 21:00:00+00:00,84384.34,95758.04,13.478,57.71,True,True,True
ETHUSDT,2025-02-26 21:00:00+00:00,2339.76,2550.58,9.01,4.08,True,True,False
ETHUSDT,2025-02-28 05:00:00+00:00,2136.7,2550.58,19.37,2.75,True,True,True
BNBUSDT,2025-02-28 05:00:00+00:00,575.45,644.88,12.065,25.04,True,True,True
BNBUSDT,2025-03-02 16:00:00+00:00,613.55,644.88,5.106,22.58,True,False,False
SOLUSDT,2025-03-02 16:00:00+00:00,157.47,179.85,14.212,0.0,True,True,True
ETHUSDT,2025-03-03 15:00:00+00:00,2274.82,2319.99,1.986,2.58,False,False,False
BTCUSDT,2025-03-03 16:00:00+00:00,90035.38,97895.68,8.73,59.92,True,True,False
BNBUSDT,2025-03-04 03:00:00+00:00,558.93,644.88,15.378,21.12,True,True,True
SOLUSDT,2025-03-04 15:00:00+00:00,136.65,157.0,14.892,51.88,True,True,True
BTCUSDT,2025-03-07 02:00:00+00:00,88263.84,97895.68,10.913,56.5,True,True,True
BNBUSDT,2025-03-09 14:00:00+00:00,569.27,644.88,13.282,15.67,True,True,True
ETHUSDT,2025-03-09 15:00:00+00:00,2117.49,2152.4,1.649,0.75,False,False,False
BNBUSDT,2025-03-09 17:00:00+00:00,560.2,644.88,15.116,15.54,True,True,True
XRPUSDT,2025-03-09 17:00:00+00:00,2.1354,2.59,21.289,9.83,True,True,True
BNBUSDT,2025-03-09 19:00:00+00:00,555.13,644.88,16.167,15.46,True,True,True
XRPUSDT,2025-03-09 19:00:00+00:00,2.1256,2.59,21.848,9.75,True,True,True
ETHUSDT,2025-03-10 20:00:00+00:00,1869.43,2490.77,33.237,59.5,True,True,True
BNBUSDT,2025-03-11 02:00:00+00:00,531.4,678.95,27.766,59.92,True,True,True
BTCUSDT,2025-03-16 13:00:00+00:00,82755.89,105819.45,27.869,56.75,True,True,True
XRPUSDT,2025-03-16 14:00:00+00:00,2.2753,2.6549,16.684,56.96,True,True,True
XRPUSDT,2025-03-16 17:00:00+00:00,2.3169,2.6549,14.588,56.83,True,True,True
ETHUSDT,2025-03-16 17:00:00+00:00,1906.38,2738.5,43.649,58.08,True,True,True
BTCUSDT,2025-03-16 17:00:00+00:00,83633.49,105819.45,26.528,56.58,True,True,True
SOLUSDT,2025-03-16 17:00:00+00:00,129.31,184.88,42.974,58.33,True,True,True
BNBUSDT,2025-03-19 14:00:00+00:00,609.18,693.0,13.759,53.88,True,True,True
BTCUSDT,2025-03-20 16:00:00+00:00,84691.27,107108.62,26.469,59.33,True,True,True
SOLUSDT,2025-03-21 17:00:00+00:00,126.69,184.88,45.931,53.33,True,True,True
SOLUSDT,2025-03-21 19:00:00+00:00,127.31,184.88,45.22,53.25,True,True,True
BTCUSDT,2025-03-28 16:00:00+00:00,84051.15,111980.0,33.228,55.04,True,True,True
ETHUSDT,2025-04-02 16:00:00+00:00,1901.21,2788.0,46.643,56.42,True,True,True
BNBUSDT,2025-04-02 16:00:00+00:00,604.62,697.73,15.4,54.92,True,True,True
ETHUSDT,2025-04-05 21:00:00+00:00,1790.61,2788.0,55.701,53.21,True,True,True
ETHUSDT,2025-04-06 15:00:00+00:00,1770.02,2788.0,57.512,52.46,True,True,True
SOLUSDT,2025-04-06 15:00:00+00:00,115.67,187.71,62.281,46.75,True,True,True
ETHUSDT,2025-04-06 17:00:00+00:00,1731.28,2788.0,61.037,52.38,True,True,True
BNBUSDT,2025-04-06 17:00:00+00:00,574.77,697.73,21.393,50.88,True,True,True
BTCUSDT,2025-04-06 17:00:00+00:00,81969.99,111980.0,36.611,46.0,True,True,True
XRPUSDT,2025-04-06 20:00:00+00:00,1.9953,2.6549,33.058,35.71,True,True,True
ETHUSDT,2025-04-06 20:00:00+00:00,1626.24,2788.0,71.438,52.25,True,True,True
BTCUSDT,2025-04-06 20:00:00+00:00,79614.34,111980.0,40.653,45.88,True,True,True
ETHUSDT,2025-04-07 00:00:00+00:00,1580.77,2788.0,76.37,52.08,True,True,True
BTCUSDT,2025-04-07 00:00:00+00:00,78430.0,111980.0,42.777,45.71,True,True,True
XRPUSDT,2025-04-07 00:00:00+00:00,1.9218,2.6549,38.147,35.54,True,True,True
XRPUSDT,2025-04-07 04:00:00+00:00,1.8235,2.6549,45.594,35.38,True,True,True
BNBUSDT,2025-04-07 09:00:00+00:00,540.65,697.73,29.054,50.21,True,True,True
ETHUSDT,2025-04-07 15:00:00+00:00,1569.64,2788.0,77.62,51.46,True,True,True
XRPUSDT,2025-04-07 15:00:00+00:00,1.8933,2.6549,40.226,34.92,True,True,True
SOLUSDT,2025-04-07 15:00:00+00:00,107.49,187.71,74.63,45.75,True,True,True
BNBUSDT,2025-04-10 13:00:00+00:00,577.18,697.73,20.886,47.04,True,True,True
ETHUSDT,2025-04-13 18:00:00+00:00,1636.77,2879.22,75.909,58.88,True,True,True
BNBUSDT,2025-04-18 09:00:00+00:00,589.45,697.73,18.37,39.21,True,True,True
ETHUSDT,2025-04-22 08:00:00+00:00,1619.2,2879.22,77.817,50.29,True,True,True
BNBUSDT,2025-04-23 16:00:00+00:00,606.62,697.73,15.019,33.92,True,True,True
SOLUSDT,2025-04-24 09:00:00+00:00,146.44,187.71,28.182,29.0,True,True,True
XRPUSDT,2025-04-24 14:00:00+00:00,2.1817,2.6549,21.69,17.96,True,True,True
XRPUSDT,2025-04-30 13:00:00+00:00,2.1937,2.6549,21.024,12.0,True,True,True
XRPUSDT,2025-04-30 15:00:00+00:00,2.1588,2.6549,22.98,11.92,True,True,True
BTCUSDT,2025-04-30 15:00:00+00:00,93705.04,111980.0,19.503,22.08,True,True,True
ETHUSDT,2025-04-30 15:00:00+00:00,1759.27,2879.22,63.66,42.0,True,True,True
SOLUSDT,2025-04-30 15:00:00+00:00,141.93,187.71,32.255,22.75,True,True,True
SOLUSDT,2025-05-04 12:00:00+00:00,145.46,187.71,29.046,18.88,True,True,True
BTCUSDT,2025-05-05 14:00:00+00:00,94226.38,111980.0,18.841,17.12,True,True,True
XRPUSDT,2025-05-07 19:00:00+00:00,2.1236,2.6549,25.019,4.75,True,True,True
BTCUSDT,2025-05-11 00:00:00+00:00,104809.53,111999.79,6.86,59.79,True,False,False
BTCUSDT,2025-05-14 14:00:00+00:00,103970.87,118869.98,14.33,57.79,True,True,True
XRPUSDT,2025-05-15 13:00:00+00:00,2.4631,3.0222,22.699,59.83,True,True,True
ETHUSDT,2025-05-18 21:00:00+00:00,2393.82,3480.19,45.382,59.54,True,True,True
BTCUSDT,2025-05-23 14:00:00+00:00,109634.99,123218.0,12.389,51.71,True,True,True
BTCUSDT,2025-05-24 11:00:00+00:00,109094.99,123218.0,12.946,50.83,True,True,True
BTCUSDT,2025-05-28 16:00:00+00:00,107107.31,123218.0,15.042,46.62,True,True,True
SOLUSDT,2025-05-28 16:00:00+00:00,169.71,206.3,21.56,55.29,True,True,True
XRPUSDT,2025-05-30 02:00:00+00:00,2.1932,3.6607,66.911,48.96,True,True,True
BTCUSDT,2025-06-01 15:00:00+00:00,104599.7,123218.0,17.8,42.67,True,True,True
BNBUSDT,2025-06-01 15:00:00+00:00,652.67,861.1,31.935,56.75,True,True,True
ETHUSDT,2025-06-01 17:00:00+00:00,2538.77,3941.0,55.233,56.5,True,True,True
ETHUSDT,2025-06-02 15:00:00+00:00,2531.4,3941.0,55.685,55.58,True,True,True
BTCUSDT,2025-06-04 15:00:00+00:00,105033.3,123218.0,17.313,39.67,True,True,True
SOLUSDT,2025-06-05 15:00:00+00:00,151.24,206.3,36.406,47.33,True,True,True
XRPUSDT,2025-06-05 22:00:00+00:00,2.1031,3.6607,74.062,42.12,True,True,True
BTCUSDT,2025-06-08 13:00:00+00:00,105721.5,123218.0,16.55,35.75,True,True,True
ETHUSDT,2025-06-09 11:00:00+00:00,2534.86,3969.06,56.579,59.67,True,True,True
SOLUSDT,2025-06-09 11:00:00+00:00,155.35,206.3,32.797,43.5,True,True,True
BTCUSDT,2025-06-13 02:00:00+00:00,103773.65,123218.0,18.737,31.21,True,True,True
BNBUSDT,2025-06-13 02:00:00+00:00,645.54,861.1,33.392,45.29,True,True,True
BNBUSDT,2025-06-14 16:00:00+00:00,645.42,861.1,33.417,43.71,True,True,True
SOLUSDT,2025-06-14 16:00:00+00:00,144.53,206.3,42.739,38.29,True,True,True
SOLUSDT,2025-06-17 01:00:00+00:00,152.01,209.86,38.057,58.12,True,True,True
SOLUSDT,2025-06-20 17:00:00+00:00,142.34,209.86,47.436,54.46,True,True,True
XRPUSDT,2025-06-20 18:00:00+00:00,2.1177,3.6607,72.862,27.29,True,True,True
BNBUSDT,2025-06-21 22:00:00+00:00,625.01,881.02,40.961,59.96,True,True,True
ETHUSDT,2025-06-22 00:00:00+00:00,2295.72,4788.0,108.562,53.25,True,True,True
BTCUSDT,2025-06-22 00:00:00+00:00,102120.02,124474.0,21.89,53.0,True,True,True
SOLUSDT,2025-06-22 00:00:00+00:00,135.43,209.86,54.958,53.17,True,True,True
ETHUSDT,2025-06-22 14:00:00+00:00,2199.93,4788.0,117.643,52.67,True,True,True
SOLUSDT,2025-06-22 15:00:00+00:00,129.89,209.86,61.567,52.54,True,True,True
ETHUSDT,2025-06-22 21:00:00+00:00,2187.6,4788.0,118.87,52.38,True,True,True
XRPUSDT,2025-06-23 18:00:00+00:00,2.0276,3.6607,80.543,24.29,True,True,True
XRPUSDT,2025-06-25 14:00:00+00:00,2.2238,3.6607,64.615,22.46,True,True,True
XRPUSDT,2025-06-26 13:00:00+00:00,2.1568,3.6607,69.728,21.5,True,True,True
ETHUSDT,2025-06-27 02:00:00+00:00,2426.17,4956.78,104.305,58.71,True,True,True
SOLUSDT,2025-06-30 16:00:00+00:00,157.83,218.0,38.123,59.5,True,True,True
BTCUSDT,2025-07-01 14:00:00+00:00,106807.43,124474.0,16.541,43.42,True,True,True
BTCUSDT,2025-07-04 17:00:00+00:00,107636.99,124474.0,15.642,40.29,True,True,True
ETHUSDT,2025-07-04 17:00:00+00:00,2487.51,4956.78,99.267,51.08,True,True,True
BTCUSDT,2025-07-08 03:00:00+00:00,107766.2,124474.0,15.504,36.88,True,True,True
SOLUSDT,2025-07-15 15:00:00+00:00,157.78,244.14,54.734,59.42,True,True,True
ETHUSDT,2025-07-23 15:00:00+00:00,3616.43,4956.78,37.063,32.17,True,True,True
XRPUSDT,2025-07-23 18:00:00+00:00,3.2404,3.3825,4.385,15.42,False,False,False
BNBUSDT,2025-08-01 09:00:00+00:00,766.02,1083.47,41.441,50.71,True,True,True
ETHUSDT,2025-08-05 15:00:00+00:00,3577.85,4956.78,38.541,19.17,True,True,True
BTCUSDT,2025-08-05 15:00:00+00:00,113037.12,124474.0,10.118,8.38,True,True,True
BTCUSDT,2025-08-07 11:00:00+00:00,116347.23,125708.42,8.046,58.71,True,True,False
BNBUSDT,2025-08-07 11:00:00+00:00,777.31,1223.9,57.453,59.79,True,True,True
BTCUSDT,2025-08-10 04:00:00+00:00,118500.0,126199.63,6.498,57.58,True,False,False
ETHUSDT,2025-08-11 14:00:00+00:00,4279.72,4956.78,15.82,13.21,True,True,True
XRPUSDT,2025-08-14 14:00:00+00:00,3.1125,3.1858,2.355,29.83,False,False,False
ETHUSDT,2025-08-14 14:00:00+00:00,4612.71,4956.78,7.459,10.21,True,True,False
ETHUSDT,2025-08-19 16:00:00+00:00,4192.14,4956.78,18.24,5.12,True,True,True
BTCUSDT,2025-08-19 16:00:00+00:00,113786.39,126199.63,10.909,48.08,True,True,True
BNBUSDT,2025-08-20 02:00:00+00:00,828.4,1375.11,65.996,54.25,True,True,True
XRPUSDT,2025-08-22 13:00:00+00:00,2.8078,3.1858,13.462,21.88,True,True,True
XRPUSDT,2025-08-24 19:00:00+00:00,3.1098,3.1858,2.444,19.62,False,False,False
BNBUSDT,2025-08-24 20:00:00+00:00,869.51,1375.11,58.148,49.5,True,True,True
XRPUSDT,2025-08-25 20:00:00+00:00,2.8769,3.1858,10.737,18.58,True,True,True
XRPUSDT,2025-08-29 07:00:00+00:00,2.9007,3.1858,9.829,15.12,True,True,False
BTCUSDT,2025-08-29 07:00:00+00:00,111279.45,126199.63,13.408,38.46,True,True,True
ETHUSDT,2025-08-29 13:00:00+00:00,4407.37,4769.36,8.213,14.58,True,True,False
BTCUSDT,2025-08-29 13:00:00+00:00,110728.01,126199.63,13.973,38.21,True,True,True
ETHUSDT,2025-08-29 15:00:00+00:00,4282.48,4769.36,11.369,14.5,True,True,True
ETHUSDT,2025-08-31 01:00:00+00:00,4467.38,4769.36,6.76,13.08,True,False,False
ETHUSDT,2025-09-01 08:00:00+00:00,4463.29,4769.36,6.857,11.79,True,False,False
XRPUSDT,2025-09-01 08:00:00+00:00,2.7943,3.1858,14.011,12.08,True,True,True
BTCUSDT,2025-09-01 08:00:00+00:00,109432.99,126199.63,15.321,35.42,True,True,True
BNBUSDT,2025-09-01 08:00:00+00:00,865.57,1375.11,58.868,42.0,True,True,True
ETHUSDT,2025-09-06 17:00:00+00:00,4289.97,4769.36,11.175,6.42,True,True,True
BTCUSDT,2025-09-14 15:00:00+00:00,115401.75,126199.63,9.357,22.12,True,True,False
BNBUSDT,2025-09-17 19:00:00+00:00,954.1,1375.11,44.126,25.54,True,True,True
XRPUSDT,2025-09-19 16:00:00+00:00,3.0103,3.0998,2.973,13.12,False,False,False
SOLUSDT,2025-09-22 02:00:00+00:00,233.18,237.79,1.977,14.62,False,False,False
BTCUSDT,2025-09-22 06:00:00+00:00,113691.18,126199.63,11.002,14.5,True,True,True
SOLUSDT,2025-09-22 07:00:00+00:00,224.44,237.79,5.948,14.42,True,False,False
BNBUSDT,2025-09-22 07:00:00+00:00,1023.97,1375.11,34.292,21.04,True,True,True
SOLUSDT,2025-09-24 05:00:00+00:00,208.04,237.79,14.3,12.5,True,True,True
BTCUSDT,2025-09-24 05:00:00+00:00,112161.94,126199.63,12.516,12.54,True,True,True
XRPUSDT,2025-09-24 05:00:00+00:00,2.8402,3.0998,9.14,8.58,True,True,False
ETHUSDT,2025-09-25 03:00:00+00:00,4102.22,4755.0,15.913,12.42,True,True,True
BNBUSDT,2025-09-25 17:00:00+00:00,980.92,1375.11,40.186,17.62,True,True,True
SOLUSDT,2025-09-29 14:00:00+00:00,208.87,237.79,13.846,7.12,True,True,True
SOLUSDT,2025-10-03 17:00:00+00:00,233.91,237.79,1.659,3.0,False,False,False
SOLUSDT,2025-10-04 16:00:00+00:00,224.87,237.79,5.746,2.04,True,False,False
ETHUSDT,2025-10-04 16:00:00+00:00,4455.08,4755.0,6.732,2.88,True,False,False
XRPUSDT,2025-10-04 16:00:00+00:00,2.9497,3.0716,4.133,0.67,False,False,False
XRPUSDT,2025-10-07 14:00:00+00:00,2.954,2.9566,0.088,0.0,False,False,False
BTCUSDT,2025-10-07 17:00:00+00:00,121684.17,124197.25,2.065,1.04,False,False,False
BTCUSDT,2025-10-09 13:00:00+00:00,123563.38,123658.38,0.077,0.0,False,False,False
XRPUSDT,2025-10-10 17:00:00+00:00,2.7295,2.7335,0.147,0.0,False,False,False
ETHUSDT,2025-10-10 17:00:00+00:00,4108.99,4380.0,6.596,0.17,True,False,False
SOLUSDT,2025-10-10 17:00:00+00:00,211.25,211.53,0.133,0.0,False,False,False
ETHUSDT,2025-10-10 22:00:00+00:00,3950.0,4292.0,8.658,2.96,True,True,False
XRPUSDT,2025-10-10 23:00:00+00:00,2.3527,2.6975,14.656,16.79,True,True,True
BNBUSDT,2025-10-10 23:00:00+00:00,1110.94,1375.11,23.779,2.38,True,True,True
BNBUSDT,2025-10-14 14:00:00+00:00,1180.05,1250.65,5.983,0.08,True,False,False
ETHUSDT,2025-10-14 14:00:00+00:00,3956.02,4253.72,7.525,12.62,True,True,False
SOLUSDT,2025-10-16 10:00:00+00:00,193.89,205.33,5.9,10.79,True,False,False
BNBUSDT,2025-10-16 17:00:00+00:00,1154.91,1182.6,2.398,10.79,False,False,False
BTCUSDT,2025-10-16 17:00:00+00:00,109232.43,116400.0,6.562,10.58,True,False,False
BNBUSDT,2025-10-19 10:00:00+00:00,1091.85,1182.6,8.312,8.08,True,True,False
SOLUSDT,2025-10-21 15:00:00+00:00,192.76,205.33,6.521,5.58,True,False,False
BTCUSDT,2025-10-21 15:00:00+00:00,112170.52,116400.0,3.771,5.67,False,False,False
ETHUSDT,2025-10-21 15:00:00+00:00,4021.24,4253.72,5.781,5.58,True,False,False
BNBUSDT,2025-10-21 15:00:00+00:00,1100.89,1182.6,7.422,5.88,True,True,False
XRPUSDT,2025-10-21 16:00:00+00:00,2.5223,2.6975,6.946,6.08,True,False,False
ETHUSDT,2025-10-22 15:00:00+00:00,3853.56,4253.72,10.384,4.58,True,True,True
BTCUSDT,2025-10-22 15:00:00+00:00,108947.49,116400.0,6.84,4.67,True,False,False
SOLUSDT,2025-10-22 15:00:00+00:00,185.5,205.33,10.69,4.58,True,True,True
BTCUSDT,2025-10-29 19:00:00+00:00,110806.38,111800.0,0.897,0.08,False,False,False
BNBUSDT,2025-10-30 21:00:00+00:00,1065.19,1104.93,3.731,0.46,False,False,False
BNBUSDT,2025-11-02 16:00:00+00:00,1080.41,1087.24,0.632,0.33,False,False,False
BNBUSDT,2025-11-03 05:00:00+00:00,1043.63,1049.4,0.553,0.0,False,False,False
XRPUSDT,2025-11-03 07:00:00+00:00,2.4083,2.5808,7.163,7.54,True,True,False
SOLUSDT,2025-11-03 09:00:00+00:00,175.67,176.95,0.729,0.21,False,False,False
ETHUSDT,2025-11-03 15:00:00+00:00,3734.63,3739.7,0.136,0.0,False,False,False
BNBUSDT,2025-11-03 16:00:00+00:00,980.28,1019.56,4.007,6.33,False,False,False
BTCUSDT,2025-11-03 17:00:00+00:00,106678.43,107783.2,1.036,0.0,False,False,False
SOLUSDT,2025-11-04 06:00:00+00:00,157.7,171.94,9.03,6.88,True,True,False
SOLUSDT,2025-11-04 21:00:00+00:00,153.41,171.94,12.079,6.25,True,True,True
BNBUSDT,2025-11-04 21:00:00+00:00,920.92,1019.56,10.711,5.12,True,True,True
XRPUSDT,2025-11-04 22:00:00+00:00,2.1561,2.5808,19.698,5.92,True,True,True
BNBUSDT,2025-11-06 16:00:00+00:00,933.71,1019.56,9.195,3.33,True,True,False
SOLUSDT,2025-11-06 16:00:00+00:00,155.92,171.94,10.274,4.46,True,True,True
ETHUSDT,2025-11-06 16:00:00+00:00,3300.0,3658.98,10.878,3.38,True,True,True
ETHUSDT,2025-11-07 15:00:00+00:00,3289.43,3658.98,11.234,2.42,True,True,True
BTCUSDT,2025-11-16 18:00:00+00:00,94357.66,97924.49,3.78,59.08,False,False,False
ETHUSDT,2025-11-16 18:00:00+00:00,3079.84,3447.44,11.936,24.08,True,True,True
BNBUSDT,2025-11-17 15:00:00+00:00,919.09,954.68,3.872,57.46,False,False,False
XRPUSDT,2025-11-19 15:00:00+00:00,2.1237,2.4172,13.82,47.46,True,True,True
ETHUSDT,2025-11-19 18:00:00+00:00,2922.84,3447.44,17.948,21.08,True,True,True
BNBUSDT,2025-11-19 18:00:00+00:00,884.61,959.52,8.468,58.88,True,True,False
XRPUSDT,2025-11-19 18:00:00+00:00,2.057,2.4172,17.511,47.33,True,True,True
XRPUSDT,2025-11-19 21:00:00+00:00,2.0504,2.4172,17.889,47.21,True,True,True
BTCUSDT,2025-11-21 08:00:00+00:00,84049.38,97924.49,16.508,54.5,True,True,True
ETHUSDT,2025-11-21 08:00:00+00:00,2720.17,3447.44,26.736,19.5,True,True,True
SOLUSDT,2025-11-21 08:00:00+00:00,127.55,148.74,16.613,53.58,True,True,True
XRPUSDT,2025-11-21 13:00:00+00:00,1.9089,2.4172,26.628,45.54,True,True,True
BNBUSDT,2025-11-21 13:00:00+00:00,818.55,959.52,17.222,57.08,True,True,True
BTCUSDT,2025-11-21 13:00:00+00:00,83285.34,97924.49,17.577,54.29,True,True,True
SOLUSDT,2025-11-26 15:00:00+00:00,136.31,148.74,9.119,48.29,True,True,False
SOLUSDT,2025-11-26 19:00:00+00:00,144.64,148.74,2.835,48.12,False,False,False
SOLUSDT,2025-11-28 10:00:00+00:00,141.69,148.74,4.976,46.5,False,False,False
BNBUSDT,2025-11-29 19:00:00+00:00,874.01,959.52,9.784,48.83,True,True,False
ETHUSDT,2025-12-01 10:00:00+00:00,2839.59,3447.44,21.406,9.42,True,True,True
ETHUSDT,2025-12-01 16:00:00+00:00,2745.73,3447.44,25.556,9.17,True,True,True
BTCUSDT,2025-12-01 16:00:00+00:00,84677.87,97924.49,15.644,44.17,True,True,True
SOLUSDT,2025-12-01 16:00:00+00:00,125.11,148.74,18.887,43.25,True,True,True
BNBUSDT,2025-12-05 16:00:00+00:00,888.86,959.52,7.95,42.96,True,True,False
XRPUSDT,2025-12-05 16:00:00+00:00,2.076,2.4172,16.435,31.42,True,True,True
BTCUSDT,2025-12-05 16:00:00+00:00,90459.34,97924.49,8.252,40.17,True,True,False
SOLUSDT,2025-12-07 16:00:00+00:00,132.03,148.74,12.656,37.25,True,True,True
BNBUSDT,2025-12-07 16:00:00+00:00,890.3,959.52,7.775,40.96,True,True,False
BTCUSDT,2025-12-07 16:00:00+00:00,89554.52,97924.49,9.346,38.17,True,True,False
ETHUSDT,2025-12-07 16:00:00+00:00,3027.0,3447.44,13.89,3.17,True,True,True
BNBUSDT,2025-12-07 18:00:00+00:00,899.31,959.52,6.695,40.88,True,False,False
SOLUSDT,2025-12-07 18:00:00+00:00,134.82,148.74,10.325,37.17,True,True,True
BTCUSDT,2025-12-07 18:00:00+00:00,90945.18,97924.49,7.674,38.08,True,True,False
BNBUSDT,2025-12-09 16:00:00+00:00,907.67,959.52,5.712,38.96,True,False,False
ETHUSDT,2025-12-14 18:00:00+00:00,3084.96,3402.89,10.306,30.92,True,True,True
XRPUSDT,2025-12-15 00:00:00+00:00,1.9784,2.4172,22.18,22.08,True,True,True
SOLUSDT,2025-12-15 00:00:00+00:00,129.39,148.74,14.955,29.92,True,True,True
SOLUSDT,2025-12-15 03:00:00+00:00,131.53,148.74,13.084,29.79,True,True,True
BNBUSDT,2025-12-17 15:00:00+00:00,869.26,959.52,10.384,31.0,True,True,True
XRPUSDT,2025-12-19 04:00:00+00:00,1.8402,2.4172,31.355,17.92,True,True,True
XRPUSDT,2025-12-21 15:00:00+00:00,1.9078,2.4172,26.701,15.46,True,True,True
SOLUSDT,2025-12-23 17:00:00+00:00,124.62,148.74,19.355,21.21,True,True,True
BNBUSDT,2025-12-25 16:00:00+00:00,842.52,959.52,13.887,22.96,True,True,True
ETHUSDT,2025-12-25 16:00:00+00:00,2961.14,3402.89,14.918,20.0,True,True,True
BNBUSDT,2025-12-26 01:00:00+00:00,830.29,959.52,15.564,22.58,True,True,True
BNBUSDT,2025-12-26 03:00:00+00:00,842.38,959.52,13.906,22.5,True,True,True
XRPUSDT,2025-12-26 03:00:00+00:00,1.8696,2.4172,29.29,10.96,True,True,True
XRPUSDT,2025-12-31 21:00:00+00:00,1.8302,2.4172,32.073,5.21,True,True,True
ETHUSDT,2026-01-07 15:00:00+00:00,3191.54,3402.89,6.622,7.04,True,False,False
BNBUSDT,2026-01-08 08:00:00+00:00,885.02,959.52,8.418,9.29,True,True,False
XRPUSDT,2026-01-08 15:00:00+00:00,2.0869,2.1924,5.055,5.46,True,False,False
BTCUSDT,2026-01-08 15:00:00+00:00,90024.0,97924.49,8.776,6.21,True,True,False
BTCUSDT,2026-01-09 16:00:00+00:00,91176.48,97924.49,7.401,5.17,True,True,False
XRPUSDT,2026-01-12 01:00:00+00:00,2.0554,2.1924,6.665,2.04,True,False,False
ETHUSDT,2026-01-20 09:00:00+00:00,3106.84,3115.0,0.263,0.12,False,False,False
BTCUSDT,2026-01-20 16:00:00+00:00,90684.95,91224.99,0.596,3.04,False,False,False
SOLUSDT,2026-01-23 16:00:00+00:00,127.9,130.2,1.798,0.04,False,False,False
BTCUSDT,2026-01-25 04:00:00+00:00,88960.36,90600.0,1.843,3.54,False,False,False
SOLUSDT,2026-01-25 21:00:00+00:00,118.33,128.34,8.459,2.58,True,True,False
BTCUSDT,2026-01-27 17:00:00+00:00,88641.43,90600.0,2.21,1.0,False,False,False
XRPUSDT,2026-01-27 17:00:00+00:00,1.9141,1.9427,1.494,0.75,False,False,False
SOLUSDT,2026-01-29 17:00:00+00:00,118.95,119.96,0.849,0.0,False,False,False
BTCUSDT,2026-01-29 17:00:00+00:00,85270.01,85638.3,0.432,0.0,False,False,False
ETHUSDT,2026-01-29 17:00:00+00:00,2835.03,2860.05,0.883,0.0,False,False,False
XRPUSDT,2026-01-29 17:00:00+00:00,1.8163,1.8432,1.481,0.0,False,False,False
SOLUSDT,2026-01-29 19:00:00+00:00,115.77,119.12,2.894,1.0,False,False,False
XRPUSDT,2026-01-31 19:00:00+00:00,1.585,1.6805,6.025,0.29,True,False,False
BNBUSDT,2026-02-02 00:00:00+00:00,758.54,783.57,3.3,1.29,False,False,False
XRPUSDT,2026-02-02 04:00:00+00:00,1.5809,1.6714,5.725,13.17,True,False,False
SOLUSDT,2026-02-02 07:00:00+00:00,100.72,106.12,5.361,0.33,True,False,False
XRPUSDT,2026-02-02 07:00:00+00:00,1.5806,1.6714,5.745,13.04,True,False,False
BTCUSDT,2026-02-03 17:00:00+00:00,76488.08,76971.52,0.632,0.42,False,False,False
ETHUSDT,2026-02-03 17:00:00+00:00,2240.6,2386.02,6.49,41.21,True,False,False
SOLUSDT,2026-02-03 20:00:00+00:00,99.01,102.07,3.091,0.0,False,False,False
ETHUSDT,2026-02-03 21:00:00+00:00,2299.46,2386.02,3.764,41.04,False,False,False
ETHUSDT,2026-02-04 17:00:00+00:00,2135.04,2386.02,11.755,40.21,True,True,True
BNBUSDT,2026-02-04 17:00:00+00:00,729.3,732.04,0.376,0.0,False,False,False
ETHUSDT,2026-02-04 19:00:00+00:00,2147.97,2386.02,11.083,40.12,True,True,True
XRPUSDT,2026-02-05 12:00:00+00:00,1.3653,1.6714,22.42,9.83,True,True,True
XRPUSDT,2026-02-05 16:00:00+00:00,1.2967,1.6714,28.896,9.67,True,True,True
XRPUSDT,2026-02-05 21:00:00+00:00,1.1905,1.6714,40.395,9.46,True,True,True
BNBUSDT,2026-02-06 01:00:00+00:00,614.52,687.82,11.928,38.12,True,True,True
BTCUSDT,2026-02-06 01:00:00+00:00,63509.4,76000.0,19.667,39.0,True,True,True
XRPUSDT,2026-02-06 01:00:00+00:00,1.2174,1.6714,37.293,9.29,True,True,True
ETHUSDT,2026-02-06 01:00:00+00:00,1870.63,2386.02,27.552,38.88,True,True,True
BNBUSDT,2026-02-07 17:00:00+00:00,643.29,687.82,6.922,36.46,True,False,False
XRPUSDT,2026-02-07 17:00:00+00:00,1.419,1.6714,17.787,7.62,True,True,True
SOLUSDT,2026-02-10 15:00:00+00:00,83.72,97.68,16.675,34.29,True,True,True
BTCUSDT,2026-02-10 15:00:00+00:00,68460.4,76000.0,11.013,34.42,True,True,True
XRPUSDT,2026-02-10 15:00:00+00:00,1.4027,1.6714,19.156,4.71,True,True,True
BNBUSDT,2026-02-11 09:00:00+00:00,595.88,687.82,15.429,32.79,True,True,True
BNBUSDT,2026-02-11 15:00:00+00:00,597.49,687.82,15.118,32.54,True,True,True
BTCUSDT,2026-02-11 16:00:00+00:00,66519.72,76000.0,14.252,33.38,True,True,True
BNBUSDT,2026-02-13 15:00:00+00:00,602.63,687.82,14.136,30.54,True,True,True
ETHUSDT,2026-02-15 03:00:00+00:00,2059.59,2415.5,17.281,58.46,True,True,True
BTCUSDT,2026-02-15 05:00:00+00:00,70184.0,76038.0,8.341,58.38,True,True,False
SOLUSDT,2026-02-17 16:00:00+00:00,83.8,97.68,16.563,27.25,True,True,True
BNBUSDT,2026-02-17 16:00:00+00:00,615.25,687.82,11.795,26.5,True,True,True
ETHUSDT,2026-02-17 16:00:00+00:00,1968.59,2464.91,25.212,59.0,True,True,True
BTCUSDT,2026-02-17 16:00:00+00:00,67392.06,78333.0,16.235,59.0,True,True,True
XRPUSDT,2026-02-17 17:00:00+00:00,1.477,1.607,8.802,27.38,True,True,False
XRPUSDT,2026-02-22 23:00:00+00:00,1.4011,1.607,14.696,22.12,True,True,True
BNBUSDT,2026-02-23 03:00:00+00:00,587.26,687.82,17.124,21.04,True,True,True
BNBUSDT,2026-02-23 06:00:00+00:00,593.75,687.82,15.843,20.92,True,True,True
XRPUSDT,2026-02-24 15:00:00+00:00,1.3359,1.607,20.293,20.46,True,True,True
SOLUSDT,2026-02-28 08:00:00+00:00,78.7,97.68,24.117,16.58,True,True,True
BNBUSDT,2026-02-28 08:00:00+00:00,597.49,687.82,15.118,15.83,True,True,True
XRPUSDT,2026-03-03 17:00:00+00:00,1.3689,1.607,17.394,13.38,True,True,True
SOLUSDT,2026-03-03 17:00:00+00:00,85.4,97.68,14.379,13.21,True,True,True
BTCUSDT,2026-03-07 19:00:00+00:00,67568.13,82850.0,22.617,59.67,True,True,True
BTCUSDT,2026-03-18 16:00:00+00:00,71467.82,82850.0,15.926,48.79,True,True,True
SOLUSDT,2026-03-19 14:00:00+00:00,88.52,98.41,11.173,53.25,True,True,True
XRPUSDT,2026-03-22 01:00:00+00:00,1.411,1.5496,9.823,53.75,True,True,False
BTCUSDT,2026-03-22 01:00:00+00:00,68954.7,82850.0,20.151,45.42,True,True,True
BNBUSDT,2026-03-22 01:00:00+00:00,630.37,689.98,9.456,54.38,True,True,False
ETHUSDT,2026-03-22 01:00:00+00:00,2087.68,2464.91,18.069,26.62,True,True,True
ETHUSDT,2026-03-22 22:00:00+00:00,2045.96,2464.91,20.477,25.75,True,True,True
SOLUSDT,2026-03-22 22:00:00+00:00,86.0,98.41,14.43,49.92,True,True,True
BTCUSDT,2026-03-26 16:00:00+00:00,69082.64,82850.0,19.929,40.79,True,True,True
XRPUSDT,2026-03-26 16:00:00+00:00,1.3605,1.5496,13.899,49.12,True,True,True
XRPUSDT,2026-03-27 16:00:00+00:00,1.336,1.5496,15.988,48.12,True,True,True
SOLUSDT,2026-03-29 23:00:00+00:00,80.94,98.41,21.584,42.88,True,True,True
XRPUSDT,2026-03-29 23:00:00+00:00,1.319,1.5496,17.483,45.83,True,True,True
ETHUSDT,2026-03-30 00:00:00+00:00,1984.65,2464.91,24.199,18.67,True,True,True
SOLUSDT,2026-03-30 01:00:00+00:00,81.89,98.41,20.173,42.79,True,True,True
BTCUSDT,2026-03-30 01:00:00+00:00,66280.24,82850.0,25.0,37.42,True,True,True
XRPUSDT,2026-03-30 01:00:00+00:00,1.3314,1.5496,16.389,45.75,True,True,True
SOLUSDT,2026-03-31 12:00:00+00:00,80.85,98.41,21.719,41.33,True,True,True
BTCUSDT,2026-04-02 15:00:00+00:00,66868.17,82850.0,23.901,33.83,True,True,True
XRPUSDT,2026-04-02 15:00:00+00:00,1.3,1.5496,19.2,42.17,True,True,True
XRPUSDT,2026-04-05 07:00:00+00:00,1.3016,1.5496,19.053,39.5,True,True,True
ETHUSDT,2026-04-05 16:00:00+00:00,2053.85,2464.91,20.014,12.0,True,True,True
BTCUSDT,2026-04-05 16:00:00+00:00,67306.65,82850.0,23.093,30.79,True,True,True
BNBUSDT,2026-04-05 16:00:00+00:00,593.13,745.74,25.73,55.46,True,True,True
SOLUSDT,2026-04-07 18:00:00+00:00,80.07,98.41,22.905,34.08,True,True,True
ETHUSDT,2026-04-09 16:00:00+00:00,2218.0,2464.91,11.132,8.0,True,True,True
ETHUSDT,2026-04-13 14:00:00+00:00,2215.46,2464.91,11.26,4.08,True,True,True
ETHUSDT,2026-04-16 15:00:00+00:00,2309.96,2464.91,6.708,1.04,True,False,False
SOLUSDT,2026-04-17 14:00:00+00:00,90.13,98.41,9.187,24.25,True,True,False
ETHUSDT,2026-04-20 08:00:00+00:00,2298.81,2423.75,5.435,2.25,True,False,False
SOLUSDT,2026-04-23 16:00:00+00:00,86.36,98.41,13.953,18.17,True,True,True
XRPUSDT,2026-04-23 17:00:00+00:00,1.4299,1.5496,8.371,21.08,True,True,False
ETHUSDT,2026-04-23 18:00:00+00:00,2310.42,2423.74,4.905,12.71,False,False,False
ETHUSDT,2026-04-25 17:00:00+00:00,2309.54,2423.74,4.945,10.75,False,False,False
SOLUSDT,2026-04-25 19:00:00+00:00,85.69,98.41,14.844,16.04,True,True,True
BTCUSDT,2026-04-28 08:00:00+00:00,76879.28,82850.0,7.766,8.12,True,True,False
XRPUSDT,2026-05-01 02:00:00+00:00,1.3714,1.5496,12.994,13.71,True,True,True
ETHUSDT,2026-05-07 15:00:00+00:00,2298.98,2382.53,3.634,3.33,False,False,False
BTCUSDT,2026-05-12 17:00:00+00:00,80000.01,82048.13,2.56,2.0,False,False,False
BTCUSDT,2026-05-13 17:00:00+00:00,79108.39,82048.13,3.716,1.0,False,False,False
BTCUSDT,2026-05-16 11:00:00+00:00,77959.99,78599.99,0.821,0.96,False,False,False
SOLUSDT,2026-05-18 01:00:00+00:00,85.35,88.0,3.105,3.67,False,False,False
BTCUSDT,2026-05-18 15:00:00+00:00,76393.66,78200.0,2.365,2.71,False,False,False
ETHUSDT,2026-05-21 16:00:00+00:00,2132.64,2153.75,0.99,0.04,False,False,False
XRPUSDT,2026-05-21 18:00:00+00:00,1.3812,1.3826,0.101,0.0,False,False,False
BTCUSDT,2026-05-21 18:00:00+00:00,77869.38,78080.0,0.27,4.83,False,False,False
XRPUSDT,2026-05-23 09:00:00+00:00,1.3107,1.3762,4.997,0.5,False,False,False
ETHUSDT,2026-05-26 11:00:00+00:00,2127.57,2140.49,0.607,0.12,False,False,False
SOLUSDT,2026-05-26 11:00:00+00:00,85.57,86.13,0.654,0.12,False,False,False
SOLUSDT,2026-05-29 16:00:00+00:00,82.58,83.98,1.695,35.5,False,False,False
BNBUSDT,2026-06-01 10:00:00+00:00,711.01,714.53,0.495,0.0,False,False,False
BNBUSDT,2026-06-02 15:00:00+00:00,673.36,673.51,0.022,0.0,False,False,False
SOLUSDT,2026-06-02 20:00:00+00:00,75.53,83.98,11.188,31.33,True,True,True
SOLUSDT,2026-06-04 03:00:00+00:00,70.07,83.98,19.852,30.04,True,True,True
XRPUSDT,2026-06-04 03:00:00+00:00,1.1816,1.2935,9.47,11.54,True,True,False
BTCUSDT,2026-06-04 03:00:00+00:00,63232.0,67292.15,6.421,11.5,True,False,False
BNBUSDT,2026-06-04 03:00:00+00:00,608.05,632.9,4.087,11.42,False,False,False
ETHUSDT,2026-06-04 03:00:00+00:00,1766.83,1981.24,12.135,53.12,True,True,True
BNBUSDT,2026-06-04 06:00:00+00:00,604.24,632.9,4.743,11.29,False,False,False
XRPUSDT,2026-06-05 07:00:00+00:00,1.1188,1.2935,15.615,10.38,True,True,True
BTCUSDT,2026-06-05 07:00:00+00:00,61946.57,67292.15,8.629,10.33,True,True,False
SOLUSDT,2026-06-05 07:00:00+00:00,65.05,83.98,29.101,28.88,True,True,True
ETHUSDT,2026-06-05 08:00:00+00:00,1679.22,1981.24,17.986,51.92,True,True,True
BTCUSDT,2026-06-05 15:00:00+00:00,60868.98,67292.15,10.552,10.0,True,True,True
BNBUSDT,2026-06-07 02:00:00+00:00,579.73,632.9,9.172,8.46,True,True,False
XRPUSDT,2026-06-09 15:00:00+00:00,1.1373,1.2935,13.734,6.04,True,True,True
BNBUSDT,2026-06-09 15:00:00+00:00,588.8,632.9,7.49,5.92,True,True,False
ETHUSDT,2026-06-09 15:00:00+00:00,1645.9,1981.24,20.374,47.62,True,True,True
SOLUSDT,2026-06-10 13:00:00+00:00,64.12,83.98,30.973,23.62,True,True,True
SOLUSDT,2026-06-14 22:00:00+00:00,70.16,83.98,19.698,19.25,True,True,True
BTCUSDT,2026-06-14 22:00:00+00:00,65311.59,67292.15,3.032,0.71,False,False,False
ETHUSDT,2026-06-14 22:00:00+00:00,1718.68,1981.24,15.277,42.33,True,True,True
BNBUSDT,2026-06-14 22:00:00+00:00,614.59,632.9,2.979,0.62,False,False,False
XRPUSDT,2026-06-14 22:00:00+00:00,1.1682,1.2935,10.726,0.75,True,True,True
BNBUSDT,2026-06-17 14:00:00+00:00,608.59,620.55,1.965,55.46,False,False,False
BTCUSDT,2026-06-21 22:00:00+00:00,63808.0,73110.7,14.579,59.92,True,True,True
ETHUSDT,2026-06-22 02:00:00+00:00,1743.83,2380.82,36.528,59.96,True,True,True
XRPUSDT,2026-06-22 02:00:00+00:00,1.1454,1.3441,17.348,59.62,True,True,True
BNBUSDT,2026-06-22 02:00:00+00:00,594.52,666.64,12.131,59.96,True,True,True
BTCUSDT,2026-06-22 02:00:00+00:00,64606.0,75785.82,17.305,59.96,True,True,True
XRPUSDT,2026-06-24 17:00:00+00:00,1.0569,1.6999,60.838,58.5,True,True,True
SOLUSDT,2026-06-25 15:00:00+00:00,66.37,102.74,54.799,57.54,True,True,True
BNBUSDT,2026-06-25 15:00:00+00:00,553.16,726.08,31.26,57.58,True,True,True
ETHUSDT,2026-06-25 15:00:00+00:00,1568.37,2546.78,62.384,57.29,True,True,True
XRPUSDT,2026-06-25 15:00:00+00:00,1.0335,1.6999,64.48,57.58,True,True,True
BTCUSDT,2026-06-25 15:00:00+00:00,59471.49,79841.12,34.251,59.96,True,True,True
BNBUSDT,2026-06-28 20:00:00+00:00,548.44,726.08,32.39,54.38,True,True,True
XRPUSDT,2026-06-29 01:00:00+00:00,1.0476,1.6999,62.266,54.17,True,True,True
BTCUSDT,2026-06-29 03:00:00+00:00,59757.47,81478.87,36.349,59.92,True,True,True
BTCUSDT,2026-06-30 14:00:00+00:00,58737.17,81478.87,38.718,58.46,True,True,True
SOLUSDT,2026-06-30 14:00:00+00:00,72.87,110.6,51.777,58.33,True,True,True
BTCUSDT,2026-07-01 02:00:00+00:00,58770.58,81478.87,38.639,57.96,True,True,True
ETHUSDT,2026-07-05 07:00:00+00:00,1764.69,2566.53,45.438,53.08,True,True,True
ETHUSDT,2026-07-05 09:00:00+00:00,1767.72,2566.53,45.189,53.0,True,True,True
SOLUSDT,2026-07-06 14:00:00+00:00,80.17,110.6,37.957,52.33,True,True,True
XRPUSDT,2026-07-06 14:00:00+00:00,1.116,1.6999,52.321,46.62,True,True,True
ETHUSDT,2026-07-06 14:00:00+00:00,1744.89,2566.53,47.088,51.79,True,True,True
BTCUSDT,2026-07-06 14:00:00+00:00,61768.2,82300.0,33.24,59.29,True,True,True
ETHUSDT,2026-07-06 16:00:00+00:00,1788.57,2566.53,43.496,51.71,True,True,True
BTCUSDT,2026-07-06 16:00:00+00:00,63545.98,82300.0,29.513,59.21,True,True,True
SOLUSDT,2026-07-06 17:00:00+00:00,82.1,110.6,34.714,52.21,True,True,True
BTCUSDT,2026-07-07 15:00:00+00:00,63562.05,82300.0,29.48,58.25,True,True,True
ETHUSDT,2026-07-08 09:00:00+00:00,1735.32,2566.53,47.9,50.0,True,True,True
BNBUSDT,2026-07-12 13:00:00+00:00,582.3,780.64,34.061,55.17,True,True,True
XRPUSDT,2026-07-13 01:00:00+00:00,1.093,1.6999,55.526,40.17,True,True,True
BTCUSDT,2026-07-13 08:00:00+00:00,62985.53,82300.0,30.665,52.54,True,True,True
BTCUSDT,2026-07-16 09:00:00+00:00,64126.86,82300.0,28.339,49.5,True,True,True
BNBUSDT,2026-07-17 11:00:00+00:00,564.18,780.64,38.367,50.25,True,True,True
ETHUSDT,2026-07-17 14:00:00+00:00,1825.5,2665.99,46.042,56.0,True,True,True
SOLUSDT,2026-07-17 14:00:00+00:00,74.34,110.6,48.776,41.33,True,True,True
BNBUSDT,2026-07-19 09:00:00+00:00,568.65,780.64,37.28,48.33,True,True,True
BTCUSDT,2026-07-19 23:00:00+00:00,64674.66,82300.0,27.252,45.92,True,True,True
ETHUSDT,2026-07-23 16:00:00+00:00,1895.23,2765.43,45.915,59.96,True,True,True
BNBUSDT,2026-07-24 15:00:00+00:00,560.66,807.49,44.025,59.0,True,True,True
BTCUSDT,2026-07-24 15:00:00+00:00,64055.11,87395.67,36.438,59.21,True,True,True
BTCUSDT,2026-07-25 10:00:00+00:00,64000.0,87395.67,36.556,58.42,True,True,True
BTCUSDT,2026-07-28 14:00:00+00:00,63104.0,87395.67,38.495,55.25,True,True,True
BNBUSDT,2026-07-28 14:00:00+00:00,565.5,807.49,42.792,55.04,True,True,True
ETHUSDT,2026-08-02 03:00:00+00:00,1876.9,2807.34,49.573,50.71,True,True,True
BNBUSDT,2026-08-03 08:00:00+00:00,583.74,807.49,38.33,49.29,True,True,True
XRPUSDT,2026-08-03 15:00:00+00:00,1.0829,1.6999,56.977,18.58,True,True,True
BTCUSDT,2026-08-03 15:00:00+00:00,63967.19,87395.67,36.626,49.21,True,True,True
SOLUSDT,2026-08-03 15:00:00+00:00,73.79,122.33,65.781,52.83,True,True,True
ETHUSDT,2026-08-03 15:00:00+00:00,1873.79,2807.34,49.821,49.21,True,True,True
XRPUSDT,2026-08-05 14:00:00+00:00,1.0618,1.6999,60.096,16.62,True,True,True
ETHUSDT,2026-08-07 10:00:00+00:00,1913.04,2807.34,46.748,45.42,True,True,True
SOLUSDT,2026-08-07 10:00:00+00:00,73.62,122.33,66.164,49.04,True,True,True
XRPUSDT,2026-08-09 08:00:00+00:00,1.0371,1.6999,63.909,12.88,True,True,True
XRPUSDT,2026-08-11 16:00:00+00:00,1.0039,1.6999,69.33,10.54,True,True,True
XRPUSDT,2026-08-17 01:00:00+00:00,0.9935,1.6999,71.102,5.17,True,True,True
ETHUSDT,2026-08-18 15:00:00+00:00,1911.03,2807.34,46.902,34.21,True,True,True
SOLUSDT,2026-08-28 15:00:00+00:00,106.31,122.33,15.069,27.83,True,True,True
XRPUSDT,2026-08-28 15:00:00+00:00,1.4314,1.6581,15.838,25.54,True,True,True
SOLUSDT,2026-08-28 17:00:00+00:00,105.16,122.33,16.328,27.75,True,True,True
BNBUSDT,2026-08-28 17:00:00+00:00,693.26,807.49,16.477,23.92,True,True,True
BTCUSDT,2026-08-28 17:00:00+00:00,77788.45,87395.67,12.35,24.12,True,True,True
BNBUSDT,2026-09-02 01:00:00+00:00,683.97,807.49,18.059,19.58,True,True,True
BNBUSDT,2026-09-10 13:00:00+00:00,705.67,807.49,14.429,11.08,True,True,True
XRPUSDT,2026-09-10 13:00:00+00:00,1.3585,1.6581,22.054,12.62,True,True,True
ETHUSDT,2026-09-10 14:00:00+00:00,2435.42,2807.34,15.271,11.25,True,True,True
XRPUSDT,2026-09-11 13:00:00+00:00,1.3668,1.6581,21.313,11.62,True,True,True
ETHUSDT,2026-09-15 14:00:00+00:00,2454.05,2807.34,14.396,6.25,True,True,True
XRPUSDT,2026-09-15 14:00:00+00:00,1.4149,1.6581,17.188,7.58,True,True,True
BTCUSDT,2026-09-15 14:00:00+00:00,76618.77,87395.67,14.066,6.25,True,True,True
ETHUSDT,2026-09-15 19:00:00+00:00,2403.14,2807.34,16.82,6.04,True,True,True
SOLUSDT,2026-09-15 19:00:00+00:00,98.19,122.33,24.585,9.67,True,True,True
BTCUSDT,2026-09-15 19:00:00+00:00,76000.0,87395.67,14.994,6.04,True,True,True
XRPUSDT,2026-09-16 19:00:00+00:00,1.2788,1.6581,29.661,6.38,True,True,True
SOLUSDT,2026-09-20 17:00:00+00:00,110.33,122.33,10.876,4.75,True,True,True
ETHUSDT,2026-09-24 15:00:00+00:00,2657.86,2743.0,3.203,0.83,False,False,False
